Date,Actual,Predicted,MAE,MSE,RMSE,MAPE,R2
2023-12-07,43292.6640625,44439.242,1704.98193294702,5088749.967012681,2255.825783834532,2.119554022078076,0.9904453012432782
2023-12-08,44166.6015625,44210.227,1704.98193294702,5088749.967012681,2255.825783834532,2.119554022078076,0.9904453012432782
2023-12-09,43725.984375,44075.258,1704.98193294702,5088749.967012681,2255.825783834532,2.119554022078076,0.9904453012432782
2023-12-10,43779.69921875,44639.21,1704.98193294702,5088749.967012681,2255.825783834532,2.119554022078076,0.9904453012432782
2023-12-11,41243.83203125,44730.19,1704.98193294702,5088749.967012681,2255.825783834532,2.119554022078076,0.9904453012432782
2023-12-12,41450.22265625,42929.094,1704.98193294702,5088749.967012681,2255.825783834532,2.119554022078076,0.9904453012432782
2023-12-13,42890.7421875,42365.875,1704.98193294702,5088749.967012681,2255.825783834532,2.119554022078076,0.9904453012432782
2023-12-14,43023.97265625,42512.21,1704.98193294702,5088749.967012681,2255.825783834532,2.119554022078076,0.9904453012432782
2023-12-15,41929.7578125,43460.53,1704.98193294702,5088749.967012681,2255.825783834532,2.119554022078076,0.9904453012432782
2023-12-16,42240.1171875,43020.24,1704.98193294702,5088749.967012681,2255.825783834532,2.119554022078076,0.9904453012432782
2023-12-17,41364.6640625,42617.62,1704.98193294702,5088749.967012681,2255.825783834532,2.119554022078076,0.9904453012432782
2023-12-18,42623.5390625,42166.094,1704.98193294702,5088749.967012681,2255.825783834532,2.119554022078076,0.9904453012432782
2023-12-19,42270.52734375,43267.348,1704.98193294702,5088749.967012681,2255.825783834532,2.119554022078076,0.9904453012432782
2023-12-20,43652.25,42827.473,1704.98193294702,5088749.967012681,2255.825783834532,2.119554022078076,0.9904453012432782
2023-12-21,43869.15234375,43061.26,1704.98193294702,5088749.967012681,2255.825783834532,2.119554022078076,0.9904453012432782
2023-12-22,43997.90234375,44068.707,1704.98193294702,5088749.967012681,2255.825783834532,2.119554022078076,0.9904453012432782
2023-12-23,43739.54296875,44585.168,1704.98193294702,5088749.967012681,2255.825783834532,2.119554022078076,0.9904453012432782
2023-12-24,43016.1171875,44460.477,1704.98193294702,5088749.967012681,2255.825783834532,2.119554022078076,0.9904453012432782
2023-12-25,43613.140625,43876.973,1704.98193294702,5088749.967012681,2255.825783834532,2.119554022078076,0.9904453012432782
2023-12-26,42520.40234375,43335.24,1704.98193294702,5088749.967012681,2255.825783834532,2.119554022078076,0.9904453012432782
2023-12-27,43442.85546875,43664.457,1704.98193294702,5088749.967012681,2255.825783834532,2.119554022078076,0.9904453012432782
2023-12-28,42627.85546875,44151.55,1704.98193294702,5088749.967012681,2255.825783834532,2.119554022078076,0.9904453012432782
2023-12-29,42099.40234375,43328.85,1704.98193294702,5088749.967012681,2255.825783834532,2.119554022078076,0.9904453012432782
2023-12-30,42156.90234375,42978.797,1704.98193294702,5088749.967012681,2255.825783834532,2.119554022078076,0.9904453012432782
2023-12-31,42265.1875,42929.844,1704.98193294702,5088749.967012681,2255.825783834532,2.119554022078076,0.9904453012432782
2024-01-01,44167.33203125,43231.12,1704.98193294702,5088749.967012681,2255.825783834532,2.119554022078076,0.9904453012432782
2024-01-02,44957.96875,44005.98,1704.98193294702,5088749.967012681,2255.825783834532,2.119554022078076,0.9904453012432782
2024-01-03,42848.17578125,44619.08,1704.98193294702,5088749.967012681,2255.825783834532,2.119554022078076,0.9904453012432782
2024-01-04,44179.921875,44289.703,1704.98193294702,5088749.967012681,2255.825783834532,2.119554022078076,0.9904453012432782
2024-01-05,44162.69140625,44642.41,1704.98193294702,5088749.967012681,2255.825783834532,2.119554022078076,0.9904453012432782
2024-01-06,43989.1953125,44345.94,1704.98193294702,5088749.967012681,2255.825783834532,2.119554022078076,0.9904453012432782
2024-01-07,43943.09765625,44424.65,1704.98193294702,5088749.967012681,2255.825783834532,2.119554022078076,0.9904453012432782
2024-01-08,46970.50390625,44599.82,1704.98193294702,5088749.967012681,2255.825783834532,2.119554022078076,0.9904453012432782
2024-01-09,46139.73046875,46154.19,1704.98193294702,5088749.967012681,2255.825783834532,2.119554022078076,0.9904453012432782
2024-01-10,46627.77734375,46602.465,1704.98193294702,5088749.967012681,2255.825783834532,2.119554022078076,0.9904453012432782
2024-01-11,46368.5859375,46952.92,1704.98193294702,5088749.967012681,2255.825783834532,2.119554022078076,0.9904453012432782
2024-01-12,42853.16796875,46577.688,1704.98193294702,5088749.967012681,2255.825783834532,2.119554022078076,0.9904453012432782
2024-01-13,42842.3828125,45376.215,1704.98193294702,5088749.967012681,2255.825783834532,2.119554022078076,0.9904453012432782
2024-01-14,41796.26953125,44084.844,1704.98193294702,5088749.967012681,2255.825783834532,2.119554022078076,0.9904453012432782
2024-01-15,42511.96875,42953.254,1704.98193294702,5088749.967012681,2255.825783834532,2.119554022078076,0.9904453012432782
2024-01-16,43154.9453125,42995.273,1704.98193294702,5088749.967012681,2255.825783834532,2.119554022078076,0.9904453012432782
2024-01-17,42742.65234375,43349.234,1704.98193294702,5088749.967012681,2255.825783834532,2.119554022078076,0.9904453012432782
2024-01-18,41262.05859375,43270.273,1704.98193294702,5088749.967012681,2255.825783834532,2.119554022078076,0.9904453012432782
2024-01-19,41618.40625,42842.93,1704.98193294702,5088749.967012681,2255.825783834532,2.119554022078076,0.9904453012432782
2024-01-20,41665.5859375,42340.727,1704.98193294702,5088749.967012681,2255.825783834532,2.119554022078076,0.9904453012432782
2024-01-21,41545.78515625,41683.434,1704.98193294702,5088749.967012681,2255.825783834532,2.119554022078076,0.9904453012432782
2024-01-22,39507.3671875,42588.188,1704.98193294702,5088749.967012681,2255.825783834532,2.119554022078076,0.9904453012432782
2024-01-23,39845.55078125,40503.766,1704.98193294702,5088749.967012681,2255.825783834532,2.119554022078076,0.9904453012432782
2024-01-24,40077.07421875,40142.305,1704.98193294702,5088749.967012681,2255.825783834532,2.119554022078076,0.9904453012432782
2024-01-25,39933.80859375,40621.03,1704.98193294702,5088749.967012681,2255.825783834532,2.119554022078076,0.9904453012432782
2024-01-26,41816.87109375,40271.336,1704.98193294702,5088749.967012681,2255.825783834532,2.119554022078076,0.9904453012432782
2024-01-27,42120.0546875,41810.73,1704.98193294702,5088749.967012681,2255.825783834532,2.119554022078076,0.9904453012432782
2024-01-28,42035.59375,41997.547,1704.98193294702,5088749.967012681,2255.825783834532,2.119554022078076,0.9904453012432782
2024-01-29,43288.24609375,42450.137,1704.98193294702,5088749.967012681,2255.825783834532,2.119554022078076,0.9904453012432782
2024-01-30,42952.609375,43452.645,1704.98193294702,5088749.967012681,2255.825783834532,2.119554022078076,0.9904453012432782
2024-01-31,42582.60546875,43323.51,1704.98193294702,5088749.967012681,2255.825783834532,2.119554022078076,0.9904453012432782
2024-02-01,43075.7734375,43246.9,1704.98193294702,5088749.967012681,2255.825783834532,2.119554022078076,0.9904453012432782
2024-02-02,43185.859375,43383.145,1704.98193294702,5088749.967012681,2255.825783834532,2.119554022078076,0.9904453012432782
2024-02-03,42992.25,44269.395,1704.98193294702,5088749.967012681,2255.825783834532,2.119554022078076,0.9904453012432782
2024-02-04,42583.58203125,44281.945,1704.98193294702,5088749.967012681,2255.825783834532,2.119554022078076,0.9904453012432782
2024-02-05,42658.66796875,43353.535,1704.98193294702,5088749.967012681,2255.825783834532,2.119554022078076,0.9904453012432782
2024-02-06,43084.671875,42798.29,1704.98193294702,5088749.967012681,2255.825783834532,2.119554022078076,0.9904453012432782
2024-02-07,44318.22265625,43417.523,1704.98193294702,5088749.967012681,2255.825783834532,2.119554022078076,0.9904453012432782
2024-02-08,45301.56640625,44398.52,1704.98193294702,5088749.967012681,2255.825783834532,2.119554022078076,0.9904453012432782
2024-02-09,47147.19921875,45088.4,1704.98193294702,5088749.967012681,2255.825783834532,2.119554022078076,0.9904453012432782
2024-02-10,47771.27734375,47069.99,1704.98193294702,5088749.967012681,2255.825783834532,2.119554022078076,0.9904453012432782
2024-02-11,48293.91796875,48152.88,1704.98193294702,5088749.967012681,2255.825783834532,2.119554022078076,0.9904453012432782
2024-02-12,49958.22265625,48541.91,1704.98193294702,5088749.967012681,2255.825783834532,2.119554022078076,0.9904453012432782
2024-02-13,49742.44140625,50090.207,1704.98193294702,5088749.967012681,2255.825783834532,2.119554022078076,0.9904453012432782
2024-02-14,51826.6953125,50127.957,1704.98193294702,5088749.967012681,2255.825783834532,2.119554022078076,0.9904453012432782
2024-02-15,51938.5546875,51305.04,1704.98193294702,5088749.967012681,2255.825783834532,2.119554022078076,0.9904453012432782
2024-02-16,52160.203125,52220.055,1704.98193294702,5088749.967012681,2255.825783834532,2.119554022078076,0.9904453012432782
2024-02-17,51662.99609375,52628.992,1704.98193294702,5088749.967012681,2255.825783834532,2.119554022078076,0.9904453012432782
2024-02-18,52122.546875,52761.883,1704.98193294702,5088749.967012681,2255.825783834532,2.119554022078076,0.9904453012432782
2024-02-19,51779.14453125,52799.15,1704.98193294702,5088749.967012681,2255.825783834532,2.119554022078076,0.9904453012432782
2024-02-20,52284.875,52826.844,1704.98193294702,5088749.967012681,2255.825783834532,2.119554022078076,0.9904453012432782
2024-02-21,51839.1796875,53021.066,1704.98193294702,5088749.967012681,2255.825783834532,2.119554022078076,0.9904453012432782
2024-02-22,51304.97265625,52529.348,1704.98193294702,5088749.967012681,2255.825783834532,2.119554022078076,0.9904453012432782
2024-02-23,50731.94921875,52475.492,1704.98193294702,5088749.967012681,2255.825783834532,2.119554022078076,0.9904453012432782
2024-02-24,51571.1015625,51656.535,1704.98193294702,5088749.967012681,2255.825783834532,2.119554022078076,0.9904453012432782
2024-02-25,51733.23828125,52315.73,1704.98193294702,5088749.967012681,2255.825783834532,2.119554022078076,0.9904453012432782
2024-02-26,54522.40234375,52253.6,1704.98193294702,5088749.967012681,2255.825783834532,2.119554022078076,0.9904453012432782
2024-02-27,57085.37109375,53900.145,1704.98193294702,5088749.967012681,2255.825783834532,2.119554022078076,0.9904453012432782
2024-02-28,62504.7890625,56399.473,1704.98193294702,5088749.967012681,2255.825783834532,2.119554022078076,0.9904453012432782
2024-02-29,61198.3828125,60020.164,1704.98193294702,5088749.967012681,2255.825783834532,2.119554022078076,0.9904453012432782
2024-03-01,62440.6328125,61559.84,1704.98193294702,5088749.967012681,2255.825783834532,2.119554022078076,0.9904453012432782
2024-03-02,62029.84765625,62560.88,1704.98193294702,5088749.967012681,2255.825783834532,2.119554022078076,0.9904453012432782
2024-03-03,63167.37109375,62696.434,1704.98193294702,5088749.967012681,2255.825783834532,2.119554022078076,0.9904453012432782
2024-03-04,68330.4140625,63696.266,1704.98193294702,5088749.967012681,2255.825783834532,2.119554022078076,0.9904453012432782
2024-03-05,63801.19921875,66264.82,1704.98193294702,5088749.967012681,2255.825783834532,2.119554022078076,0.9904453012432782
2024-03-06,66106.8046875,65635.336,1704.98193294702,5088749.967012681,2255.825783834532,2.119554022078076,0.9904453012432782
2024-03-07,66925.484375,66139.33,1704.98193294702,5088749.967012681,2255.825783834532,2.119554022078076,0.9904453012432782
2024-03-08,68300.09375,67375.12,1704.98193294702,5088749.967012681,2255.825783834532,2.119554022078076,0.9904453012432782
2024-03-09,68498.8828125,68272.18,1704.98193294702,5088749.967012681,2255.825783834532,2.119554022078076,0.9904453012432782
2024-03-10,69019.7890625,69075.26,1704.98193294702,5088749.967012681,2255.825783834532,2.119554022078076,0.9904453012432782
2024-03-11,72123.90625,69584.81,1704.98193294702,5088749.967012681,2255.825783834532,2.119554022078076,0.9904453012432782
2024-03-12,71481.2890625,71249.06,1704.98193294702,5088749.967012681,2255.825783834532,2.119554022078076,0.9904453012432782
2024-03-13,73083.5,72856.28,1704.98193294702,5088749.967012681,2255.825783834532,2.119554022078076,0.9904453012432782
2024-03-14,71396.59375,72538.48,1704.98193294702,5088749.967012681,2255.825783834532,2.119554022078076,0.9904453012432782
2024-03-15,69403.7734375,72355.195,1704.98193294702,5088749.967012681,2255.825783834532,2.119554022078076,0.9904453012432782
2024-03-16,65315.1171875,71111.73,1704.98193294702,5088749.967012681,2255.825783834532,2.119554022078076,0.9904453012432782
2024-03-17,68390.625,67947.24,1704.98193294702,5088749.967012681,2255.825783834532,2.119554022078076,0.9904453012432782
2024-03-18,67548.59375,68383.36,1704.98193294702,5088749.967012681,2255.825783834532,2.119554022078076,0.9904453012432782
2024-03-19,61912.7734375,66764.8,1704.98193294702,5088749.967012681,2255.825783834532,2.119554022078076,0.9904453012432782
2024-03-20,67913.671875,64504.406,1704.98193294702,5088749.967012681,2255.825783834532,2.119554022078076,0.9904453012432782
2024-03-21,65491.39062499999,66023.64,1704.98193294702,5088749.967012681,2255.825783834532,2.119554022078076,0.9904453012432782
2024-03-22,63778.76171874999,66664.98,1704.98193294702,5088749.967012681,2255.825783834532,2.119554022078076,0.9904453012432782
2024-03-23,64062.20312499999,65712.36,1704.98193294702,5088749.967012681,2255.825783834532,2.119554022078076,0.9904453012432782
2024-03-24,67234.171875,64257.984,1704.98193294702,5088749.967012681,2255.825783834532,2.119554022078076,0.9904453012432782
2024-03-25,69958.8125,66369.766,1704.98193294702,5088749.967012681,2255.825783834532,2.119554022078076,0.9904453012432782
2024-03-26,69987.8359375,69030.02,1704.98193294702,5088749.967012681,2255.825783834532,2.119554022078076,0.9904453012432782
2024-03-27,69455.34375,69935.555,1704.98193294702,5088749.967012681,2255.825783834532,2.119554022078076,0.9904453012432782
2024-03-28,70744.953125,68998.96,1704.98193294702,5088749.967012681,2255.825783834532,2.119554022078076,0.9904453012432782
2024-03-29,69892.828125,71838.21,1704.98193294702,5088749.967012681,2255.825783834532,2.119554022078076,0.9904453012432782
2024-03-30,69645.3046875,70438.34,1704.98193294702,5088749.967012681,2255.825783834532,2.119554022078076,0.9904453012432782
2024-03-31,71333.6484375,70045.305,1704.98193294702,5088749.967012681,2255.825783834532,2.119554022078076,0.9904453012432782
2024-04-01,69702.1484375,71412.49,1704.98193294702,5088749.967012681,2255.825783834532,2.119554022078076,0.9904453012432782
2024-04-02,65446.97265625,69561.83,1704.98193294702,5088749.967012681,2255.825783834532,2.119554022078076,0.9904453012432782
2024-04-03,65980.8125,68435.63,1704.98193294702,5088749.967012681,2255.825783834532,2.119554022078076,0.9904453012432782
2024-04-04,68508.84375,66829.42,1704.98193294702,5088749.967012681,2255.825783834532,2.119554022078076,0.9904453012432782
2024-04-05,67837.640625,67441.67,1704.98193294702,5088749.967012681,2255.825783834532,2.119554022078076,0.9904453012432782
2024-04-06,68896.109375,68170.98,1704.98193294702,5088749.967012681,2255.825783834532,2.119554022078076,0.9904453012432782
2024-04-07,69362.5546875,69049.414,1704.98193294702,5088749.967012681,2255.825783834532,2.119554022078076,0.9904453012432782
2024-04-08,71631.359375,70356.016,1704.98193294702,5088749.967012681,2255.825783834532,2.119554022078076,0.9904453012432782
2024-04-09,69139.015625,70847.19,1704.98193294702,5088749.967012681,2255.825783834532,2.119554022078076,0.9904453012432782
2024-04-10,70587.8828125,69445.555,1704.98193294702,5088749.967012681,2255.825783834532,2.119554022078076,0.9904453012432782
2024-04-11,70060.609375,69988.34,1704.98193294702,5088749.967012681,2255.825783834532,2.119554022078076,0.9904453012432782
2024-04-12,67195.8671875,71147.28,1704.98193294702,5088749.967012681,2255.825783834532,2.119554022078076,0.9904453012432782
2024-04-13,63821.47265625,69086.8,1704.98193294702,5088749.967012681,2255.825783834532,2.119554022078076,0.9904453012432782
2024-04-14,65738.7265625,65181.37,1704.98193294702,5088749.967012681,2255.825783834532,2.119554022078076,0.9904453012432782
2024-04-15,63426.21093749999,65854.51,1704.98193294702,5088749.967012681,2255.825783834532,2.119554022078076,0.9904453012432782
2024-04-16,63811.86328125,64441.617,1704.98193294702,5088749.967012681,2255.825783834532,2.119554022078076,0.9904453012432782
2024-04-17,61276.69140625,63892.055,1704.98193294702,5088749.967012681,2255.825783834532,2.119554022078076,0.9904453012432782
2024-04-18,63512.75390625,62060.24,1704.98193294702,5088749.967012681,2255.825783834532,2.119554022078076,0.9904453012432782
2024-04-19,63843.5703125,63730.32,1704.98193294702,5088749.967012681,2255.825783834532,2.119554022078076,0.9904453012432782
2024-04-20,64994.44140625001,64669.016,1704.98193294702,5088749.967012681,2255.825783834532,2.119554022078076,0.9904453012432782
2024-04-21,64926.64453124999,64930.383,1704.98193294702,5088749.967012681,2255.825783834532,2.119554022078076,0.9904453012432782
2024-04-22,66837.6796875,65079.15,1704.98193294702,5088749.967012681,2255.825783834532,2.119554022078076,0.9904453012432782
2024-04-23,66407.2734375,66999.54,1704.98193294702,5088749.967012681,2255.825783834532,2.119554022078076,0.9904453012432782
2024-04-24,64276.8984375,66741.89,1704.98193294702,5088749.967012681,2255.825783834532,2.119554022078076,0.9904453012432782
2024-04-25,64481.70703124999,66131.92,1704.98193294702,5088749.967012681,2255.825783834532,2.119554022078076,0.9904453012432782
2024-04-26,63755.3203125,64819.168,1704.98193294702,5088749.967012681,2255.825783834532,2.119554022078076,0.9904453012432782
2024-04-27,63419.14062500001,63870.055,1704.98193294702,5088749.967012681,2255.825783834532,2.119554022078076,0.9904453012432782
2024-04-28,63113.23046874999,63376.844,1704.98193294702,5088749.967012681,2255.825783834532,2.119554022078076,0.9904453012432782
2024-04-29,63841.12109375,64095.402,1704.98193294702,5088749.967012681,2255.825783834532,2.119554022078076,0.9904453012432782
2024-04-30,60636.85546875,64504.83,1704.98193294702,5088749.967012681,2255.825783834532,2.119554022078076,0.9904453012432782
2024-05-01,58254.01171875,61634.227,1704.98193294702,5088749.967012681,2255.825783834532,2.119554022078076,0.9904453012432782
2024-05-02,59123.43359375,59958.06,1704.98193294702,5088749.967012681,2255.825783834532,2.119554022078076,0.9904453012432782
2024-05-03,62889.83593749999,59859.75,1704.98193294702,5088749.967012681,2255.825783834532,2.119554022078076,0.9904453012432782
2024-05-04,63891.47265624999,62493.96,1704.98193294702,5088749.967012681,2255.825783834532,2.119554022078076,0.9904453012432782
2024-05-05,64031.13281250001,63019.086,1704.98193294702,5088749.967012681,2255.825783834532,2.119554022078076,0.9904453012432782
2024-05-06,63161.94921875,63722.59,1704.98193294702,5088749.967012681,2255.825783834532,2.119554022078076,0.9904453012432782
2024-05-07,62334.81640625,65253.23,1704.98193294702,5088749.967012681,2255.825783834532,2.119554022078076,0.9904453012432782
2024-05-08,61187.94140625,63207.85,1704.98193294702,5088749.967012681,2255.825783834532,2.119554022078076,0.9904453012432782
2024-05-09,63049.9609375,61633.66,1704.98193294702,5088749.967012681,2255.825783834532,2.119554022078076,0.9904453012432782
2024-05-10,60792.77734375,62675.242,1704.98193294702,5088749.967012681,2255.825783834532,2.119554022078076,0.9904453012432782
2024-05-11,60793.7109375,62221.97,1704.98193294702,5088749.967012681,2255.825783834532,2.119554022078076,0.9904453012432782
2024-05-12,61448.39453125,61307.48,1704.98193294702,5088749.967012681,2255.825783834532,2.119554022078076,0.9904453012432782
2024-05-13,62901.44921875,61437.875,1704.98193294702,5088749.967012681,2255.825783834532,2.119554022078076,0.9904453012432782
2024-05-14,61552.7890625,63095.426,1704.98193294702,5088749.967012681,2255.825783834532,2.119554022078076,0.9904453012432782
2024-05-15,66267.4921875,61953.117,1704.98193294702,5088749.967012681,2255.825783834532,2.119554022078076,0.9904453012432782
2024-05-16,65231.58203125001,65201.723,1704.98193294702,5088749.967012681,2255.825783834532,2.119554022078076,0.9904453012432782
2024-05-17,67051.875,66106.87,1704.98193294702,5088749.967012681,2255.825783834532,2.119554022078076,0.9904453012432782
2024-05-18,66940.8046875,67700.87,1704.98193294702,5088749.967012681,2255.825783834532,2.119554022078076,0.9904453012432782
2024-05-19,66278.3671875,66945.75,1704.98193294702,5088749.967012681,2255.825783834532,2.119554022078076,0.9904453012432782
2024-05-20,71448.1953125,66775.15,1704.98193294702,5088749.967012681,2255.825783834532,2.119554022078076,0.9904453012432782
2024-05-21,70136.53125,70301.35,1704.98193294702,5088749.967012681,2255.825783834532,2.119554022078076,0.9904453012432782
2024-05-22,69122.3359375,70812.7,1704.98193294702,5088749.967012681,2255.825783834532,2.119554022078076,0.9904453012432782
2024-05-23,67929.5625,70321.66,1704.98193294702,5088749.967012681,2255.825783834532,2.119554022078076,0.9904453012432782
2024-05-24,68526.1015625,69616.53,1704.98193294702,5088749.967012681,2255.825783834532,2.119554022078076,0.9904453012432782
2024-05-25,69265.9453125,68311.43,1704.98193294702,5088749.967012681,2255.825783834532,2.119554022078076,0.9904453012432782
2024-05-26,68518.09375,68917.84,1704.98193294702,5088749.967012681,2255.825783834532,2.119554022078076,0.9904453012432782
2024-05-27,69394.5546875,68858.21,1704.98193294702,5088749.967012681,2255.825783834532,2.119554022078076,0.9904453012432782
2024-05-28,68296.21875,69266.36,1704.98193294702,5088749.967012681,2255.825783834532,2.119554022078076,0.9904453012432782
2024-05-29,67578.09375,70195.71,1704.98193294702,5088749.967012681,2255.825783834532,2.119554022078076,0.9904453012432782
2024-05-30,68364.9921875,68894.49,1704.98193294702,5088749.967012681,2255.825783834532,2.119554022078076,0.9904453012432782
2024-05-31,67491.4140625,68857.72,1704.98193294702,5088749.967012681,2255.825783834532,2.119554022078076,0.9904453012432782
2024-06-01,67706.9375,68336.51,1704.98193294702,5088749.967012681,2255.825783834532,2.119554022078076,0.9904453012432782
2024-06-02,67751.6015625,67676.3,1704.98193294702,5088749.967012681,2255.825783834532,2.119554022078076,0.9904453012432782
2024-06-03,68804.78125,68464.484,1704.98193294702,5088749.967012681,2255.825783834532,2.119554022078076,0.9904453012432782
2024-06-04,70567.765625,68824.85,1704.98193294702,5088749.967012681,2255.825783834532,2.119554022078076,0.9904453012432782
2024-06-05,71082.8203125,69899.52,1704.98193294702,5088749.967012681,2255.825783834532,2.119554022078076,0.9904453012432782
2024-06-06,70757.1640625,70486.45,1704.98193294702,5088749.967012681,2255.825783834532,2.119554022078076,0.9904453012432782
2024-06-07,69342.5859375,71671.08,1704.98193294702,5088749.967012681,2255.825783834532,2.119554022078076,0.9904453012432782
2024-06-08,69305.7734375,71128.734,1704.98193294702,5088749.967012681,2255.825783834532,2.119554022078076,0.9904453012432782
2024-06-09,69647.9921875,69598.05,1704.98193294702,5088749.967012681,2255.825783834532,2.119554022078076,0.9904453012432782
2024-06-10,69512.28125,69761.31,1704.98193294702,5088749.967012681,2255.825783834532,2.119554022078076,0.9904453012432782
2024-06-11,67332.03125,69542.26,1704.98193294702,5088749.967012681,2255.825783834532,2.119554022078076,0.9904453012432782
2024-06-12,68241.1875,69241.484,1704.98193294702,5088749.967012681,2255.825783834532,2.119554022078076,0.9904453012432782
2024-06-13,66756.3984375,68605.96,1704.98193294702,5088749.967012681,2255.825783834532,2.119554022078076,0.9904453012432782
2024-06-14,66011.09375,68051.43,1704.98193294702,5088749.967012681,2255.825783834532,2.119554022078076,0.9904453012432782
2024-06-15,66191.0,67897.48,1704.98193294702,5088749.967012681,2255.825783834532,2.119554022078076,0.9904453012432782
2024-06-16,66639.046875,66626.83,1704.98193294702,5088749.967012681,2255.825783834532,2.119554022078076,0.9904453012432782
2024-06-17,66490.296875,66556.96,1704.98193294702,5088749.967012681,2255.825783834532,2.119554022078076,0.9904453012432782
2024-06-18,65140.74609375,66348.61,1704.98193294702,5088749.967012681,2255.825783834532,2.119554022078076,0.9904453012432782
2024-06-19,64960.29687500001,66396.12,1704.98193294702,5088749.967012681,2255.825783834532,2.119554022078076,0.9904453012432782
2024-06-20,64828.65624999999,65830.625,1704.98193294702,5088749.967012681,2255.825783834532,2.119554022078076,0.9904453012432782
2024-06-21,64096.19921875,65574.57,1704.98193294702,5088749.967012681,2255.825783834532,2.119554022078076,0.9904453012432782
2024-06-22,64252.57812499999,64734.438,1704.98193294702,5088749.967012681,2255.825783834532,2.119554022078076,0.9904453012432782
2024-06-23,63180.79687499999,64288.926,1704.98193294702,5088749.967012681,2255.825783834532,2.119554022078076,0.9904453012432782
2024-06-24,60277.4140625,64286.164,1704.98193294702,5088749.967012681,2255.825783834532,2.119554022078076,0.9904453012432782
2024-06-25,61804.640625,61752.95,1704.98193294702,5088749.967012681,2255.825783834532,2.119554022078076,0.9904453012432782
2024-06-26,60811.27734375,61616.805,1704.98193294702,5088749.967012681,2255.825783834532,2.119554022078076,0.9904453012432782
2024-06-27,61604.80078125,61358.363,1704.98193294702,5088749.967012681,2255.825783834532,2.119554022078076,0.9904453012432782
2024-06-28,60320.13671875,61854.54,1704.98193294702,5088749.967012681,2255.825783834532,2.119554022078076,0.9904453012432782
2024-06-29,60887.37890625,62114.94,1704.98193294702,5088749.967012681,2255.825783834532,2.119554022078076,0.9904453012432782
2024-06-30,62678.29296875,61372.258,1704.98193294702,5088749.967012681,2255.825783834532,2.119554022078076,0.9904453012432782
2024-07-01,62851.98046875001,62110.16,1704.98193294702,5088749.967012681,2255.825783834532,2.119554022078076,0.9904453012432782
2024-07-02,62029.015625,63128.973,1704.98193294702,5088749.967012681,2255.825783834532,2.119554022078076,0.9904453012432782
2024-07-03,60173.921875,62379.383,1704.98193294702,5088749.967012681,2255.825783834532,2.119554022078076,0.9904453012432782
2024-07-04,56977.703125,61979.355,1704.98193294702,5088749.967012681,2255.825783834532,2.119554022078076,0.9904453012432782
2024-07-05,56662.375,59302.805,1704.98193294702,5088749.967012681,2255.825783834532,2.119554022078076,0.9904453012432782
2024-07-06,58303.5390625,57800.098,1704.98193294702,5088749.967012681,2255.825783834532,2.119554022078076,0.9904453012432782
2024-07-07,55849.109375,58191.645,1704.98193294702,5088749.967012681,2255.825783834532,2.119554022078076,0.9904453012432782
2024-07-08,56705.09765625,56803.91,1704.98193294702,5088749.967012681,2255.825783834532,2.119554022078076,0.9904453012432782
2024-07-09,58009.2265625,57221.516,1704.98193294702,5088749.967012681,2255.825783834532,2.119554022078076,0.9904453012432782
2024-07-10,57742.49609375,57593.89,1704.98193294702,5088749.967012681,2255.825783834532,2.119554022078076,0.9904453012432782
2024-07-11,57344.9140625,58469.83,1704.98193294702,5088749.967012681,2255.825783834532,2.119554022078076,0.9904453012432782
2024-07-12,57899.46484375,58038.98,1704.98193294702,5088749.967012681,2255.825783834532,2.119554022078076,0.9904453012432782
2024-07-13,59231.953125,57709.746,1704.98193294702,5088749.967012681,2255.825783834532,2.119554022078076,0.9904453012432782
2024-07-14,60787.79296875,59434.75,1704.98193294702,5088749.967012681,2255.825783834532,2.119554022078076,0.9904453012432782
2024-07-15,64870.15234375,60577.105,1704.98193294702,5088749.967012681,2255.825783834532,2.119554022078076,0.9904453012432782
2024-07-16,65097.1484375,63303.242,1704.98193294702,5088749.967012681,2255.825783834532,2.119554022078076,0.9904453012432782
2024-07-17,64118.79296875001,64988.996,1704.98193294702,5088749.967012681,2255.825783834532,2.119554022078076,0.9904453012432782
2024-07-18,63974.06640625,65085.562,1704.98193294702,5088749.967012681,2255.825783834532,2.119554022078076,0.9904453012432782
2024-07-19,66710.15625,64728.78,1704.98193294702,5088749.967012681,2255.825783834532,2.119554022078076,0.9904453012432782
2024-07-20,67163.6484375,66403.555,1704.98193294702,5088749.967012681,2255.825783834532,2.119554022078076,0.9904453012432782
2024-07-21,68154.5234375,67025.48,1704.98193294702,5088749.967012681,2255.825783834532,2.119554022078076,0.9904453012432782
2024-07-22,67585.25,67945.58,1704.98193294702,5088749.967012681,2255.825783834532,2.119554022078076,0.9904453012432782
2024-07-23,65927.671875,68449.03,1704.98193294702,5088749.967012681,2255.825783834532,2.119554022078076,0.9904453012432782
2024-07-24,65372.1328125,67662.516,1704.98193294702,5088749.967012681,2255.825783834532,2.119554022078076,0.9904453012432782
2024-07-25,65777.2265625,66712.53,1704.98193294702,5088749.967012681,2255.825783834532,2.119554022078076,0.9904453012432782
2024-07-26,67912.0625,66663.36,1704.98193294702,5088749.967012681,2255.825783834532,2.119554022078076,0.9904453012432782
2024-07-27,67813.3359375,67860.125,1704.98193294702,5088749.967012681,2255.825783834532,2.119554022078076,0.9904453012432782
2024-07-28,68255.8671875,68168.17,1704.98193294702,5088749.967012681,2255.825783834532,2.119554022078076,0.9904453012432782
2024-07-29,66819.9140625,68330.39,1704.98193294702,5088749.967012681,2255.825783834532,2.119554022078076,0.9904453012432782
2024-07-30,66201.015625,68004.75,1704.98193294702,5088749.967012681,2255.825783834532,2.119554022078076,0.9904453012432782
2024-07-31,64619.25,67202.94,1704.98193294702,5088749.967012681,2255.825783834532,2.119554022078076,0.9904453012432782
2024-08-01,65357.50000000001,65802.12,1704.98193294702,5088749.967012681,2255.825783834532,2.119554022078076,0.9904453012432782
2024-08-02,61415.06640625,65955.47,1704.98193294702,5088749.967012681,2255.825783834532,2.119554022078076,0.9904453012432782
2024-08-03,60680.09375,63539.438,1704.98193294702,5088749.967012681,2255.825783834532,2.119554022078076,0.9904453012432782
2024-08-04,58116.9765625,62027.562,1704.98193294702,5088749.967012681,2255.825783834532,2.119554022078076,0.9904453012432782
2024-08-05,53991.45703125,59459.676,1704.98193294702,5088749.967012681,2255.825783834532,2.119554022078076,0.9904453012432782
2024-08-06,56034.31640625,56241.64,1704.98193294702,5088749.967012681,2255.825783834532,2.119554022078076,0.9904453012432782
2024-08-07,55027.4609375,55774.93,1704.98193294702,5088749.967012681,2255.825783834532,2.119554022078076,0.9904453012432782
2024-08-08,61710.13671875,55779.11,1704.98193294702,5088749.967012681,2255.825783834532,2.119554022078076,0.9904453012432782
2024-08-09,60880.11328125,60111.21,1704.98193294702,5088749.967012681,2255.825783834532,2.119554022078076,0.9904453012432782
2024-08-10,60945.8125,61231.14,1704.98193294702,5088749.967012681,2255.825783834532,2.119554022078076,0.9904453012432782
2024-08-11,58719.484375,61321.438,1704.98193294702,5088749.967012681,2255.825783834532,2.119554022078076,0.9904453012432782
2024-08-12,59354.515625,60364.684,1704.98193294702,5088749.967012681,2255.825783834532,2.119554022078076,0.9904453012432782
2024-08-13,60609.56640625,59860.133,1704.98193294702,5088749.967012681,2255.825783834532,2.119554022078076,0.9904453012432782
2024-08-14,58737.26953125,60435.105,1704.98193294702,5088749.967012681,2255.825783834532,2.119554022078076,0.9904453012432782
2024-08-15,57560.09765625,60535.117,1704.98193294702,5088749.967012681,2255.825783834532,2.119554022078076,0.9904453012432782
2024-08-16,58894.10546875,58147.3,1704.98193294702,5088749.967012681,2255.825783834532,2.119554022078076,0.9904453012432782
2024-08-17,59478.97265625,59109.86,1704.98193294702,5088749.967012681,2255.825783834532,2.119554022078076,0.9904453012432782
2024-08-18,58483.96484375,59718.016,1704.98193294702,5088749.967012681,2255.825783834532,2.119554022078076,0.9904453012432782
2024-08-19,59493.453125,59150.008,1704.98193294702,5088749.967012681,2255.825783834532,2.119554022078076,0.9904453012432782
2024-08-20,59012.79296875,59503.465,1704.98193294702,5088749.967012681,2255.825783834532,2.119554022078076,0.9904453012432782
2024-08-21,61175.19140625,59561.004,1704.98193294702,5088749.967012681,2255.825783834532,2.119554022078076,0.9904453012432782
2024-08-22,60381.9140625,61686.56,1704.98193294702,5088749.967012681,2255.825783834532,2.119554022078076,0.9904453012432782
2024-08-23,64094.35546875,61119.754,1704.98193294702,5088749.967012681,2255.825783834532,2.119554022078076,0.9904453012432782
2024-08-24,64178.99218750001,62842.324,1704.98193294702,5088749.967012681,2255.825783834532,2.119554022078076,0.9904453012432782
2024-08-25,64333.54296875,64119.617,1704.98193294702,5088749.967012681,2255.825783834532,2.119554022078076,0.9904453012432782
2024-08-26,62880.66015624999,65259.32,1704.98193294702,5088749.967012681,2255.825783834532,2.119554022078076,0.9904453012432782
2024-08-27,59504.1328125,64752.34,1704.98193294702,5088749.967012681,2255.825783834532,2.119554022078076,0.9904453012432782
2024-08-28,59027.625,61466.15,1704.98193294702,5088749.967012681,2255.825783834532,2.119554022078076,0.9904453012432782
2024-08-29,59388.1796875,59400.15,1704.98193294702,5088749.967012681,2255.825783834532,2.119554022078076,0.9904453012432782
2024-08-30,59119.4765625,58938.36,1704.98193294702,5088749.967012681,2255.825783834532,2.119554022078076,0.9904453012432782
2024-08-31,58969.8984375,59839.08,1704.98193294702,5088749.967012681,2255.825783834532,2.119554022078076,0.9904453012432782
2024-09-01,57325.48828125,60113.24,1704.98193294702,5088749.967012681,2255.825783834532,2.119554022078076,0.9904453012432782
2024-09-02,59112.48046875,58386.777,1704.98193294702,5088749.967012681,2255.825783834532,2.119554022078076,0.9904453012432782
2024-09-03,57431.0234375,59649.168,1704.98193294702,5088749.967012681,2255.825783834532,2.119554022078076,0.9904453012432782
2024-09-04,57971.5390625,59107.484,1704.98193294702,5088749.967012681,2255.825783834532,2.119554022078076,0.9904453012432782
2024-09-05,56160.48828125,58363.73,1704.98193294702,5088749.967012681,2255.825783834532,2.119554022078076,0.9904453012432782
2024-09-06,53948.75390625,56883.766,1704.98193294702,5088749.967012681,2255.825783834532,2.119554022078076,0.9904453012432782
2024-09-07,54139.6875,55956.69,1704.98193294702,5088749.967012681,2255.825783834532,2.119554022078076,0.9904453012432782
2024-09-08,54841.56640625,55287.316,1704.98193294702,5088749.967012681,2255.825783834532,2.119554022078076,0.9904453012432782
2024-09-09,57019.53515625,54888.3,1704.98193294702,5088749.967012681,2255.825783834532,2.119554022078076,0.9904453012432782
2024-09-10,57648.7109375,56153.914,1704.98193294702,5088749.967012681,2255.825783834532,2.119554022078076,0.9904453012432782
2024-09-11,57343.171875,57752.027,1704.98193294702,5088749.967012681,2255.825783834532,2.119554022078076,0.9904453012432782
2024-09-12,58127.01171875,58194.703,1704.98193294702,5088749.967012681,2255.825783834532,2.119554022078076,0.9904453012432782
2024-09-13,60571.30078125,58636.98,1704.98193294702,5088749.967012681,2255.825783834532,2.119554022078076,0.9904453012432782
2024-09-14,60005.12109375,59021.5,1704.98193294702,5088749.967012681,2255.825783834532,2.119554022078076,0.9904453012432782
2024-09-15,59182.8359375,59717.68,1704.98193294702,5088749.967012681,2255.825783834532,2.119554022078076,0.9904453012432782
2024-09-16,58192.5078125,60370.016,1704.98193294702,5088749.967012681,2255.825783834532,2.119554022078076,0.9904453012432782
2024-09-17,60308.5390625,59841.84,1704.98193294702,5088749.967012681,2255.825783834532,2.119554022078076,0.9904453012432782
2024-09-18,61649.6796875,60963.066,1704.98193294702,5088749.967012681,2255.825783834532,2.119554022078076,0.9904453012432782
2024-09-19,62940.45703125,61314.305,1704.98193294702,5088749.967012681,2255.825783834532,2.119554022078076,0.9904453012432782
2024-09-20,63192.97656249999,63080.16,1704.98193294702,5088749.967012681,2255.825783834532,2.119554022078076,0.9904453012432782
2024-09-21,63394.83984374999,63438.64,1704.98193294702,5088749.967012681,2255.825783834532,2.119554022078076,0.9904453012432782
2024-09-22,63648.7109375,63520.33,1704.98193294702,5088749.967012681,2255.825783834532,2.119554022078076,0.9904453012432782
2024-09-23,63329.80078125,64142.605,1704.98193294702,5088749.967012681,2255.825783834532,2.119554022078076,0.9904453012432782
2024-09-24,64301.96875,63901.68,1704.98193294702,5088749.967012681,2255.825783834532,2.119554022078076,0.9904453012432782
2024-09-25,63143.14453125,65234.527,1704.98193294702,5088749.967012681,2255.825783834532,2.119554022078076,0.9904453012432782
2024-09-26,65181.01953125001,63998.06,1704.98193294702,5088749.967012681,2255.825783834532,2.119554022078076,0.9904453012432782
2024-09-27,65790.6640625,65073.875,1704.98193294702,5088749.967012681,2255.825783834532,2.119554022078076,0.9904453012432782
2024-09-28,65887.6484375,66004.11,1704.98193294702,5088749.967012681,2255.825783834532,2.119554022078076,0.9904453012432782
2024-09-29,65635.3046875,66160.68,1704.98193294702,5088749.967012681,2255.825783834532,2.119554022078076,0.9904453012432782
2024-09-30,63329.50000000001,66330.32,1704.98193294702,5088749.967012681,2255.825783834532,2.119554022078076,0.9904453012432782
2024-10-01,60837.0078125,64327.99,1704.98193294702,5088749.967012681,2255.825783834532,2.119554022078076,0.9904453012432782
2024-10-02,60632.78515625,63236.47,1704.98193294702,5088749.967012681,2255.825783834532,2.119554022078076,0.9904453012432782
2024-10-03,60759.40234375,62041.566,1704.98193294702,5088749.967012681,2255.825783834532,2.119554022078076,0.9904453012432782
2024-10-04,62067.4765625,61106.01,1704.98193294702,5088749.967012681,2255.825783834532,2.119554022078076,0.9904453012432782
2024-10-05,62089.94921875,62189.5,1704.98193294702,5088749.967012681,2255.825783834532,2.119554022078076,0.9904453012432782
2024-10-06,62818.953125,62181.73,1704.98193294702,5088749.967012681,2255.825783834532,2.119554022078076,0.9904453012432782
2024-10-07,62236.66015625,63059.258,1704.98193294702,5088749.967012681,2255.825783834532,2.119554022078076,0.9904453012432782
2024-10-08,62131.96875,63408.727,1704.98193294702,5088749.967012681,2255.825783834532,2.119554022078076,0.9904453012432782
2024-10-09,60582.1015625,62708.12,1704.98193294702,5088749.967012681,2255.825783834532,2.119554022078076,0.9904453012432782
2024-10-10,60274.5,61763.7,1704.98193294702,5088749.967012681,2255.825783834532,2.119554022078076,0.9904453012432782
2024-10-11,62445.08984375001,60839.57,1704.98193294702,5088749.967012681,2255.825783834532,2.119554022078076,0.9904453012432782
2024-10-12,63193.02343750001,61961.418,1704.98193294702,5088749.967012681,2255.825783834532,2.119554022078076,0.9904453012432782
2024-10-13,62851.375,63418.938,1704.98193294702,5088749.967012681,2255.825783834532,2.119554022078076,0.9904453012432782
2024-10-14,66046.125,63384.156,1704.98193294702,5088749.967012681,2255.825783834532,2.119554022078076,0.9904453012432782
2024-10-15,67041.109375,65583.13,1704.98193294702,5088749.967012681,2255.825783834532,2.119554022078076,0.9904453012432782
2024-10-16,67612.71875,66502.55,1704.98193294702,5088749.967012681,2255.825783834532,2.119554022078076,0.9904453012432782
2024-10-17,67399.8359375,68022.14,1704.98193294702,5088749.967012681,2255.825783834532,2.119554022078076,0.9904453012432782
2024-10-18,68418.7890625,67690.77,1704.98193294702,5088749.967012681,2255.825783834532,2.119554022078076,0.9904453012432782
2024-10-19,68362.734375,68128.38,1704.98193294702,5088749.967012681,2255.825783834532,2.119554022078076,0.9904453012432782
2024-10-20,69001.703125,68844.59,1704.98193294702,5088749.967012681,2255.825783834532,2.119554022078076,0.9904453012432782
2024-10-21,67367.8515625,68972.23,1704.98193294702,5088749.967012681,2255.825783834532,2.119554022078076,0.9904453012432782
2024-10-22,67361.40625,69162.71,1704.98193294702,5088749.967012681,2255.825783834532,2.119554022078076,0.9904453012432782
2024-10-23,66432.1953125,68761.24,1704.98193294702,5088749.967012681,2255.825783834532,2.119554022078076,0.9904453012432782
2024-10-24,68161.0546875,67265.18,1704.98193294702,5088749.967012681,2255.825783834532,2.119554022078076,0.9904453012432782
2024-10-25,66642.4140625,68090.22,1704.98193294702,5088749.967012681,2255.825783834532,2.119554022078076,0.9904453012432782
2024-10-26,67014.6953125,67249.03,1704.98193294702,5088749.967012681,2255.825783834532,2.119554022078076,0.9904453012432782
2024-10-27,67929.296875,67288.41,1704.98193294702,5088749.967012681,2255.825783834532,2.119554022078076,0.9904453012432782
2024-10-28,69907.7578125,67528.89,1704.98193294702,5088749.967012681,2255.825783834532,2.119554022078076,0.9904453012432782
2024-10-29,72720.4921875,69834.53,1704.98193294702,5088749.967012681,2255.825783834532,2.119554022078076,0.9904453012432782
2024-10-30,72339.5390625,72083.54,1704.98193294702,5088749.967012681,2255.825783834532,2.119554022078076,0.9904453012432782
2024-10-31,70215.1875,72785.73,1704.98193294702,5088749.967012681,2255.825783834532,2.119554022078076,0.9904453012432782
2024-11-01,69482.46875,71627.51,1704.98193294702,5088749.967012681,2255.825783834532,2.119554022078076,0.9904453012432782
2024-11-02,69289.2734375,70411.95,1704.98193294702,5088749.967012681,2255.825783834532,2.119554022078076,0.9904453012432782
2024-11-03,68741.1171875,69689.96,1704.98193294702,5088749.967012681,2255.825783834532,2.119554022078076,0.9904453012432782
2024-11-04,67811.5078125,69021.85,1704.98193294702,5088749.967012681,2255.825783834532,2.119554022078076,0.9904453012432782
2024-11-05,69359.5625,68468.63,1704.98193294702,5088749.967012681,2255.825783834532,2.119554022078076,0.9904453012432782
2024-11-06,75639.078125,69468.2,1704.98193294702,5088749.967012681,2255.825783834532,2.119554022078076,0.9904453012432782
2024-11-07,75904.859375,73495.766,1704.98193294702,5088749.967012681,2255.825783834532,2.119554022078076,0.9904453012432782
2024-11-08,76545.4765625,75668.01,1704.98193294702,5088749.967012681,2255.825783834532,2.119554022078076,0.9904453012432782
2024-11-09,76778.8671875,76593.31,1704.98193294702,5088749.967012681,2255.825783834532,2.119554022078076,0.9904453012432782
2024-11-10,80474.1875,76963.39,1704.98193294702,5088749.967012681,2255.825783834532,2.119554022078076,0.9904453012432782
2024-11-11,88701.484375,79338.9,1704.98193294702,5088749.967012681,2255.825783834532,2.119554022078076,0.9904453012432782
2024-11-12,87955.8125,84755.805,1704.98193294702,5088749.967012681,2255.825783834532,2.119554022078076,0.9904453012432782
2024-11-13,90584.1640625,87348.96,1704.98193294702,5088749.967012681,2255.825783834532,2.119554022078076,0.9904453012432782
2024-11-14,87250.4296875,89747.82,1704.98193294702,5088749.967012681,2255.825783834532,2.119554022078076,0.9904453012432782
2024-11-15,91066.0078125,88945.41,1704.98193294702,5088749.967012681,2255.825783834532,2.119554022078076,0.9904453012432782
2024-11-16,90558.4765625,90275.89,1704.98193294702,5088749.967012681,2255.825783834532,2.119554022078076,0.9904453012432782
2024-11-17,89845.8515625,90179.46,1704.98193294702,5088749.967012681,2255.825783834532,2.119554022078076,0.9904453012432782
2024-11-18,90542.640625,89452.16,1704.98193294702,5088749.967012681,2255.825783834532,2.119554022078076,0.9904453012432782
2024-11-19,92343.7890625,89563.87,1704.98193294702,5088749.967012681,2255.825783834532,2.119554022078076,0.9904453012432782
2024-11-20,94339.4921875,92198.89,1704.98193294702,5088749.967012681,2255.825783834532,2.119554022078076,0.9904453012432782
2024-11-21,98504.7265625,93151.555,1704.98193294702,5088749.967012681,2255.825783834532,2.119554022078076,0.9904453012432782
2024-11-22,98997.6640625,96350.836,1704.98193294702,5088749.967012681,2255.825783834532,2.119554022078076,0.9904453012432782
2024-11-23,97777.28125,97971.875,1704.98193294702,5088749.967012681,2255.825783834532,2.119554022078076,0.9904453012432782
2024-11-24,98013.8203125,98835.48,1704.98193294702,5088749.967012681,2255.825783834532,2.119554022078076,0.9904453012432782
2024-11-25,93102.296875,98447.82,1704.98193294702,5088749.967012681,2255.825783834532,2.119554022078076,0.9904453012432782
2024-11-26,91985.3203125,94252.79,1704.98193294702,5088749.967012681,2255.825783834532,2.119554022078076,0.9904453012432782
2024-11-27,95962.53125,92049.73,1704.98193294702,5088749.967012681,2255.825783834532,2.119554022078076,0.9904453012432782
2024-11-28,95652.46875,93450.1,1704.98193294702,5088749.967012681,2255.825783834532,2.119554022078076,0.9904453012432782
2024-11-29,97461.5234375,95278.95,1704.98193294702,5088749.967012681,2255.825783834532,2.119554022078076,0.9904453012432782
2024-11-30,96449.0546875,96756.91,1704.98193294702,5088749.967012681,2255.825783834532,2.119554022078076,0.9904453012432782
2024-12-01,97279.7890625,96184.4,1704.98193294702,5088749.967012681,2255.825783834532,2.119554022078076,0.9904453012432782
2024-12-02,95865.3046875,96787.97,1704.98193294702,5088749.967012681,2255.825783834532,2.119554022078076,0.9904453012432782
2024-12-03,96002.1640625,96039.87,1704.98193294702,5088749.967012681,2255.825783834532,2.119554022078076,0.9904453012432782
2024-12-04,98768.53125,95105.89,1704.98193294702,5088749.967012681,2255.825783834532,2.119554022078076,0.9904453012432782
2024-12-05,96593.5703125,96046.84,1704.98193294702,5088749.967012681,2255.825783834532,2.119554022078076,0.9904453012432782
2024-12-06,99920.7109375,97549.734,1704.98193294702,5088749.967012681,2255.825783834532,2.119554022078076,0.9904453012432782
2024-12-07,99923.3359375,98860.01,1704.98193294702,5088749.967012681,2255.825783834532,2.119554022078076,0.9904453012432782
2024-12-08,101236.015625,99851.16,1704.98193294702,5088749.967012681,2255.825783834532,2.119554022078076,0.9904453012432782
2024-12-09,97432.71875,100014.35,1704.98193294702,5088749.967012681,2255.825783834532,2.119554022078076,0.9904453012432782
2024-12-10,96675.4296875,97813.52,1704.98193294702,5088749.967012681,2255.825783834532,2.119554022078076,0.9904453012432782
2024-12-11,101173.03125,97616.3,1704.98193294702,5088749.967012681,2255.825783834532,2.119554022078076,0.9904453012432782
2024-12-12,100043.0,98326.21,1704.98193294702,5088749.967012681,2255.825783834532,2.119554022078076,0.9904453012432782
2024-12-13,101459.2578125,98670.6,1704.98193294702,5088749.967012681,2255.825783834532,2.119554022078076,0.9904453012432782
2024-12-14,101372.96875,99159.69,1704.98193294702,5088749.967012681,2255.825783834532,2.119554022078076,0.9904453012432782
2024-12-15,104298.6953125,101166.88,1704.98193294702,5088749.967012681,2255.825783834532,2.119554022078076,0.9904453012432782
2024-12-16,106029.71875,103832.79,1704.98193294702,5088749.967012681,2255.825783834532,2.119554022078076,0.9904453012432782
2024-12-17,106140.6015625,104462.484,1704.98193294702,5088749.967012681,2255.825783834532,2.119554022078076,0.9904453012432782
2024-12-18,100041.5390625,104510.42,1704.98193294702,5088749.967012681,2255.825783834532,2.119554022078076,0.9904453012432782
2024-12-19,97490.953125,101169.445,1704.98193294702,5088749.967012681,2255.825783834532,2.119554022078076,0.9904453012432782
2024-12-20,97755.9296875,98861.14,1704.98193294702,5088749.967012681,2255.825783834532,2.119554022078076,0.9904453012432782
2024-12-21,97224.7265625,96560.8,1704.98193294702,5088749.967012681,2255.825783834532,2.119554022078076,0.9904453012432782
2024-12-22,95104.9375,96662.62,1704.98193294702,5088749.967012681,2255.825783834532,2.119554022078076,0.9904453012432782
2024-12-23,94686.2421875,95598.33,1704.98193294702,5088749.967012681,2255.825783834532,2.119554022078076,0.9904453012432782
2024-12-24,98676.09375,95173.29,1704.98193294702,5088749.967012681,2255.825783834532,2.119554022078076,0.9904453012432782
2024-12-25,99299.1953125,97321.49,1704.98193294702,5088749.967012681,2255.825783834532,2.119554022078076,0.9904453012432782
2024-12-26,95795.515625,97692.46,1704.98193294702,5088749.967012681,2255.825783834532,2.119554022078076,0.9904453012432782
2024-12-27,94164.859375,95572.08,1704.98193294702,5088749.967012681,2255.825783834532,2.119554022078076,0.9904453012432782
2024-12-28,95163.9296875,93974.586,1704.98193294702,5088749.967012681,2255.825783834532,2.119554022078076,0.9904453012432782
2024-12-29,93530.2265625,95047.66,1704.98193294702,5088749.967012681,2255.825783834532,2.119554022078076,0.9904453012432782
2024-12-30,92643.2109375,93951.4,1704.98193294702,5088749.967012681,2255.825783834532,2.119554022078076,0.9904453012432782
2024-12-31,93429.203125,93021.21,1704.98193294702,5088749.967012681,2255.825783834532,2.119554022078076,0.9904453012432782
2025-01-01,94419.7578125,92454.484,1704.98193294702,5088749.967012681,2255.825783834532,2.119554022078076,0.9904453012432782
2025-01-02,96886.875,93615.875,1704.98193294702,5088749.967012681,2255.825783834532,2.119554022078076,0.9904453012432782
2025-01-03,98107.4296875,95945.41,1704.98193294702,5088749.967012681,2255.825783834532,2.119554022078076,0.9904453012432782
2025-01-04,98236.2265625,95789.38,1704.98193294702,5088749.967012681,2255.825783834532,2.119554022078076,0.9904453012432782
2025-01-05,98314.9609375,96823.336,1704.98193294702,5088749.967012681,2255.825783834532,2.119554022078076,0.9904453012432782
2025-01-06,102078.0859375,97533.22,1704.98193294702,5088749.967012681,2255.825783834532,2.119554022078076,0.9904453012432782
2025-01-07,96922.703125,100242.59,1704.98193294702,5088749.967012681,2255.825783834532,2.119554022078076,0.9904453012432782
2025-01-08,95043.5234375,98853.086,1704.98193294702,5088749.967012681,2255.825783834532,2.119554022078076,0.9904453012432782
2025-01-09,92484.0390625,95837.32,1704.98193294702,5088749.967012681,2255.825783834532,2.119554022078076,0.9904453012432782
2025-01-10,94701.453125,93073.375,1704.98193294702,5088749.967012681,2255.825783834532,2.119554022078076,0.9904453012432782
2025-01-11,94566.59375,94511.625,1704.98193294702,5088749.967012681,2255.825783834532,2.119554022078076,0.9904453012432782
2025-01-12,94488.4375,94046.02,1704.98193294702,5088749.967012681,2255.825783834532,2.119554022078076,0.9904453012432782
2025-01-13,94516.5234375,93067.91,1704.98193294702,5088749.967012681,2255.825783834532,2.119554022078076,0.9904453012432782
2025-01-14,96534.046875,93248.81,1704.98193294702,5088749.967012681,2255.825783834532,2.119554022078076,0.9904453012432782
2025-01-15,100504.4921875,95967.0,1704.98193294702,5088749.967012681,2255.825783834532,2.119554022078076,0.9904453012432782
2025-01-16,99756.90625,98575.23,1704.98193294702,5088749.967012681,2255.825783834532,2.119554022078076,0.9904453012432782
2025-01-17,104462.0390625,99046.06,1704.98193294702,5088749.967012681,2255.825783834532,2.119554022078076,0.9904453012432782
2025-01-18,104408.0703125,101101.97,1704.98193294702,5088749.967012681,2255.825783834532,2.119554022078076,0.9904453012432782
2025-01-19,101089.609375,102942.49,1704.98193294702,5088749.967012681,2255.825783834532,2.119554022078076,0.9904453012432782
2025-01-20,102016.6640625,103110.55,1704.98193294702,5088749.967012681,2255.825783834532,2.119554022078076,0.9904453012432782
2025-01-21,106146.265625,100936.67,1704.98193294702,5088749.967012681,2255.825783834532,2.119554022078076,0.9904453012432782
2025-01-22,103653.0703125,101858.86,1704.98193294702,5088749.967012681,2255.825783834532,2.119554022078076,0.9904453012432782
2025-01-23,103960.171875,103378.695,1704.98193294702,5088749.967012681,2255.825783834532,2.119554022078076,0.9904453012432782
2025-01-24,104819.484375,104259.59,1704.98193294702,5088749.967012681,2255.825783834532,2.119554022078076,0.9904453012432782
2025-01-25,104714.6484375,103819.266,1704.98193294702,5088749.967012681,2255.825783834532,2.119554022078076,0.9904453012432782
2025-01-26,102682.5,103501.38,1704.98193294702,5088749.967012681,2255.825783834532,2.119554022078076,0.9904453012432782
2025-01-27,102087.6875,102581.7,1704.98193294702,5088749.967012681,2255.825783834532,2.119554022078076,0.9904453012432782
2025-01-28,101332.4765625,102323.48,1704.98193294702,5088749.967012681,2255.825783834532,2.119554022078076,0.9904453012432782
2025-01-29,103703.2109375,102173.57,1704.98193294702,5088749.967012681,2255.825783834532,2.119554022078076,0.9904453012432782
2025-01-30,104735.3046875,102021.27,1704.98193294702,5088749.967012681,2255.825783834532,2.119554022078076,0.9904453012432782
2025-01-31,102405.0234375,102390.41,1704.98193294702,5088749.967012681,2255.825783834532,2.119554022078076,0.9904453012432782
2025-02-01,100655.90625,103250.68,1704.98193294702,5088749.967012681,2255.825783834532,2.119554022078076,0.9904453012432782
2025-02-02,97688.9765625,101524.26,1704.98193294702,5088749.967012681,2255.825783834532,2.119554022078076,0.9904453012432782
2025-02-03,101405.421875,97911.82,1704.98193294702,5088749.967012681,2255.825783834532,2.119554022078076,0.9904453012432782
2025-02-04,97871.8203125,98577.73,1704.98193294702,5088749.967012681,2255.825783834532,2.119554022078076,0.9904453012432782
2025-02-05,96615.4453125,98610.6,1704.98193294702,5088749.967012681,2255.825783834532,2.119554022078076,0.9904453012432782
2025-02-06,96593.296875,97166.6,1704.98193294702,5088749.967012681,2255.825783834532,2.119554022078076,0.9904453012432782
2025-02-07,96529.0859375,95583.82,1704.98193294702,5088749.967012681,2255.825783834532,2.119554022078076,0.9904453012432782
2025-02-08,96482.453125,95550.82,1704.98193294702,5088749.967012681,2255.825783834532,2.119554022078076,0.9904453012432782
2025-02-09,96500.09375,96227.41,1704.98193294702,5088749.967012681,2255.825783834532,2.119554022078076,0.9904453012432782
2025-02-10,97437.5546875,96520.19,1704.98193294702,5088749.967012681,2255.825783834532,2.119554022078076,0.9904453012432782
2025-02-11,95747.4296875,96100.67,1704.98193294702,5088749.967012681,2255.825783834532,2.119554022078076,0.9904453012432782
2025-02-12,97885.859375,96106.07,1704.98193294702,5088749.967012681,2255.825783834532,2.119554022078076,0.9904453012432782
2025-02-13,96623.8671875,96255.27,1704.98193294702,5088749.967012681,2255.825783834532,2.119554022078076,0.9904453012432782
2025-02-14,97508.96875,96343.61,1704.98193294702,5088749.967012681,2255.825783834532,2.119554022078076,0.9904453012432782
2025-02-15,97580.3515625,97276.04,1704.98193294702,5088749.967012681,2255.825783834532,2.119554022078076,0.9904453012432782
2025-02-16,96175.03125,96786.75,1704.98193294702,5088749.967012681,2255.825783834532,2.119554022078076,0.9904453012432782
2025-02-17,95773.3828125,97096.31,1704.98193294702,5088749.967012681,2255.825783834532,2.119554022078076,0.9904453012432782
2025-02-18,95539.546875,96008.77,1704.98193294702,5088749.967012681,2255.825783834532,2.119554022078076,0.9904453012432782
2025-02-19,96635.609375,95065.19,1704.98193294702,5088749.967012681,2255.825783834532,2.119554022078076,0.9904453012432782
2025-02-20,98333.9375,95202.09,1704.98193294702,5088749.967012681,2255.825783834532,2.119554022078076,0.9904453012432782
2025-02-21,96125.546875,96550.62,1704.98193294702,5088749.967012681,2255.825783834532,2.119554022078076,0.9904453012432782
2025-02-22,96577.7578125,96254.984,1704.98193294702,5088749.967012681,2255.825783834532,2.119554022078076,0.9904453012432782
2025-02-23,96273.921875,96529.33,1704.98193294702,5088749.967012681,2255.825783834532,2.119554022078076,0.9904453012432782
2025-02-24,91418.171875,96335.21,1704.98193294702,5088749.967012681,2255.825783834532,2.119554022078076,0.9904453012432782
2025-02-25,88736.171875,92975.07,1704.98193294702,5088749.967012681,2255.825783834532,2.119554022078076,0.9904453012432782
2025-02-26,84347.0234375,90657.586,1704.98193294702,5088749.967012681,2255.825783834532,2.119554022078076,0.9904453012432782
2025-02-27,84704.2265625,86089.484,1704.98193294702,5088749.967012681,2255.825783834532,2.119554022078076,0.9904453012432782
2025-02-28,84373.0078125,84378.71,1704.98193294702,5088749.967012681,2255.825783834532,2.119554022078076,0.9904453012432782
2025-03-01,86031.9140625,84691.055,1704.98193294702,5088749.967012681,2255.825783834532,2.119554022078076,0.9904453012432782
2025-03-02,94248.3515625,84763.51,1704.98193294702,5088749.967012681,2255.825783834532,2.119554022078076,0.9904453012432782
2025-03-03,86065.671875,89835.016,1704.98193294702,5088749.967012681,2255.825783834532,2.119554022078076,0.9904453012432782
2025-03-04,87222.1953125,88442.65,1704.98193294702,5088749.967012681,2255.825783834532,2.119554022078076,0.9904453012432782
2025-03-05,90623.5625,87913.57,1704.98193294702,5088749.967012681,2255.825783834532,2.119554022078076,0.9904453012432782
2025-03-06,89961.7265625,89215.4,1704.98193294702,5088749.967012681,2255.825783834532,2.119554022078076,0.9904453012432782
2025-03-07,86742.671875,88938.51,1704.98193294702,5088749.967012681,2255.825783834532,2.119554022078076,0.9904453012432782
2025-03-08,86154.59375,87439.93,1704.98193294702,5088749.967012681,2255.825783834532,2.119554022078076,0.9904453012432782
2025-03-09,80601.0390625,86699.76,1704.98193294702,5088749.967012681,2255.825783834532,2.119554022078076,0.9904453012432782
2025-03-10,78532.0,83621.61,1704.98193294702,5088749.967012681,2255.825783834532,2.119554022078076,0.9904453012432782
2025-03-11,82862.2109375,80972.92,1704.98193294702,5088749.967012681,2255.825783834532,2.119554022078076,0.9904453012432782
2025-03-12,83722.359375,80009.32,1704.98193294702,5088749.967012681,2255.825783834532,2.119554022078076,0.9904453012432782
2025-03-13,81066.703125,83093.89,1704.98193294702,5088749.967012681,2255.825783834532,2.119554022078076,0.9904453012432782
2025-03-14,83969.1015625,82293.76,1704.98193294702,5088749.967012681,2255.825783834532,2.119554022078076,0.9904453012432782
2025-03-15,84343.109375,82579.625,1704.98193294702,5088749.967012681,2255.825783834532,2.119554022078076,0.9904453012432782
2025-03-16,82579.6875,84132.64,1704.98193294702,5088749.967012681,2255.825783834532,2.119554022078076,0.9904453012432782
2025-03-17,84075.6875,83511.414,1704.98193294702,5088749.967012681,2255.825783834532,2.119554022078076,0.9904453012432782
2025-03-18,82718.5,83655.81,1704.98193294702,5088749.967012681,2255.825783834532,2.119554022078076,0.9904453012432782
2025-03-19,86854.2265625,83697.53,1704.98193294702,5088749.967012681,2255.825783834532,2.119554022078076,0.9904453012432782
2025-03-20,84167.1953125,86220.85,1704.98193294702,5088749.967012681,2255.825783834532,2.119554022078076,0.9904453012432782
2025-03-21,84043.2421875,84147.22,1704.98193294702,5088749.967012681,2255.825783834532,2.119554022078076,0.9904453012432782
2025-03-22,83832.484375,83433.76,1704.98193294702,5088749.967012681,2255.825783834532,2.119554022078076,0.9904453012432782
2025-03-23,86054.375,83826.4,1704.98193294702,5088749.967012681,2255.825783834532,2.119554022078076,0.9904453012432782
2025-03-24,87498.9140625,84116.33,1704.98193294702,5088749.967012681,2255.825783834532,2.119554022078076,0.9904453012432782
2025-03-25,87471.703125,86939.83,1704.98193294702,5088749.967012681,2255.825783834532,2.119554022078076,0.9904453012432782
2025-03-26,86900.8828125,87800.68,1704.98193294702,5088749.967012681,2255.825783834532,2.119554022078076,0.9904453012432782
2025-03-27,87177.1015625,87252.62,1704.98193294702,5088749.967012681,2255.825783834532,2.119554022078076,0.9904453012432782
2025-03-28,84353.1484375,87599.92,1704.98193294702,5088749.967012681,2255.825783834532,2.119554022078076,0.9904453012432782
2025-03-29,82597.5859375,85275.36,1704.98193294702,5088749.967012681,2255.825783834532,2.119554022078076,0.9904453012432782
2025-03-30,82334.5234375,84198.77,1704.98193294702,5088749.967012681,2255.825783834532,2.119554022078076,0.9904453012432782
2025-03-31,82548.9140625,82603.77,1704.98193294702,5088749.967012681,2255.825783834532,2.119554022078076,0.9904453012432782
2025-04-01,85169.171875,83265.7,1704.98193294702,5088749.967012681,2255.825783834532,2.119554022078076,0.9904453012432782
2025-04-02,82485.7109375,84219.52,1704.98193294702,5088749.967012681,2255.825783834532,2.119554022078076,0.9904453012432782
2025-04-03,83102.828125,82946.266,1704.98193294702,5088749.967012681,2255.825783834532,2.119554022078076,0.9904453012432782
2025-04-04,83843.8046875,83374.42,1704.98193294702,5088749.967012681,2255.825783834532,2.119554022078076,0.9904453012432782
2025-04-05,83504.796875,83280.664,1704.98193294702,5088749.967012681,2255.825783834532,2.119554022078076,0.9904453012432782
2025-04-06,78214.484375,84117.19,1704.98193294702,5088749.967012681,2255.825783834532,2.119554022078076,0.9904453012432782
2025-04-07,79235.3359375,81065.35,1704.98193294702,5088749.967012681,2255.825783834532,2.119554022078076,0.9904453012432782
2025-04-08,76271.953125,79110.49,1704.98193294702,5088749.967012681,2255.825783834532,2.119554022078076,0.9904453012432782
2025-04-09,82573.953125,76862.85,1704.98193294702,5088749.967012681,2255.825783834532,2.119554022078076,0.9904453012432782
2025-04-10,79626.140625,80342.93,1704.98193294702,5088749.967012681,2255.825783834532,2.119554022078076,0.9904453012432782
2025-04-11,83404.8359375,80802.41,1704.98193294702,5088749.967012681,2255.825783834532,2.119554022078076,0.9904453012432782
2025-04-12,85287.109375,81595.23,1704.98193294702,5088749.967012681,2255.825783834532,2.119554022078076,0.9904453012432782
2025-04-13,83684.9765625,83774.54,1704.98193294702,5088749.967012681,2255.825783834532,2.119554022078076,0.9904453012432782
2025-04-14,84542.390625,85435.93,1704.98193294702,5088749.967012681,2255.825783834532,2.119554022078076,0.9904453012432782
2025-04-15,83668.9921875,84287.32,1704.98193294702,5088749.967012681,2255.825783834532,2.119554022078076,0.9904453012432782
2025-04-16,84033.8671875,83972.99,1704.98193294702,5088749.967012681,2255.825783834532,2.119554022078076,0.9904453012432782
2025-04-17,84895.75,83202.875,1704.98193294702,5088749.967012681,2255.825783834532,2.119554022078076,0.9904453012432782
2025-04-18,84450.8046875,85586.91,1704.98193294702,5088749.967012681,2255.825783834532,2.119554022078076,0.9904453012432782
2025-04-19,85063.4140625,85370.9,1704.98193294702,5088749.967012681,2255.825783834532,2.119554022078076,0.9904453012432782
2025-04-20,85174.3046875,84508.26,1704.98193294702,5088749.967012681,2255.825783834532,2.119554022078076,0.9904453012432782
2025-04-21,87518.90625,84923.65,1704.98193294702,5088749.967012681,2255.825783834532,2.119554022078076,0.9904453012432782
2025-04-22,93441.890625,86004.78,1704.98193294702,5088749.967012681,2255.825783834532,2.119554022078076,0.9904453012432782
2025-04-23,93699.109375,91315.39,1704.98193294702,5088749.967012681,2255.825783834532,2.119554022078076,0.9904453012432782
2025-04-24,93943.796875,92476.5,1704.98193294702,5088749.967012681,2255.825783834532,2.119554022078076,0.9904453012432782
2025-04-25,94720.5,92977.65,1704.98193294702,5088749.967012681,2255.825783834532,2.119554022078076,0.9904453012432782
2025-04-26,94646.9296875,94800.24,1704.98193294702,5088749.967012681,2255.825783834532,2.119554022078076,0.9904453012432782
2025-04-27,93754.84375,94787.38,1704.98193294702,5088749.967012681,2255.825783834532,2.119554022078076,0.9904453012432782
2025-04-28,94978.75,95229.23,1704.98193294702,5088749.967012681,2255.825783834532,2.119554022078076,0.9904453012432782
2025-04-29,94284.7890625,93318.14,1704.98193294702,5088749.967012681,2255.825783834532,2.119554022078076,0.9904453012432782
2025-04-30,94207.3125,93514.49,1704.98193294702,5088749.967012681,2255.825783834532,2.119554022078076,0.9904453012432782
2025-05-01,96492.3359375,94947.42,1704.98193294702,5088749.967012681,2255.825783834532,2.119554022078076,0.9904453012432782
2025-05-02,96910.0703125,94549.2,1704.98193294702,5088749.967012681,2255.825783834532,2.119554022078076,0.9904453012432782
2025-05-03,95891.796875,95085.14,1704.98193294702,5088749.967012681,2255.825783834532,2.119554022078076,0.9904453012432782
2025-05-04,94315.9765625,96149.66,1704.98193294702,5088749.967012681,2255.825783834532,2.119554022078076,0.9904453012432782
2025-05-05,94748.0546875,95619.37,1704.98193294702,5088749.967012681,2255.825783834532,2.119554022078076,0.9904453012432782
2025-05-06,96802.4765625,95247.53,1704.98193294702,5088749.967012681,2255.825783834532,2.119554022078076,0.9904453012432782
2025-05-07,97032.3203125,96195.54,1704.98193294702,5088749.967012681,2255.825783834532,2.119554022078076,0.9904453012432782
2025-05-08,103241.4609375,95515.195,1704.98193294702,5088749.967012681,2255.825783834532,2.119554022078076,0.9904453012432782
2025-05-09,102970.8515625,99452.3,1704.98193294702,5088749.967012681,2255.825783834532,2.119554022078076,0.9904453012432782
2025-05-10,104696.328125,102361.305,1704.98193294702,5088749.967012681,2255.825783834532,2.119554022078076,0.9904453012432782
2025-05-11,104106.359375,103546.09,1704.98193294702,5088749.967012681,2255.825783834532,2.119554022078076,0.9904453012432782
2025-05-12,102812.953125,103225.91,1704.98193294702,5088749.967012681,2255.825783834532,2.119554022078076,0.9904453012432782
2025-05-13,104169.8125,102693.11,1704.98193294702,5088749.967012681,2255.825783834532,2.119554022078076,0.9904453012432782
2025-05-14,103539.4140625,103020.94,1704.98193294702,5088749.967012681,2255.825783834532,2.119554022078076,0.9904453012432782
2025-05-15,103744.640625,102729.695,1704.98193294702,5088749.967012681,2255.825783834532,2.119554022078076,0.9904453012432782
2025-05-16,103489.2890625,102148.89,1704.98193294702,5088749.967012681,2255.825783834532,2.119554022078076,0.9904453012432782
2025-05-17,103191.0859375,103437.46,1704.98193294702,5088749.967012681,2255.825783834532,2.119554022078076,0.9904453012432782
2025-05-18,106446.0078125,102912.805,1704.98193294702,5088749.967012681,2255.825783834532,2.119554022078076,0.9904453012432782
2025-05-19,105606.1796875,104944.586,1704.98193294702,5088749.967012681,2255.825783834532,2.119554022078076,0.9904453012432782
2025-05-20,106791.0859375,104705.71,1704.98193294702,5088749.967012681,2255.825783834532,2.119554022078076,0.9904453012432782
2025-05-21,109678.078125,104880.016,1704.98193294702,5088749.967012681,2255.825783834532,2.119554022078076,0.9904453012432782
2025-05-22,111673.28125,107932.88,1704.98193294702,5088749.967012681,2255.825783834532,2.119554022078076,0.9904453012432782
2025-05-23,107287.796875,109068.18,1704.98193294702,5088749.967012681,2255.825783834532,2.119554022078076,0.9904453012432782
2025-05-24,107791.15625,107745.45,1704.98193294702,5088749.967012681,2255.825783834532,2.119554022078076,0.9904453012432782
2025-05-25,109035.390625,107217.89,1704.98193294702,5088749.967012681,2255.825783834532,2.119554022078076,0.9904453012432782
2025-05-26,109440.3671875,107412.195,1704.98193294702,5088749.967012681,2255.825783834532,2.119554022078076,0.9904453012432782
2025-05-27,108994.640625,109101.53,1704.98193294702,5088749.967012681,2255.825783834532,2.119554022078076,0.9904453012432782
2025-05-28,107802.328125,107523.01,1704.98193294702,5088749.967012681,2255.825783834532,2.119554022078076,0.9904453012432782
2025-05-29,105641.7578125,106662.89,1704.98193294702,5088749.967012681,2255.825783834532,2.119554022078076,0.9904453012432782
2025-05-30,103998.5703125,104939.06,1704.98193294702,5088749.967012681,2255.825783834532,2.119554022078076,0.9904453012432782
2025-05-31,104638.09375,103863.75,1704.98193294702,5088749.967012681,2255.825783834532,2.119554022078076,0.9904453012432782
2025-06-01,105652.1015625,103830.17,1704.98193294702,5088749.967012681,2255.825783834532,2.119554022078076,0.9904453012432782
2025-06-02,105881.53125,104245.7,1704.98193294702,5088749.967012681,2255.825783834532,2.119554022078076,0.9904453012432782
2025-06-03,105432.46875,105094.61,1704.98193294702,5088749.967012681,2255.825783834532,2.119554022078076,0.9904453012432782
2025-06-04,104731.984375,104995.78,1704.98193294702,5088749.967012681,2255.825783834532,2.119554022078076,0.9904453012432782
2025-06-05,101575.953125,105193.59,1704.98193294702,5088749.967012681,2255.825783834532,2.119554022078076,0.9904453012432782
2025-06-06,104390.34375,101675.266,1704.98193294702,5088749.967012681,2255.825783834532,2.119554022078076,0.9904453012432782
2025-06-07,105615.625,101793.78,1704.98193294702,5088749.967012681,2255.825783834532,2.119554022078076,0.9904453012432782
2025-06-08,105793.6484375,103945.4,1704.98193294702,5088749.967012681,2255.825783834532,2.119554022078076,0.9904453012432782
2025-06-09,110294.1015625,104858.19,1704.98193294702,5088749.967012681,2255.825783834532,2.119554022078076,0.9904453012432782
2025-06-10,110257.234375,107416.64,1704.98193294702,5088749.967012681,2255.825783834532,2.119554022078076,0.9904453012432782
2025-06-11,108686.625,107873.42,1704.98193294702,5088749.967012681,2255.825783834532,2.119554022078076,0.9904453012432782
2025-06-12,105929.0546875,108347.02,1704.98193294702,5088749.967012681,2255.825783834532,2.119554022078076,0.9904453012432782
2025-06-13,106090.96875,106564.9,1704.98193294702,5088749.967012681,2255.825783834532,2.119554022078076,0.9904453012432782
2025-06-14,105472.40625,105023.77,1704.98193294702,5088749.967012681,2255.825783834532,2.119554022078076,0.9904453012432782
2025-06-15,105552.0234375,104876.49,1704.98193294702,5088749.967012681,2255.825783834532,2.119554022078076,0.9904453012432782
2025-06-16,106796.7578125,104298.14,1704.98193294702,5088749.967012681,2255.825783834532,2.119554022078076,0.9904453012432782
2025-06-17,104601.1171875,105189.555,1704.98193294702,5088749.967012681,2255.825783834532,2.119554022078076,0.9904453012432782
2025-06-18,104883.328125,105018.88,1704.98193294702,5088749.967012681,2255.825783834532,2.119554022078076,0.9904453012432782
2025-06-19,104684.2890625,103804.63,1704.98193294702,5088749.967012681,2255.825783834532,2.119554022078076,0.9904453012432782
2025-06-20,103309.6015625,104033.805,1704.98193294702,5088749.967012681,2255.825783834532,2.119554022078076,0.9904453012432782
2025-06-21,102257.40625,103573.125,1704.98193294702,5088749.967012681,2255.825783834532,2.119554022078076,0.9904453012432782
2025-06-22,100987.140625,102020.91,1704.98193294702,5088749.967012681,2255.825783834532,2.119554022078076,0.9904453012432782
2025-06-23,105577.7734375,100188.3,1704.98193294702,5088749.967012681,2255.825783834532,2.119554022078076,0.9904453012432782
2025-06-24,106045.6328125,102525.39,1704.98193294702,5088749.967012681,2255.825783834532,2.119554022078076,0.9904453012432782
2025-06-25,107361.2578125,104685.586,1704.98193294702,5088749.967012681,2255.825783834532,2.119554022078076,0.9904453012432782
2025-06-26,106960.0,105353.79,1704.98193294702,5088749.967012681,2255.825783834532,2.119554022078076,0.9904453012432782
2025-06-27,107088.4296875,106474.01,1704.98193294702,5088749.967012681,2255.825783834532,2.119554022078076,0.9904453012432782
2025-06-28,107327.703125,106231.36,1704.98193294702,5088749.967012681,2255.825783834532,2.119554022078076,0.9904453012432782
2025-06-29,108385.5703125,105647.27,1704.98193294702,5088749.967012681,2255.825783834532,2.119554022078076,0.9904453012432782
2025-06-30,107135.3359375,106619.01,1704.98193294702,5088749.967012681,2255.825783834532,2.119554022078076,0.9904453012432782
2025-07-01,105698.28125,105614.56,1704.98193294702,5088749.967012681,2255.825783834532,2.119554022078076,0.9904453012432782
2025-07-02,108859.3203125,105730.65,1704.98193294702,5088749.967012681,2255.825783834532,2.119554022078076,0.9904453012432782
2025-07-03,109647.9765625,106767.15,1704.98193294702,5088749.967012681,2255.825783834532,2.119554022078076,0.9904453012432782
2025-07-04,108034.3359375,108869.83,1704.98193294702,5088749.967012681,2255.825783834532,2.119554022078076,0.9904453012432782
2025-07-05,108231.1796875,108051.44,1704.98193294702,5088749.967012681,2255.825783834532,2.119554022078076,0.9904453012432782
2025-07-06,109232.0703125,106821.76,1704.98193294702,5088749.967012681,2255.825783834532,2.119554022078076,0.9904453012432782
2025-07-07,108299.8515625,107835.78,1704.98193294702,5088749.967012681,2255.825783834532,2.119554022078076,0.9904453012432782
2025-07-08,108950.2734375,107392.23,1704.98193294702,5088749.967012681,2255.825783834532,2.119554022078076,0.9904453012432782
2025-07-09,111326.5546875,107560.87,1704.98193294702,5088749.967012681,2255.825783834532,2.119554022078076,0.9904453012432782
2025-07-10,115987.203125,108396.39,1704.98193294702,5088749.967012681,2255.825783834532,2.119554022078076,0.9904453012432782
2025-07-11,117516.9921875,112831.28,1704.98193294702,5088749.967012681,2255.825783834532,2.119554022078076,0.9904453012432782
2025-07-12,117435.2265625,115563.15,1704.98193294702,5088749.967012681,2255.825783834532,2.119554022078076,0.9904453012432782
2025-07-13,119116.1171875,115874.4,1704.98193294702,5088749.967012681,2255.825783834532,2.119554022078076,0.9904453012432782
2025-07-14,119849.703125,117012.06,1704.98193294702,5088749.967012681,2255.825783834532,2.119554022078076,0.9904453012432782
2025-07-15,117777.1875,116647.76,1704.98193294702,5088749.967012681,2255.825783834532,2.119554022078076,0.9904453012432782
2025-07-16,118738.5078125,116456.41,1704.98193294702,5088749.967012681,2255.825783834532,2.119554022078076,0.9904453012432782
2025-07-17,119289.84375,116657.47,1704.98193294702,5088749.967012681,2255.825783834532,2.119554022078076,0.9904453012432782
2025-07-18,118003.2265625,116736.05,1704.98193294702,5088749.967012681,2255.825783834532,2.119554022078076,0.9904453012432782
2025-07-19,117939.9765625,117168.234,1704.98193294702,5088749.967012681,2255.825783834532,2.119554022078076,0.9904453012432782
2025-07-20,117300.7890625,117087.18,1704.98193294702,5088749.967012681,2255.825783834532,2.119554022078076,0.9904453012432782
2025-07-21,117439.5390625,116460.93,1704.98193294702,5088749.967012681,2255.825783834532,2.119554022078076,0.9904453012432782
2025-07-22,119995.4140625,115515.125,1704.98193294702,5088749.967012681,2255.825783834532,2.119554022078076,0.9904453012432782
2025-07-23,118754.9609375,116683.66,1704.98193294702,5088749.967012681,2255.825783834532,2.119554022078076,0.9904453012432782
2025-07-24,118368.0,117370.8,1704.98193294702,5088749.967012681,2255.825783834532,2.119554022078076,0.9904453012432782
2025-07-25,117635.8828125,117348.984,1704.98193294702,5088749.967012681,2255.825783834532,2.119554022078076,0.9904453012432782
2025-07-26,117947.3671875,116034.336,1704.98193294702,5088749.967012681,2255.825783834532,2.119554022078076,0.9904453012432782
2025-07-27,119448.4921875,116149.3,1704.98193294702,5088749.967012681,2255.825783834532,2.119554022078076,0.9904453012432782
2025-07-28,117924.4765625,117829.625,1704.98193294702,5088749.967012681,2255.825783834532,2.119554022078076,0.9904453012432782
2025-07-29,117922.1484375,116783.88,1704.98193294702,5088749.967012681,2255.825783834532,2.119554022078076,0.9904453012432782
2025-07-30,117831.1875,115546.05,1704.98193294702,5088749.967012681,2255.825783834532,2.119554022078076,0.9904453012432782
2025-07-31,115758.203125,115719.24,1704.98193294702,5088749.967012681,2255.825783834532,2.119554022078076,0.9904453012432782
2025-08-01,113320.0859375,114481.95,1704.98193294702,5088749.967012681,2255.825783834532,2.119554022078076,0.9904453012432782
2025-08-02,112526.9140625,113286.15,1704.98193294702,5088749.967012681,2255.825783834532,2.119554022078076,0.9904453012432782
2025-08-03,114217.671875,111494.586,1704.98193294702,5088749.967012681,2255.825783834532,2.119554022078076,0.9904453012432782
2025-08-04,115071.8828125,111644.07,1704.98193294702,5088749.967012681,2255.825783834532,2.119554022078076,0.9904453012432782
2025-08-05,114141.4453125,113893.32,1704.98193294702,5088749.967012681,2255.825783834532,2.119554022078076,0.9904453012432782
2025-08-06,115028.0,113153.83,1704.98193294702,5088749.967012681,2255.825783834532,2.119554022078076,0.9904453012432782
2025-08-07,117496.8984375,112936.87,1704.98193294702,5088749.967012681,2255.825783834532,2.119554022078076,0.9904453012432782
2025-08-08,116688.7265625,114484.086,1704.98193294702,5088749.967012681,2255.825783834532,2.119554022078076,0.9904453012432782
2025-08-09,116500.359375,115172.75,1704.98193294702,5088749.967012681,2255.825783834532,2.119554022078076,0.9904453012432782
2025-08-10,119306.7578125,115539.086,1704.98193294702,5088749.967012681,2255.825783834532,2.119554022078076,0.9904453012432782
2025-08-11,118731.4453125,116336.56,1704.98193294702,5088749.967012681,2255.825783834532,2.119554022078076,0.9904453012432782
2025-08-12,120172.90625,116762.73,1704.98193294702,5088749.967012681,2255.825783834532,2.119554022078076,0.9904453012432782
2025-08-13,123344.0625,117649.67,1704.98193294702,5088749.967012681,2255.825783834532,2.119554022078076,0.9904453012432782
2025-08-14,118359.578125,119849.39,1704.98193294702,5088749.967012681,2255.825783834532,2.119554022078076,0.9904453012432782
2025-08-15,117398.3515625,118237.73,1704.98193294702,5088749.967012681,2255.825783834532,2.119554022078076,0.9904453012432782
2025-08-16,117491.3515625,116579.46,1704.98193294702,5088749.967012681,2255.825783834532,2.119554022078076,0.9904453012432782
2025-08-17,117453.0625,115570.81,1704.98193294702,5088749.967012681,2255.825783834532,2.119554022078076,0.9904453012432782
2025-08-18,116252.3125,115674.86,1704.98193294702,5088749.967012681,2255.825783834532,2.119554022078076,0.9904453012432782
2025-08-19,112831.1796875,115362.47,1704.98193294702,5088749.967012681,2255.825783834532,2.119554022078076,0.9904453012432782
2025-08-20,114274.7421875,112089.53,1704.98193294702,5088749.967012681,2255.825783834532,2.119554022078076,0.9904453012432782
2025-08-21,112419.03125,112723.7,1704.98193294702,5088749.967012681,2255.825783834532,2.119554022078076,0.9904453012432782
2025-08-22,116874.0859375,112654.0,1704.98193294702,5088749.967012681,2255.825783834532,2.119554022078076,0.9904453012432782
2025-08-23,115374.328125,113219.51,1704.98193294702,5088749.967012681,2255.825783834532,2.119554022078076,0.9904453012432782
2025-08-24,113458.4296875,113659.92,1704.98193294702,5088749.967012681,2255.825783834532,2.119554022078076,0.9904453012432782
2025-08-25,110124.3515625,113025.67,1704.98193294702,5088749.967012681,2255.825783834532,2.119554022078076,0.9904453012432782
2025-08-26,111802.65625,110374.94,1704.98193294702,5088749.967012681,2255.825783834532,2.119554022078076,0.9904453012432782
2025-08-27,111222.0625,110034.41,1704.98193294702,5088749.967012681,2255.825783834532,2.119554022078076,0.9904453012432782
2025-08-28,112544.8046875,109228.36,1704.98193294702,5088749.967012681,2255.825783834532,2.119554022078076,0.9904453012432782
2025-08-29,108410.8359375,110434.04,1704.98193294702,5088749.967012681,2255.825783834532,2.119554022078076,0.9904453012432782
2025-08-30,108808.0703125,108397.8,1704.98193294702,5088749.967012681,2255.825783834532,2.119554022078076,0.9904453012432782
2025-08-31,108236.7109375,108704.29,1704.98193294702,5088749.967012681,2255.825783834532,2.119554022078076,0.9904453012432782
2025-09-01,109250.59375,106976.97,1704.98193294702,5088749.967012681,2255.825783834532,2.119554022078076,0.9904453012432782
2025-09-02,111200.5859375,107085.83,1704.98193294702,5088749.967012681,2255.825783834532,2.119554022078076,0.9904453012432782
2025-09-03,111723.2109375,108784.78,1704.98193294702,5088749.967012681,2255.825783834532,2.119554022078076,0.9904453012432782
2025-09-04,110723.6015625,110003.03,1704.98193294702,5088749.967012681,2255.825783834532,2.119554022078076,0.9904453012432782
2025-09-05,110650.984375,110388.336,1704.98193294702,5088749.967012681,2255.825783834532,2.119554022078076,0.9904453012432782
2025-09-06,110224.6953125,109848.39,1704.98193294702,5088749.967012681,2255.825783834532,2.119554022078076,0.9904453012432782
2025-09-07,111167.6171875,109124.29,1704.98193294702,5088749.967012681,2255.825783834532,2.119554022078076,0.9904453012432782
2025-09-08,112071.4296875,109862.32,1704.98193294702,5088749.967012681,2255.825783834532,2.119554022078076,0.9904453012432782
2025-09-09,111530.546875,109979.14,1704.98193294702,5088749.967012681,2255.825783834532,2.119554022078076,0.9904453012432782
2025-09-10,113955.359375,110236.53,1704.98193294702,5088749.967012681,2255.825783834532,2.119554022078076,0.9904453012432782
2025-09-11,115507.5390625,111547.2,1704.98193294702,5088749.967012681,2255.825783834532,2.119554022078076,0.9904453012432782
2025-09-12,116101.578125,113253.87,1704.98193294702,5088749.967012681,2255.825783834532,2.119554022078076,0.9904453012432782
2025-09-13,115950.5078125,113667.23,1704.98193294702,5088749.967012681,2255.825783834532,2.119554022078076,0.9904453012432782
2025-09-14,115407.65625,114264.1,1704.98193294702,5088749.967012681,2255.825783834532,2.119554022078076,0.9904453012432782
2025-09-15,115444.875,114351.555,1704.98193294702,5088749.967012681,2255.825783834532,2.119554022078076,0.9904453012432782
2025-09-16,116843.1875,114454.81,1704.98193294702,5088749.967012681,2255.825783834532,2.119554022078076,0.9904453012432782
2025-09-17,116468.5078125,114853.08,1704.98193294702,5088749.967012681,2255.825783834532,2.119554022078076,0.9904453012432782
2025-09-18,117137.203125,114137.05,1704.98193294702,5088749.967012681,2255.825783834532,2.119554022078076,0.9904453012432782
2025-09-19,115688.859375,115067.914,1704.98193294702,5088749.967012681,2255.825783834532,2.119554022078076,0.9904453012432782
2025-09-20,115721.9609375,114724.77,1704.98193294702,5088749.967012681,2255.825783834532,2.119554022078076,0.9904453012432782
2025-09-21,115306.09375,114730.83,1704.98193294702,5088749.967012681,2255.825783834532,2.119554022078076,0.9904453012432782
2025-09-22,112748.5078125,114614.02,1704.98193294702,5088749.967012681,2255.825783834532,2.119554022078076,0.9904453012432782
2025-09-23,112014.5,111914.57,1704.98193294702,5088749.967012681,2255.825783834532,2.119554022078076,0.9904453012432782
2025-09-24,113328.6328125,110720.28,1704.98193294702,5088749.967012681,2255.825783834532,2.119554022078076,0.9904453012432782
2025-09-25,109049.2890625,111592.33,1704.98193294702,5088749.967012681,2255.825783834532,2.119554022078076,0.9904453012432782
2025-09-26,109712.828125,109392.25,1704.98193294702,5088749.967012681,2255.825783834532,2.119554022078076,0.9904453012432782
2025-09-27,109681.9453125,109012.32,1704.98193294702,5088749.967012681,2255.825783834532,2.119554022078076,0.9904453012432782
2025-09-28,112122.640625,108054.86,1704.98193294702,5088749.967012681,2255.825783834532,2.119554022078076,0.9904453012432782
2025-09-29,114400.3828125,110104.41,1704.98193294702,5088749.967012681,2255.825783834532,2.119554022078076,0.9904453012432782
2025-09-30,114056.0859375,112073.08,1704.98193294702,5088749.967012681,2255.825783834532,2.119554022078076,0.9904453012432782
2025-10-01,118648.9296875,111905.51,1704.98193294702,5088749.967012681,2255.825783834532,2.119554022078076,0.9904453012432782
2025-10-02,120681.2578125,114918.41,1704.98193294702,5088749.967012681,2255.825783834532,2.119554022078076,0.9904453012432782
2025-10-03,122266.53125,117645.93,1704.98193294702,5088749.967012681,2255.825783834532,2.119554022078076,0.9904453012432782
2025-10-04,122425.4296875,119307.47,1704.98193294702,5088749.967012681,2255.825783834532,2.119554022078076,0.9904453012432782
2025-10-05,123513.4765625,120622.93,1704.98193294702,5088749.967012681,2255.825783834532,2.119554022078076,0.9904453012432782
2025-10-06,124752.53125000001,121050.83,1704.98193294702,5088749.967012681,2255.825783834532,2.119554022078076,0.9904453012432782
2025-10-07,121451.3828125,121955.17,1704.98193294702,5088749.967012681,2255.825783834532,2.119554022078076,0.9904453012432782
2025-10-08,123354.8671875,120882.43,1704.98193294702,5088749.967012681,2255.825783834532,2.119554022078076,0.9904453012432782
2025-10-09,121705.5859375,120785.5,1704.98193294702,5088749.967012681,2255.825783834532,2.119554022078076,0.9904453012432782
2025-10-10,113214.3671875,119735.52,1704.98193294702,5088749.967012681,2255.825783834532,2.119554022078076,0.9904453012432782
2025-10-11,110807.8828125,115057.09,1704.98193294702,5088749.967012681,2255.825783834532,2.119554022078076,0.9904453012432782
2025-10-12,115169.765625,111922.75,1704.98193294702,5088749.967012681,2255.825783834532,2.119554022078076,0.9904453012432782
2025-10-13,115271.078125,112390.62,1704.98193294702,5088749.967012681,2255.825783834532,2.119554022078076,0.9904453012432782
2025-10-14,113118.6640625,112876.9,1704.98193294702,5088749.967012681,2255.825783834532,2.119554022078076,0.9904453012432782
2025-10-15,110783.1640625,112588.75,1704.98193294702,5088749.967012681,2255.825783834532,2.119554022078076,0.9904453012432782
2025-10-16,108186.0390625,110631.01,1704.98193294702,5088749.967012681,2255.825783834532,2.119554022078076,0.9904453012432782
2025-10-17,106467.7890625,108972.15,1704.98193294702,5088749.967012681,2255.825783834532,2.119554022078076,0.9904453012432782
2025-10-18,107198.265625,106148.83,1704.98193294702,5088749.967012681,2255.825783834532,2.119554022078076,0.9904453012432782
2025-10-19,108666.7109375,104875.04,1704.98193294702,5088749.967012681,2255.825783834532,2.119554022078076,0.9904453012432782
2025-10-20,110588.9296875,106537.36,1704.98193294702,5088749.967012681,2255.825783834532,2.119554022078076,0.9904453012432782
2025-10-21,108476.890625,107998.36,1704.98193294702,5088749.967012681,2255.825783834532,2.119554022078076,0.9904453012432782
2025-10-22,107688.5859375,107480.29,1704.98193294702,5088749.967012681,2255.825783834532,2.119554022078076,0.9904453012432782
2025-10-23,110069.7265625,107156.42,1704.98193294702,5088749.967012681,2255.825783834532,2.119554022078076,0.9904453012432782
2025-10-24,111033.921875,108036.03,1704.98193294702,5088749.967012681,2255.825783834532,2.119554022078076,0.9904453012432782
2025-10-25,111641.7265625,108240.79,1704.98193294702,5088749.967012681,2255.825783834532,2.119554022078076,0.9904453012432782
2025-10-26,114472.4453125,110011.58,1704.98193294702,5088749.967012681,2255.825783834532,2.119554022078076,0.9904453012432782
2025-10-27,114119.328125,112595.83,1704.98193294702,5088749.967012681,2255.825783834532,2.119554022078076,0.9904453012432782
2025-10-28,112956.1640625,112499.45,1704.98193294702,5088749.967012681,2255.825783834532,2.119554022078076,0.9904453012432782
2025-10-29,110055.3046875,112282.945,1704.98193294702,5088749.967012681,2255.825783834532,2.119554022078076,0.9904453012432782
2025-10-30,108305.546875,110072.73,1704.98193294702,5088749.967012681,2255.825783834532,2.119554022078076,0.9904453012432782
2025-10-31,109556.1640625,108943.78,1704.98193294702,5088749.967012681,2255.825783834532,2.119554022078076,0.9904453012432782
2025-11-01,110064.015625,108623.1,1704.98193294702,5088749.967012681,2255.825783834532,2.119554022078076,0.9904453012432782
2025-11-02,110639.625,108293.79,1704.98193294702,5088749.967012681,2255.825783834532,2.119554022078076,0.9904453012432782
2025-11-03,106547.5234375,109378.32,1704.98193294702,5088749.967012681,2255.825783834532,2.119554022078076,0.9904453012432782
2025-11-04,101590.5234375,106818.96,1704.98193294702,5088749.967012681,2255.825783834532,2.119554022078076,0.9904453012432782
2025-11-05,103891.8359375,102492.59,1704.98193294702,5088749.967012681,2255.825783834532,2.119554022078076,0.9904453012432782
2025-11-06,101301.2890625,102547.53,1704.98193294702,5088749.967012681,2255.825783834532,2.119554022078076,0.9904453012432782
2025-11-07,103372.40625,101794.484,1704.98193294702,5088749.967012681,2255.825783834532,2.119554022078076,0.9904453012432782
2025-11-08,102282.1171875,102158.86,1704.98193294702,5088749.967012681,2255.825783834532,2.119554022078076,0.9904453012432782
2025-11-09,104719.640625,100644.98,1704.98193294702,5088749.967012681,2255.825783834532,2.119554022078076,0.9904453012432782
2025-11-10,105996.59375,102231.125,1704.98193294702,5088749.967012681,2255.825783834532,2.119554022078076,0.9904453012432782
2025-11-11,102997.46875,104294.93,1704.98193294702,5088749.967012681,2255.825783834532,2.119554022078076,0.9904453012432782
2025-11-12,101663.1875,102941.57,1704.98193294702,5088749.967012681,2255.825783834532,2.119554022078076,0.9904453012432782
2025-11-13,99697.4921875,101389.22,1704.98193294702,5088749.967012681,2255.825783834532,2.119554022078076,0.9904453012432782
2025-11-14,94397.7890625,100485.58,1704.98193294702,5088749.967012681,2255.825783834532,2.119554022078076,0.9904453012432782
2025-11-15,95549.1484375,96386.78,1704.98193294702,5088749.967012681,2255.825783834532,2.119554022078076,0.9904453012432782
2025-11-16,94177.078125,95056.49,1704.98193294702,5088749.967012681,2255.825783834532,2.119554022078076,0.9904453012432782
2025-11-17,92093.875,93402.68,1704.98193294702,5088749.967012681,2255.825783834532,2.119554022078076,0.9904453012432782
2025-11-18,92948.875,92620.04,1704.98193294702,5088749.967012681,2255.825783834532,2.119554022078076,0.9904453012432782
2025-11-19,91465.9921875,92800.98,1704.98193294702,5088749.967012681,2255.825783834532,2.119554022078076,0.9904453012432782
2025-11-20,86631.8984375,92259.53,1704.98193294702,5088749.967012681,2255.825783834532,2.119554022078076,0.9904453012432782
2025-11-21,85090.6875,89401.63,1704.98193294702,5088749.967012681,2255.825783834532,2.119554022078076,0.9904453012432782
2025-11-22,84648.359375,85945.234,1704.98193294702,5088749.967012681,2255.825783834532,2.119554022078076,0.9904453012432782
2025-11-23,86805.0078125,84199.6,1704.98193294702,5088749.967012681,2255.825783834532,2.119554022078076,0.9904453012432782
2025-11-24,88270.5625,85851.836,1704.98193294702,5088749.967012681,2255.825783834532,2.119554022078076,0.9904453012432782
2025-11-25,87341.890625,87126.36,1704.98193294702,5088749.967012681,2255.825783834532,2.119554022078076,0.9904453012432782
2025-11-26,90518.3671875,87178.836,1704.98193294702,5088749.967012681,2255.825783834532,2.119554022078076,0.9904453012432782
2025-11-27,91285.375,89272.42,1704.98193294702,5088749.967012681,2255.825783834532,2.119554022078076,0.9904453012432782
2025-11-28,90919.265625,90634.53,1704.98193294702,5088749.967012681,2255.825783834532,2.119554022078076,0.9904453012432782
2025-11-29,90851.7578125,90233.54,1704.98193294702,5088749.967012681,2255.825783834532,2.119554022078076,0.9904453012432782
2025-11-30,90394.3125,90110.11,1704.98193294702,5088749.967012681,2255.825783834532,2.119554022078076,0.9904453012432782
2025-12-01,86321.5703125,89412.38,1704.98193294702,5088749.967012681,2255.825783834532,2.119554022078076,0.9904453012432782
2025-12-02,91350.203125,87954.93,1704.98193294702,5088749.967012681,2255.825783834532,2.119554022078076,0.9904453012432782
2025-12-03,93527.8046875,89689.445,1704.98193294702,5088749.967012681,2255.825783834532,2.119554022078076,0.9904453012432782
2025-12-04,92141.625,91209.4,1704.98193294702,5088749.967012681,2255.825783834532,2.119554022078076,0.9904453012432782
2025-12-05,89387.7578125,93381.664,1704.98193294702,5088749.967012681,2255.825783834532,2.119554022078076,0.9904453012432782
2025-12-06,89272.375,91274.805,1704.98193294702,5088749.967012681,2255.825783834532,2.119554022078076,0.9904453012432782
2025-12-07,90405.640625,89970.414,1704.98193294702,5088749.967012681,2255.825783834532,2.119554022078076,0.9904453012432782
2025-12-08,90640.203125,90096.66,1704.98193294702,5088749.967012681,2255.825783834532,2.119554022078076,0.9904453012432782
2025-12-09,92691.7109375,89095.305,1704.98193294702,5088749.967012681,2255.825783834532,2.119554022078076,0.9904453012432782
2025-12-10,92020.9453125,90922.22,1704.98193294702,5088749.967012681,2255.825783834532,2.119554022078076,0.9904453012432782
2025-12-11,92511.3359375,92881.92,1704.98193294702,5088749.967012681,2255.825783834532,2.119554022078076,0.9904453012432782
2025-12-12,90270.4140625,93004.25,1704.98193294702,5088749.967012681,2255.825783834532,2.119554022078076,0.9904453012432782
2025-12-13,90298.7109375,91398.42,1704.98193294702,5088749.967012681,2255.825783834532,2.119554022078076,0.9904453012432782
2025-12-14,88175.1796875,90494.21,1704.98193294702,5088749.967012681,2255.825783834532,2.119554022078076,0.9904453012432782
2025-12-15,86419.78125,88524.38,1704.98193294702,5088749.967012681,2255.825783834532,2.119554022078076,0.9904453012432782
2025-12-16,87843.984375,86366.46,1704.98193294702,5088749.967012681,2255.825783834532,2.119554022078076,0.9904453012432782
2025-12-17,86143.7578125,86440.836,1704.98193294702,5088749.967012681,2255.825783834532,2.119554022078076,0.9904453012432782
2025-12-18,85462.5078125,86626.36,1704.98193294702,5088749.967012681,2255.825783834532,2.119554022078076,0.9904453012432782
2025-12-19,88103.3828125,86275.81,1704.98193294702,5088749.967012681,2255.825783834532,2.119554022078076,0.9904453012432782
2025-12-20,88344.0,87554.33,1704.98193294702,5088749.967012681,2255.825783834532,2.119554022078076,0.9904453012432782
2025-12-21,88621.75,88001.3,1704.98193294702,5088749.967012681,2255.825783834532,2.119554022078076,0.9904453012432782
2025-12-22,88490.015625,88911.29,1704.98193294702,5088749.967012681,2255.825783834532,2.119554022078076,0.9904453012432782
2025-12-23,87414.0,88628.09,1704.98193294702,5088749.967012681,2255.825783834532,2.119554022078076,0.9904453012432782
2025-12-24,87611.9609375,86951.63,1704.98193294702,5088749.967012681,2255.825783834532,2.119554022078076,0.9904453012432782
2025-12-25,87234.7421875,87819.3,1704.98193294702,5088749.967012681,2255.825783834532,2.119554022078076,0.9904453012432782
2025-12-26,87301.4296875,87003.91,1704.98193294702,5088749.967012681,2255.825783834532,2.119554022078076,0.9904453012432782
2025-12-27,87802.15625,87500.84,1704.98193294702,5088749.967012681,2255.825783834532,2.119554022078076,0.9904453012432782
2025-12-28,87835.8359375,88761.78,1704.98193294702,5088749.967012681,2255.825783834532,2.119554022078076,0.9904453012432782
2025-12-29,87138.140625,87738.43,1704.98193294702,5088749.967012681,2255.825783834532,2.119554022078076,0.9904453012432782
2025-12-30,88430.1328125,87323.0,1704.98193294702,5088749.967012681,2255.825783834532,2.119554022078076,0.9904453012432782
