ds,Actual,Prophet_Improved_Pred
2021-02-08,133.75553894042972,77.57779244443377
2021-02-09,132.87626647949213,77.52333535027095
2021-02-10,132.27055358886722,77.39887760706233
2021-02-11,132.0165252685547,77.18911634548095
2021-02-12,132.250991821289,77.06752060155829
2021-02-15,132.250991821289,78.0542533284233
2021-02-16,130.12121582031244,77.03712024436807
2021-02-17,127.82537841796874,76.96131224319974
2021-02-18,126.72143554687497,76.80533150213368
2021-02-19,126.87774658203124,76.74126450805674
2021-02-22,123.09690093994146,76.91309972479415
2021-02-23,122.96012115478517,76.96932684731173
2021-02-24,122.4618759155273,76.96228450782965
2021-02-25,118.20233917236325,76.87517818772893
2021-02-26,118.46609497070307,76.87973892679405
2021-03-01,124.8456573486328,77.2517581566899
2021-03-02,122.23719787597652,77.37086736794997
2021-03-03,119.2476882934571,77.42358602699875
2021-03-04,117.36214447021482,77.39245554417712
2021-03-05,118.62241363525389,77.45013495878541
2021-03-08,113.6790084838867,77.96132549707504
2021-03-09,118.3000183105469,78.11831030133301
2021-03-10,117.21559906005855,78.2036246068502
2021-03-11,119.14997100830081,78.19941286411921
2021-03-12,118.24139404296872,78.28020256569172
2021-03-15,121.13320922851562,78.8359587305388
2021-03-16,122.67679595947261,78.99818749290674
2021-03-17,121.88548278808595,79.08330400385361
2021-03-18,117.75292205810548,79.07341637810879
2021-03-19,117.22537231445308,79.1454059525317
2021-03-22,120.54703521728513,79.65624640075201
2021-03-23,119.71663665771489,79.7969370594356
2021-03-24,117.32305908203128,79.85720578836985
2021-03-25,117.8115539550781,79.81950001339422
2021-03-26,118.41725921630855,79.86305018058631
2021-03-29,118.59312438964841,80.2869905664361
2021-03-30,117.13743591308592,80.3984831695721
2021-03-31,119.33560180664058,80.42966862091684
2021-04-01,120.16602325439456,80.3633319035446
2021-04-02,120.16602325439456,80.38046808633813
2021-04-05,122.99922180175783,80.73877372584425
2021-04-06,123.30207061767575,80.83239921027966
2021-04-07,124.95310974121097,80.84733944271551
2021-04-08,127.35643005371094,80.7661876156272
2021-04-09,129.93560791015622,80.77081172812676
2021-04-12,128.21617126464847,81.10053799204513
2021-04-13,131.33264160156253,81.18539702770568
2021-04-14,128.98797607421875,81.19074561885705
2021-04-15,131.40109252929688,81.0985509240769
2021-04-16,131.06892395019534,81.09104889415221
2021-04-19,131.73320007324213,81.37125374935465
2021-04-20,130.04309082031253,81.4330453162849
2021-04-21,130.4241027832031,81.41124841246297
2021-04-22,128.90005493164062,81.28768224152026
2021-04-23,131.2252197265625,81.24519062409448
2021-04-26,131.61596679687506,81.39906092422382
2021-04-27,131.29356384277347,81.41260077066305
2021-04-28,130.5022888183594,81.34058533994335
2021-04-29,130.40454101562497,81.16586462186307
2021-04-30,128.43109130859375,81.0722555211367
2021-05-03,129.4861907958985,81.0836200403436
2021-05-04,124.90426635742188,81.05766836632722
2021-05-05,125.14851379394537,80.95265716614075
2021-05-06,126.75072479248044,80.75288661531111
2021-05-07,127.42594909667969,80.64265351166722
2021-05-10,124.13780975341791,80.66582069450567
2021-05-11,123.21791839599615,80.66777653370163
2021-05-12,120.1450500488281,80.60382960159205
2021-05-13,122.29801940917963,80.45842089935152
2021-05-14,124.72499084472653,80.41524111120727
2021-05-17,123.57019805908207,80.71395938374876
2021-05-18,122.18058776855469,80.83037395141606
2021-05-19,122.02399444580078,80.89000038998125
2021-05-20,124.58796691894531,80.87537221538035
2021-05-21,122.748161315918,80.96949020468925
2021-05-24,124.38246154785156,81.70262654743308
2021-05-25,124.18674468994142,81.96370082942315
2021-05-26,124.13780975341791,82.1632225271282
2021-05-27,122.60137939453124,82.28091995580779
2021-05-28,121.94572448730464,82.50097257518946
2021-05-31,121.94572448730464,83.33026093497085
2021-06-01,121.62277221679683,83.89483833030015
2021-06-02,122.3860855102539,84.15644501949366
2021-06-03,120.89858245849608,84.31732051944715
2021-06-04,123.19834136962892,84.565915459611
2021-06-07,123.20813751220702,85.61241956703046
2021-06-08,124.03016662597655,85.91823686795306
2021-06-09,124.41183471679685,86.12880618733708
2021-06-10,123.41364288330077,86.22368053348437
2021-06-11,124.6271209716797,86.39775478917198
2021-06-14,127.69019317626952,87.18456401606404
2021-06-15,126.86814117431642,87.39657461488765
2021-06-16,127.3672332763672,87.51271012754512
2021-06-17,128.97219848632815,87.51494905639767
2021-06-18,127.67064666748051,87.60375880153534
2021-06-21,129.47129821777344,88.19438075280945
2021-06-22,131.11535644531253,88.36442302713111
2021-06-23,130.8413391113281,88.45155502659536
2021-06-24,130.5575561523437,88.4382835359547
2021-06-25,130.26396179199216,88.52765168855073
2021-06-28,131.89826965332028,89.21135789367335
2021-06-29,133.41516113281247,89.43870105179093
2021-06-30,134.0316314697266,89.59312715704445
2021-07-01,134.33502197265628,89.65495183831538
2021-07-02,136.96752929687494,89.82813832576939
2021-07-05,136.96752929687494,110.74199122282285
2021-07-06,138.9834442138672,91.1137924658537
2021-07-07,141.4789581298828,91.35648021862767
2021-07-08,140.1773834228516,91.4982964523712
2021-07-09,142.00743103027344,91.74545516811544
2021-07-12,141.41044616699213,92.87523390282462
2021-07-13,142.52604675292974,93.22450150680733
2021-07-14,145.96101379394534,93.47863212710024
2021-07-15,145.3053131103515,93.61416239467289
2021-07-16,143.26002502441403,93.84230449136004
2021-07-19,139.40428161621097,94.83719245514439
2021-07-20,143.02513122558597,95.11501686908188
2021-07-21,142.29115295410153,95.2851601834649
2021-07-22,143.66128540039065,95.32571671408884
2021-07-23,145.38362121582037,95.45400646039838
2021-07-26,145.80445861816403,96.1332215107264
2021-07-27,143.63188171386716,96.30431935156402
2021-07-28,141.88017272949224,96.3692517043736
2021-07-29,142.52604675292974,96.30786262400485
2021-07-30,142.74137878417972,96.34151726484959
2021-08-02,142.4086303710938,96.78696254690091
2021-08-03,144.20925903320315,96.89758686379133
2021-08-04,143.80801391601562,96.91075316203094
2021-08-05,143.9156951904297,96.80615219626692
2021-08-06,143.2296447753906,96.80610541176445
2021-08-09,143.18064880371097,97.19778756117165
2021-08-10,142.70042419433588,97.30205957978598
2021-08-11,142.95521545410156,97.31233278160009
2021-08-12,145.92486572265628,97.20696551838218
2021-08-13,146.13073730468747,97.20819238802349
2021-08-16,148.11048889160162,97.60390620095554
2021-08-17,147.1990051269531,97.70586531686976
2021-08-18,143.44528198242188,97.71058542737956
2021-08-19,143.77850341796878,97.59606645722887
2021-08-20,145.23881530761713,97.58562742378184
2021-08-23,146.72857666015622,97.93303359166848
2021-08-24,146.6403198242187,98.01588223283619
2021-08-25,145.4054107666015,98.0012759582688
2021-08-26,144.60174560546878,97.86837808924776
2021-08-27,145.64067077636713,97.84264807054602
2021-08-30,150.07064819335935,98.17492269584083
2021-08-31,148.8063354492188,98.26677625419214
2021-09-01,149.4727935791015,98.26985447082599
2021-09-02,150.59007263183588,98.16409598097317
2021-09-03,151.22711181640622,98.17649872753174
2021-09-06,151.22711181640622,97.71216752301316
2021-09-07,153.56953430175787,98.86753043987943
2021-09-08,152.0210113525391,98.9633992845629
2021-09-09,151.00173950195312,98.95843522911962
2021-09-10,146.0032806396485,99.08024182284623
2021-09-13,146.57173156738278,99.95970153497639
2021-09-14,145.1702117919922,100.25971246580859
2021-09-15,146.0621032714844,100.4771496520026
2021-09-16,145.82685852050784,100.5874100804283
2021-09-17,143.1512298583985,100.81956225987484
2021-09-20,140.09338378906244,101.9762184568738
2021-09-21,140.57357788085943,102.34070179106192
2021-09-22,142.94544982910156,102.60373456107492
2021-09-23,143.90588378906256,102.73873332937715
2021-09-24,143.99411010742182,102.97890498832795
2021-09-27,142.47500610351568,104.0489314267112
2021-09-28,139.08386230468753,104.34418461579952
2021-09-29,139.98556518554688,104.5172944457197
2021-09-30,138.68209838867182,104.54283593531875
2021-10-01,139.8091735839844,104.66022420036063
2021-10-04,136.36904907226568,105.29529054605204
2021-10-05,138.2998199462891,105.42844746313924
2021-10-06,139.17208862304685,105.43454163657198
2021-10-07,140.43641662597656,105.29115054561909
2021-10-08,140.0541381835937,105.24249755741036
2021-10-11,139.9659576416016,104.39286456842524
2021-10-12,138.6918640136719,105.41173840800384
2021-10-13,138.10379028320318,105.2930789534176
2021-10-14,140.8970336914062,105.03816940078113
2021-10-15,141.95553588867185,104.89173211458186
2021-10-18,143.63150024414068,104.85340516653679
2021-10-19,145.79745483398443,104.80659525979308
2021-10-20,146.28750610351557,104.657031617038
2021-10-21,146.50311279296872,104.38278748307353
2021-10-22,145.72886657714844,104.22589053017984
2021-10-25,145.6798706054687,104.19472840882175
2021-10-26,146.34632873535153,104.15861314329803
2021-10-27,145.88569641113284,104.0216842385579
2021-10-28,149.53160095214847,103.76065547028713
2021-10-29,146.81675720214847,103.61505895694636
2021-11-01,145.99349975585935,103.59858570201524
2021-11-02,147.03237915039065,103.56000190887954
2021-11-03,148.473129272461,103.41714469564586
2021-11-04,147.95365905761722,103.14717778720743
2021-11-05,148.48370361328128,102.98903932208275
2021-11-08,147.65922546386722,102.92370948141512
2021-11-09,148.02233886718753,102.87002683794694
2021-11-10,145.1857757568359,102.71553480558929
2021-11-11,145.13673400878903,102.79830472021865
2021-11-12,147.217529296875,102.27956959911839
2021-11-15,147.22735595703122,102.2560489944111
2021-11-16,148.20884704589838,102.23626341632057
2021-11-17,150.65281677246088,102.1273193468756
2021-11-18,154.95187377929688,101.90831856873129
2021-11-19,157.5823364257812,101.81715140876312
2021-11-22,158.04364013671872,102.06159622025697
2021-11-23,158.4264221191406,102.14960623359813
2021-11-24,158.94665527343747,102.15515703911989
2021-11-25,158.94665527343747,103.3947538630284
2021-11-26,153.91145324707028,102.08562696746935
2021-11-29,157.27804565429688,102.69036379499205
2021-11-30,162.24453735351568,102.88792203097327
2021-12-01,161.7243041992188,102.99260591932948
2021-12-02,160.73297119140622,102.97828905832854
2021-12-03,158.84849548339847,103.08112139081449
2021-12-06,162.26416015624994,103.80117825830598
2021-12-07,168.015869140625,103.99622787652976
2021-12-08,171.84376525878912,104.07517620950104
2021-12-09,171.3333587646485,104.01136335850114
2021-12-10,176.13298034667974,104.04375320448845
2021-12-13,172.4915618896485,104.42996740673718
2021-12-14,171.10760498046872,104.47586648417092
2021-12-15,175.98574829101565,104.38991397125181
2021-12-16,169.07586669921872,104.1485457031493
2021-12-17,167.976577758789,103.99445971773608
2021-12-20,166.61227416992193,103.79500882422155
2021-12-21,169.79238891601568,103.64796378435214
2021-12-22,172.39338684082023,103.37663923961249
2021-12-23,173.02157592773443,102.96134971317089
2021-12-24,173.02157592773443,94.55869072045334
2021-12-27,176.9967041015625,102.05440386868841
2021-12-28,175.9759368896484,101.8164156844703
2021-12-29,176.06423950195315,101.47744870939839
2021-12-30,174.9060821533203,101.0188399526118
2021-12-31,174.28771972656247,95.85724517998912
2022-01-03,178.64564514160148,100.1361241553576
2022-01-04,176.37837219238278,99.95225307845035
2022-01-05,171.68669128417963,99.68511720342828
2022-01-06,168.82069396972656,99.31406727842396
2022-01-07,168.98754882812494,99.07177203341621
2022-01-10,169.00717163085946,98.85851629386799
2022-01-11,171.84376525878912,98.79184510660137
2022-01-12,172.28544616699224,98.6421482335367
2022-01-13,169.00717163085946,98.38633853715396
2022-01-14,169.8709106445313,98.2528807859924
2022-01-17,169.8709106445313,100.0307154984101
2022-01-18,166.66133117675776,98.3188577312681
2022-01-19,163.15733337402347,98.22839212058047
2022-01-20,161.46913146972653,98.0194525805884
2022-01-21,159.4079437255859,97.91962375046359
2022-01-24,158.63252258300778,98.00656605256653
2022-01-25,156.82655334472656,97.99660176233989
2022-01-26,156.73820495605466,97.8823735044638
2022-01-27,156.27693176269534,97.64163311732504
2022-01-28,167.18156433105474,97.50280072877986
2022-01-31,171.5493011474609,97.44521193684056
2022-02-01,171.38243103027335,97.38389590089365
2022-02-02,172.58970642089838,97.21994914815842
2022-02-03,169.7040405273437,96.93292756591046
2022-02-04,169.41902160644528,96.75126023025665
2022-02-07,168.70162963867185,96.59834509098077
2022-02-08,171.81701660156256,96.52056945622252
2022-02-09,173.24200439453125,96.3496273140944
2022-02-10,169.15367126464844,96.06563660605293
2022-02-11,165.73365783691406,95.89536431087258
2022-02-14,165.96952819824222,95.82841972811929
2022-02-15,169.81214904785153,95.79690802353156
2022-02-16,169.57627868652338,95.6807026244468
2022-02-17,165.96952819824222,95.45921590872172
2022-02-18,164.416763305664,95.35717002622938
2022-02-21,164.416763305664,96.83449699950133
2022-02-22,161.4881134033203,95.57827756977505
2022-02-23,157.31138610839838,95.55016045779747
2022-02-24,159.93536376953122,95.4180625359839
2022-02-25,162.00901794433594,95.40588171186664
2022-02-28,162.27435302734378,95.83970222819045
2022-03-01,160.38742065429688,95.97940344636376
2022-03-02,163.68952941894537,96.03352919474204
2022-03-03,163.36520385742193,95.979445858887
2022-03-04,160.3579559326172,96.04198791903859
2022-03-07,156.5546569824219,96.67609974059577
2022-03-08,154.72671508789062,96.872217310851
2022-03-09,160.14172363281253,96.9761776481612
2022-03-10,155.78811645507807,96.96474912972029
2022-03-11,152.06341552734375,97.06508096867934
2022-03-14,148.02424621582034,97.78052259692429
2022-03-15,152.41719055175787,97.99110330703625
2022-03-16,156.83963012695315,98.10222533522997
2022-03-17,157.85189819335932,98.0905066128762
2022-03-18,161.1539764404297,98.18616680903591
2022-03-21,162.52987670898432,98.86092064287908
2022-03-22,165.91058349609375,99.04822901000517
2022-03-23,167.276596069336,99.13102813757679
2022-03-24,171.0701293945312,99.0863089133373
2022-03-25,171.70890808105463,99.14746906758418
2022-03-28,172.57373046875006,99.7122217932586
2022-03-29,175.8758239746094,99.86099894657382
2022-03-30,174.70632934570307,99.90464510851139
2022-03-31,171.60076904296878,99.82065282997338
2022-04-01,171.30593872070318,99.8449366960716
2022-04-04,175.36479187011724,100.31466525631878
2022-04-05,172.04304504394528,100.4366176294536
2022-04-06,168.86868286132818,100.4555753793242
2022-04-07,169.17335510253903,100.3489337994604
2022-04-08,167.15869140625006,100.35394828053794
2022-04-11,162.89346313476557,100.78097509623029
2022-04-12,164.7705841064453,100.89116316611916
2022-04-13,167.46333312988287,100.89814619709807
2022-04-14,162.44140624999997,100.77854069755278
2022-04-15,162.44140624999997,100.77011856094893
2022-04-18,162.2252044677735,101.14496716226684
2022-04-19,164.51501464843747,101.23064990457374
2022-04-20,164.34796142578125,101.20827140888733
2022-04-21,163.5518951416015,101.05404937133858
2022-04-22,159.00175476074216,101.00641753005634
2022-04-25,160.07295227050776,101.23414413629652
2022-04-26,154.09771728515628,101.2613175383308
2022-04-27,153.8717193603516,101.17666035530024
2022-04-28,160.81985473632807,100.95748529879423
2022-04-29,154.93309020996088,100.84340239457038
2022-05-02,155.2377319335938,100.87473413422926
2022-05-03,156.73153686523435,100.84270303942674
2022-05-04,163.15882873535153,100.70515111997724
2022-05-05,154.06825256347656,100.44136202488063
2022-05-06,154.7965545654297,100.29167080668157
2022-05-09,149.65898132324216,100.28611332672067
2022-05-10,152.07028198242188,100.27040233436767
2022-05-11,144.1867370605469,100.16562799849613
2022-05-12,140.3089599609375,99.95170141408398
2022-05-13,144.78713989257815,99.86826841721546
2022-05-16,143.24192810058588,100.16150541933837
2022-05-17,146.8834838867187,100.27746523591948
2022-05-18,138.59645080566406,100.31837632753682
2022-05-19,135.1812438964844,100.26208069307525
2022-05-20,135.4174499511719,100.34713533717316
2022-05-23,140.85029602050778,101.19237719468076
2022-05-24,138.14372253417963,101.49883290904776
2022-05-25,138.30120849609378,101.7276698769512
2022-05-26,141.50971984863284,101.85305081243921
2022-05-27,147.27719116210935,102.1145763490783
2022-05-30,147.27719116210935,103.14096266451126
2022-05-31,146.48985290527344,103.86537645051845
2022-06-01,146.36186218261722,104.20052565670024
2022-06-02,148.8223876953125,104.40894760007613
2022-06-03,143.08448791503906,104.73529788917676
2022-06-06,143.83245849609372,106.1267105827728
2022-06-07,146.36186218261722,106.54059296775375
2022-06-08,145.6237030029297,106.83274728492057
2022-06-09,140.38771057128903,106.97590990222643
2022-06-10,134.96473693847656,107.22311020203266
2022-06-13,129.797622680664,108.30941913296928
2022-06-14,130.66371154785162,108.6041596514788
2022-06-15,133.29158020019528,108.77201260188652
2022-06-16,128.00637817382815,108.7889252715037
2022-06-17,129.4826812744141,108.9158728406182
2022-06-20,129.4826812744141,109.69972180096619
2022-06-21,133.72463989257807,109.91882564681586
2022-06-22,133.21282958984375,110.02608869764384
2022-06-23,136.0867309570312,109.99880362484603
2022-06-24,139.42320251464847,110.10208963514856
2022-06-27,139.42320251464847,110.93706857922093
2022-06-28,135.2698516845703,111.21033718702527
2022-06-29,137.03153991699222,111.38717354965515
2022-06-30,134.5611877441406,111.44250649028372
2022-07-01,136.73628234863284,111.64285294620714
2022-07-04,136.73628234863284,104.36754097508586
2022-07-05,139.3247528076172,113.22611763371428
2022-07-06,140.66328430175776,113.52416881597014
2022-07-07,144.0391540527344,113.69358819569896
2022-07-08,144.7182006835937,114.00346831904017
2022-07-11,142.582504272461,115.46052767374371
2022-07-12,143.5568695068359,115.91806573855423
2022-07-13,143.19273376464847,116.25520467317564
2022-07-14,146.1256713867188,116.44111271067145
2022-07-15,147.798812866211,116.75105767844086
2022-07-18,144.7477874755859,118.10245297887963
2022-07-19,148.61569213867188,118.4867991915941
2022-07-20,150.62348937988284,118.73169745239113
2022-07-21,152.89704895019526,118.80790968011354
2022-07-22,151.65690612792972,118.99895667931177
2022-07-25,150.53492736816406,119.9537853025901
2022-07-26,149.20625305175776,120.1973005011313
2022-07-27,154.31428527832028,120.300052857628
2022-07-28,154.8654632568359,120.23534792219989
2022-07-29,159.9439849853516,120.29282855092482
2022-08-01,158.9597778320312,120.90250584688539
2022-08-02,157.48344421386724,121.05166670397765
2022-08-03,163.50680541992196,121.07111813537647
2022-08-04,163.19186401367193,120.93446442244073
2022-08-05,162.9651947021485,120.9332232765199
2022-08-08,162.49209594726557,121.43637027127136
2022-08-09,162.5413665771485,121.56852098361124
2022-08-10,166.79908752441412,121.5774520358407
2022-08-11,166.05990600585935,121.43509104272252
2022-08-12,169.61784362792977,121.43280271374367
2022-08-15,170.69207763671872,121.94360851215609
2022-08-16,170.53440856933594,122.07627891328814
2022-08-17,172.032470703125,122.08234528720722
2022-08-18,171.6382446289063,121.93288392802546
2022-08-19,169.04617309570307,121.92030152338586
2022-08-22,165.1531372070312,122.37956035394565
2022-08-23,164.81803894042974,122.48878990650094
2022-08-24,165.11372375488287,122.46942953117244
2022-08-25,167.5776977539063,122.29384569983252
2022-08-26,161.2601318359375,122.2571235774735
2022-08-29,159.05244445800776,122.67107155368655
2022-08-30,156.61808776855466,122.77936353511758
2022-08-31,154.95246887207037,122.76863911037391
2022-09-01,155.68179321289062,122.61261364873495
2022-09-02,153.56277465820315,122.60861512447045
2022-09-05,153.56277465820315,121.92523610600455
2022-09-06,152.30123901367188,123.40746707820564
2022-09-07,153.71061706542963,123.50164392496286
2022-09-08,152.23223876953125,123.46277451172465
2022-09-09,155.10028076171878,123.58910083758639
2022-09-12,161.0728607177734,124.6414679286238
2022-09-13,151.62118530273432,125.00349776557525
2022-09-14,153.0699615478516,125.2597147549652
2022-09-15,150.17239379882807,125.37856152460112
2022-09-16,148.52645874023438,125.65991322076317
2022-09-19,152.25195312500003,127.12888035161501
2022-09-20,154.63702392578128,127.60000375646999
2022-09-21,151.5028991699219,127.94336906200259
2022-09-22,150.53704833984375,128.12424471197218
2022-09-23,148.26033020019534,128.44746670122584
2022-09-26,148.59548950195318,129.90196599914324
2022-09-27,149.57116699218747,130.31470218935718
2022-09-28,147.67887878417966,130.57087780659384
2022-09-29,140.4250183105469,130.63650899224058
2022-09-30,136.2067718505859,130.82456163749248
2022-10-03,140.39544677734372,131.76638967818587
2022-10-04,143.9928131103516,131.97753034410883
2022-10-05,144.28849792480463,132.02091914614863
2022-10-06,143.33248901367188,131.8664343425139
2022-10-07,138.06947326660156,131.83415633691274
2022-10-10,138.39476013183597,130.79628830375236
2022-10-11,136.97549438476562,132.15444000398114
2022-10-12,136.344741821289,132.01474223283236
2022-10-13,140.9277038574219,131.6925131357431
2022-10-14,136.38417053222656,131.50946947259803
2022-10-17,140.35603332519528,131.4691371142716
2022-10-18,141.67672729492188,131.40587311673826
2022-10-19,141.78512573242188,131.2056389712039
2022-10-20,141.3218841552734,130.84007886185373
2022-10-21,145.14595031738287,130.62762955702667
2022-10-24,147.2945098876953,130.56501346586782
2022-10-25,150.14285278320318,130.5106457054729
2022-10-26,147.19595336914057,130.32453475232134
2022-10-27,142.71156311035162,129.9763625688695
2022-10-28,153.49378967285162,129.7807900370748
2022-10-31,151.1283874511719,129.75225665460042
2022-11-01,148.47718811035153,129.70120168541172
2022-11-02,142.93824768066403,129.51394793436887
2022-11-03,136.87698364257815,129.16029562022473
2022-11-04,136.6103973388672,128.95354477643502
2022-11-07,137.14349365234372,128.8672960554162
2022-11-08,137.7160949707031,128.79448233842362
2022-11-09,133.14527893066412,128.58769491512342
2022-11-10,144.99182128906256,128.21886983538403
2022-11-11,147.78564453124997,128.47181335429948
2022-11-14,146.38378906250003,127.92914579158403
2022-11-15,148.12132263183588,127.8837690580337
2022-11-16,146.88729858398443,127.71872917872844
2022-11-17,148.7926025390625,127.40687614812703
2022-11-18,149.35530090332028,127.26017118681624
2022-11-21,146.11727905273438,127.48717832408481
2022-11-22,148.259506225586,127.56906571260943
2022-11-23,149.13813781738287,127.54279396304084
2022-11-24,149.13813781738287,129.13156728446978
2022-11-25,146.21597290039062,127.38660554312791
2022-11-28,142.375717163086,128.0930955568456
2022-11-29,139.36473083496094,128.32933791833315
2022-11-30,146.13699340820318,128.44813842101905
2022-12-01,146.41342163085932,128.41585582046412
2022-12-02,145.9198303222656,128.5414803100153
2022-12-05,144.7549285888672,129.48763483815728
2022-12-06,141.08248901367182,129.75512255316286
2022-12-07,139.13766479492182,129.87614044304104
2022-12-08,140.82579040527344,129.81551518273827
2022-12-09,140.34207153320312,129.88538592375087
2022-12-12,142.64228820800784,130.49680054199231
2022-12-13,143.60974121093756,130.5980404296494
2022-12-14,141.37861633300784,130.52825719486955
2022-12-15,134.7544555664062,130.25565364115505
2022-12-16,132.78988647460943,130.0974216114815
2022-12-19,130.6772613525391,129.95984846184348
2022-12-20,130.60818481445307,129.80341423745165
2022-12-21,133.7178802490235,129.48031276645852
2022-12-22,130.53906249999997,128.96412599763968
2022-12-23,130.17378234863284,128.57360174480812
2022-12-26,130.17378234863284,117.30464498945042
2022-12-27,128.36717224121094,127.53204220349103
2022-12-28,124.42821502685543,127.08570968941864
2022-12-29,127.95255279541018,126.47748059813617
2022-12-30,128.26846313476565,126.02105813976287
2023-01-02,128.26846313476565,118.9698725209575
2023-01-03,123.47061157226567,124.98324180527224
2023-01-04,124.74412536621095,124.60493230698539
2023-01-05,123.42125701904297,124.08901882531035
2023-01-06,127.96244049072266,123.74074970320252
2023-01-09,128.48567199707037,123.36767026278999
2023-01-10,129.0582275390625,123.25077281101589
2023-01-11,131.78294372558597,123.02707618041582
2023-01-12,131.70394897460935,122.66694147997156
2023-01-13,133.0366821289062,122.46917530726213
2023-01-16,133.0366821289062,124.73736220606678
2023-01-17,134.20162963867182,122.49032007107837
2023-01-18,133.48092651367182,122.36372671382911
2023-01-19,133.5401916503906,122.0855896172784
2023-01-20,136.10691833496094,121.95272388901147
2023-01-23,139.30549621582034,122.07315282591621
2023-01-24,140.70735168457034,122.06640190156143
2023-01-25,140.04592895507807,121.92495671966266
2023-01-26,142.1190795898438,121.61939219506502
2023-01-27,144.0638580322265,121.44735644242839
2023-01-30,141.17131042480466,121.39900762090082
2023-01-31,142.44482421875006,121.32652119660835
2023-02-01,143.57026672363284,121.11884690697802
2023-02-02,148.89134216308588,120.74905218387306
2023-02-03,152.5242614746094,120.51500305320752
2023-02-06,149.78967285156247,120.31231100459392
2023-02-07,152.672348022461,120.20540035507335
2023-02-08,149.97727966308588,119.9747321466777
2023-02-09,148.940689086914,119.59447541404828
2023-02-10,149.30653381347653,119.36045107880773
2023-02-13,152.11447143554688,119.22547533566629
2023-02-14,151.47178649902347,119.16511333253125
2023-02-15,153.5777893066406,118.99304080144228
2023-02-16,151.97607421874994,118.68273289076372
2023-02-17,150.8291625976562,118.5270829459666
2023-02-20,150.8291625976562,120.37786546944632
2023-02-21,146.80505371093744,118.7180517402872
2023-02-22,147.23022460937494,118.65686726479711
2023-02-23,147.7146911621094,118.46071389022329
2023-02-24,145.05503845214838,118.42093214304593
2023-02-27,146.25137329101568,118.91670849028453
2023-02-28,145.74713134765625,119.07722084081219
2023-03-01,143.67080688476565,119.12756091537292
2023-03-02,144.26408386230474,119.03847255526648
2023-03-03,149.32627868652347,119.10211323079685
2023-03-06,152.09472656250006,119.88075146630126
2023-03-07,149.889892578125,120.12326226459597
2023-03-08,151.14553833007812,120.24754338341175
2023-03-09,148.8912506103515,120.22346004921897
2023-03-10,146.82485961914062,120.34598200205455
2023-03-13,148.77261352539057,121.26045555506542
2023-03-14,150.86869812011713,121.53186941617501
2023-03-15,151.26416015624994,121.67541768843249
2023-03-16,154.0919342041015,121.66063793693529
2023-03-17,153.2515106201172,121.78647032831267
2023-03-20,155.62443542480466,122.67357665644028
2023-03-21,157.4832305908203,122.92197345134359
2023-03-22,156.049575805664,123.03507701115439
2023-03-23,157.13717651367188,122.9827995940202
2023-03-24,158.44229125976562,123.06834468242839
2023-03-27,156.49449157714847,123.820510632392
2023-03-28,155.87159729003906,124.01942725241356
2023-03-29,158.9564208984375,124.08115943323838
2023-03-30,160.5284576416016,123.97631683601291
2023-03-31,163.03984069824213,124.01164991304387
2023-04-03,164.29550170898446,124.62969710626925
2023-04-04,163.76161193847662,124.78930166861637
2023-04-05,161.91268920898443,124.81428744310625
2023-04-06,162.80253601074222,124.6753316563221
2023-04-07,162.80253601074222,124.6812179814851
2023-04-10,160.20220947265628,125.23379533710055
2023-04-11,158.98608398437506,125.3763641195571
2023-04-12,158.2939758300781,125.3850481438371
2023-04-13,163.69239807128906,125.22960765664945
2023-04-14,163.34634399414068,125.21959666848682
2023-04-17,163.3661041259766,125.71627390494825
2023-04-18,164.59211730957026,125.83314258664657
2023-04-19,165.7390441894531,125.81065834564829
2023-04-20,164.7701110839844,125.61784392486373
2023-04-21,163.158462524414,125.56497586749916
2023-04-24,163.46496582031247,125.89489879489426
2023-04-25,161.92257690429682,125.94279145890935
2023-04-26,161.91268920898443,125.84526711071864
2023-04-27,166.51020812988278,125.57241956821245
2023-04-28,167.76591491699216,125.43591549896607
2023-05-01,167.67691040039068,125.50591185316965
2023-05-02,166.63876342773438,125.47018841564335
2023-05-03,165.56105041503912,125.29445697948611
2023-05-04,163.91978454589838,124.95138177386927
2023-05-05,171.6120452880859,124.7536738521018
2023-05-08,171.54281616210938,124.71584104589311
2023-05-09,169.83235168457034,124.67713789708317
2023-05-10,171.60214233398432,124.51837984340555
2023-05-11,171.78999328613287,124.21357192034782
2023-05-12,170.8593139648437,124.07468652215826
2023-05-15,170.36425781250003,124.34358443368785
2023-05-16,170.36425781250003,124.45091433376693
2023-05-17,170.97810363769537,124.45856827549113
2023-05-18,173.3147277832031,124.33845771936335
2023-05-19,173.4236450195313,124.40094548655125
2023-05-22,172.47314453125003,125.35429902470567
2023-05-23,169.85932922363287,125.7063650581835
2023-05-24,170.13655090332028,125.96006685128233
2023-05-25,171.27517700195312,126.08263403679315
2023-05-26,173.69096374511724,126.3851679527049
2023-05-29,173.69096374511724,127.63193680092508
2023-05-30,175.54241943359366,128.5526526036177
2023-05-31,175.49293518066406,128.97444120253712
2023-06-01,178.30476379394528,129.23745938723252
2023-06-02,179.156234741211,129.65866275322597
2023-06-05,177.79981994628906,131.48736397461667
2023-06-06,177.43351745605463,132.04129362080062
2023-06-07,176.05729675292972,132.44095810536334
2023-06-08,178.78001403808597,132.65020527719622
2023-06-09,179.16613769531241,132.9966943849099
2023-06-12,181.96806335449216,134.49002754661703
2023-06-13,181.49281311035165,134.89978119456592
2023-06-14,182.12652587890625,135.14296280088348
2023-06-15,184.16607666015625,135.18746146247608
2023-06-16,183.08688354492182,135.37204650307078
2023-06-19,183.08688354492182,136.42722271933067
2023-06-20,183.1759948730468,136.71521006697563
2023-06-21,182.13641357421875,136.8528268629845
2023-06-22,185.14627075195315,136.8104961291646
2023-06-23,184.8294525146485,136.93347553579272
2023-06-26,183.43341064453122,137.9606626665971
2023-06-27,186.19575500488273,138.2894431413874
2023-06-28,187.3739624023437,138.49014763107468
2023-06-29,187.71057128906256,138.53087988467576
2023-06-30,192.04716491699222,138.75912524894676
2023-07-03,190.55213928222656,140.20425728881983
2023-07-04,190.55213928222656,129.6683239414382
2023-07-05,189.43333435058588,141.0519475406864
2023-07-06,189.90856933593747,141.24796909243904
2023-07-07,188.789794921875,141.63020342582752
2023-07-10,186.74029541015622,143.48831118288206
2023-07-11,186.2155609130859,144.0805527996876
2023-07-12,187.88880920410162,144.52107689439356
2023-07-13,188.65116882324224,144.76963060624334
2023-07-14,188.79969787597653,145.18416246964165
2023-07-17,192.06697082519534,147.00123126635273
2023-07-18,191.80957031250003,147.52762998189738
2023-07-19,193.16595458984375,147.87474343357667
2023-07-20,191.21551513671872,148.003683606745
2023-07-21,190.0373382568359,148.2833537836634
2023-07-24,190.83926391601562,149.62060115467418
2023-07-25,191.70063781738273,149.96698960112693
2023-07-26,192.5719299316406,150.12775343522142
2023-07-27,191.30459594726565,150.06750208080868
2023-07-28,193.8887329101562,150.16417252638263
2023-07-31,194.50257873535153,151.0078711231232
2023-08-01,193.67092895507807,151.21243069127127
2023-08-02,190.67094421386722,151.24452740514965
2023-08-03,189.2749328613281,151.0698366187127
2023-08-04,180.18592834472662,151.06969725842072
2023-08-07,177.07707214355474,151.72057895109515
2023-08-08,178.01763916015628,151.888575377787
2023-08-09,176.42359924316406,151.89491471972005
2023-08-10,176.20578002929682,151.70330603339184
2023-08-11,176.26527404785153,151.69498901807674
2023-08-14,177.92094421386716,152.35058259737522
2023-08-15,175.92819213867196,152.52189039962218
2023-08-16,175.0557250976562,152.52878520641985
2023-08-17,172.50776672363287,152.33342409519705
2023-08-18,172.99357604980466,152.3179339805796
2023-08-21,174.3319854736328,152.9245751931603
2023-08-22,175.71006774902347,153.06953501412767
2023-08-23,179.56671142578122,153.04574415670447
2023-08-24,174.8673706054687,152.81664102787812
2023-08-25,177.07824707031244,152.7675990196935
2023-08-28,178.64469909667974,153.29244144841903
2023-08-29,182.54098510742193,153.42288313919565
2023-08-30,186.04071044921875,153.39439444464327
2023-08-31,186.25880432128903,153.17248837350598
2023-09-01,187.83520507812506,153.14571798078532
2023-09-04,187.83520507812506,152.167580822298
2023-09-05,188.07312011718744,154.06832143319295
2023-09-06,181.34133911132804,154.15349481185973
2023-09-07,176.03721618652352,154.06277388788237
2023-09-08,176.65190124511724,154.18611633684068
2023-09-11,177.82177734374997,155.4311985590132
2023-09-12,174.7880401611328,155.86196984087644
2023-09-13,172.71597290039065,156.15654727232152
2023-09-14,174.23287963867185,156.2746089315097
2023-09-15,173.5091094970703,156.60793889596425
2023-09-18,176.44371032714847,158.44919092647598
2023-09-19,177.5342864990235,159.04948453752786
2023-09-20,173.98500061035153,159.48923687707048
2023-09-21,172.43835449218741,159.72336435405404
2023-09-22,173.29098510742185,160.14951116815416
2023-09-25,174.5699157714844,162.09847897901003
2023-09-26,170.48527526855477,162.66597262668205
2023-09-27,168.9683837890625,163.0342065682015
2023-09-28,169.2261505126953,163.15800860652797
2023-09-29,169.74171447753906,163.44549177358772
2023-10-02,172.25991821289065,164.81703318826817
2023-10-03,170.92149353027338,165.14215362683305
2023-10-04,172.17068481445318,165.2473937123311
2023-10-05,173.40995788574213,165.0923129347975
2023-10-06,175.9678344726563,165.0952654618845
2023-10-09,177.4549713134765,163.8527678939658
2023-10-10,176.86010742187503,165.66462115222996
2023-10-11,178.25802612304682,165.50881796810617
2023-10-12,179.1602325439453,165.1091002400236
2023-10-13,177.3161926269532,164.8873508363028
2023-10-16,177.18730163574222,164.86357462689406
2023-10-17,175.63075256347662,164.78263979009412
2023-10-18,174.3319854736328,164.51889437291973
2023-10-19,173.95527648925773,164.0356985994407
2023-10-20,171.39738464355474,163.75119938831676
2023-10-23,171.51635742187509,163.6438609265499
2023-10-24,171.9525756835937,163.56340612663004
2023-10-25,169.63265991210935,163.31066851902548
2023-10-26,165.4587554931641,162.8463538975897
2023-10-27,166.77734375,162.58313137943588
2023-10-30,168.82958984375,162.53285575450508
2023-10-31,169.3054962158203,162.46442032927652
2023-11-01,172.47802734375006,162.21875491152045
2023-11-02,176.04719543457034,161.75609699000546
2023-11-03,175.13504028320315,161.48652035963696
2023-11-06,177.69290161132815,161.376912379527
2023-11-07,180.26071166992185,161.2810126691221
2023-11-08,181.321533203125,161.00802550328171
2023-11-09,180.84564208984372,160.52078504025468
2023-11-10,185.04487609863284,151.21412681473583
2023-11-13,183.45652770996082,160.09516388635973
2023-11-14,186.07734680175778,160.01547247274132
2023-11-15,186.64318847656247,159.7754803731182
2023-11-16,188.33084106445315,159.3398393872152
2023-11-17,188.31097412109366,159.11679157287332
2023-11-20,190.05816650390625,159.3018563527878
2023-11-21,189.25405883789068,159.36714427445708
2023-11-22,189.91920471191412,159.28991957521794
2023-11-23,189.91920471191412,161.32160139981232
2023-11-24,188.5889282226562,158.99962317069682
2023-11-27,188.41021728515622,159.80225632363937
2023-11-28,189.01577758789065,160.07663515041492
2023-11-29,187.99328613281253,160.20210066527085
2023-11-30,188.56909179687494,160.1355590669318
2023-12-01,189.84970092773435,160.28059084048297
2023-12-04,188.0528411865234,161.4965876071954
2023-12-05,192.01385498046872,161.8533855157088
2023-12-06,190.92185974121085,162.02626008032055
2023-12-07,192.8576965332031,161.96912733522885
2023-12-08,194.28721618652338,162.08891496254915
2023-12-11,191.77558898925776,163.00845334400557
2023-12-12,193.2944946289062,163.1908043289768
2023-12-13,196.52087402343756,163.1531112212242
2023-12-14,196.6697540283203,162.8526593159326
2023-12-15,196.13368225097656,162.7030165360907
2023-12-18,194.46591186523435,162.69307093781052
2023-12-19,195.50828552246088,162.5410347772336
2023-12-20,193.4136047363281,162.16710826105805
2023-12-21,193.26467895507812,161.53575804519136
2023-12-22,192.19255065917974,161.0637012830082
2023-12-25,192.19255065917974,161.4728408653774
2023-12-26,191.64654541015616,159.79490804035834
2023-12-27,191.74581909179688,159.21719081248932
2023-12-28,192.1726989746094,158.42067037605182
2023-12-29,191.13032531738287,157.81647717134072
2024-01-01,191.13032531738287,161.80393644805383
2024-01-02,184.29042053222656,156.37392782940708
2024-01-03,182.91050720214838,155.84642930221148
2024-01-04,180.58755493164074,155.13603968120933
2024-01-05,179.86283874511713,154.64262149386988
2024-01-08,184.21101379394537,154.03379848858282
2024-01-09,183.79405212402347,153.8410296512839
2024-01-10,184.83642578125,153.51036417176314
2024-01-11,184.24076843261716,153.0039332602385
2024-01-12,184.56837463378903,152.7120066472375
2024-01-15,184.56837463378903,155.58612965594853
2024-01-16,182.29504394531247,152.63733391165064
2024-01-17,181.3519439697265,152.456640126101
2024-01-18,187.25868225097648,152.08268875106683
2024-01-19,190.1673736572266,151.90195529403707
2024-01-22,192.48043823242182,152.05728837424243
2024-01-23,193.7610473632812,152.05413506284995
2024-01-24,193.08599853515622,151.87795138754132
2024-01-25,192.7584228515625,151.4899379451348
2024-01-26,191.02113342285153,151.2771758910629
2024-01-29,190.33612060546884,151.25108872113753
2024-01-30,186.67295837402347,151.16832849672292
2024-01-31,183.05943298339838,150.90837165356533
2024-02-01,185.50155639648443,150.43573827846998
2024-02-02,184.49891662597653,150.13801589269514
2024-02-05,186.31558227539068,149.88107949499775
2024-02-06,187.92379760742182,149.7387863515806
2024-02-07,188.03300476074216,149.43247264873696
2024-02-08,186.9509429931641,148.92856358715443
2024-02-09,187.71630859375006,148.61221706682352
2024-02-12,186.02650451660153,148.38503224064846
2024-02-13,183.92918395996085,148.28440427905028
2024-02-14,183.04450988769528,148.0364054556185
2024-02-15,182.75625610351562,147.60690676168196
2024-02-16,181.21556091308602,147.3769928134251
2024-02-19,181.21556091308602,149.69210009991335
2024-02-20,180.4700622558594,147.50400756453266
2024-02-21,181.22552490234378,147.39294971074668
2024-02-22,183.26321411132804,147.10673023347758
2024-02-23,181.42430114746094,147.02379270212595
2024-02-26,180.07247924804688,147.5764947291087
2024-02-27,181.53364562988284,147.75626761015542
2024-02-28,180.33088684082026,147.79431043528797
2024-02-29,179.6649322509765,147.6529105506232
2024-03-01,178.58148193359372,147.7109940907163
2024-03-04,174.04885864257818,148.65656199748838
2024-03-05,169.09873962402338,148.95310659740207
2024-03-06,168.10473632812503,149.09826087882044
2024-03-07,167.98547363281244,149.05304552877402
2024-03-08,169.705062866211,149.19972078305622
2024-03-11,171.71295166015628,150.35987767755387
2024-03-12,172.19006347656256,150.70707216344445
2024-03-13,170.1026916503906,150.8903537380954
2024-03-14,171.96145629882807,150.87015171306717
2024-03-15,171.58372497558597,151.03381171582882
2024-03-18,172.6771392822265,152.19402693485907
2024-03-19,175.02297973632815,152.52188267700575
2024-03-20,177.59742736816412,152.67522048500706
2024-03-21,170.34124755859372,152.61479282805527
2024-03-22,171.24578857421872,152.7336182731018
2024-03-25,169.82437133789057,153.73417243569713
2024-03-26,168.6912231445313,154.0003086724795
2024-03-27,172.2695770263672,154.08801533453348
2024-03-28,170.4505920410156,153.95896216249716
2024-03-29,170.4505920410156,154.01111053790942
2024-04-01,169.00929260253906,154.827111656024
2024-04-02,167.826416015625,155.03706328233798
2024-04-03,168.63156127929682,155.07134246492834
2024-04-04,167.80656433105472,154.89194108572667
2024-04-05,168.56198120117182,154.8998602014799
2024-04-08,167.43878173828125,155.61530757651505
2024-04-09,168.65142822265625,155.79946492085125
2024-04-10,166.77278137207028,155.8099955937191
2024-04-11,173.98921203613276,155.6078776916377
2024-04-12,175.49017333984375,155.59530324611944
2024-04-15,171.6533050537109,156.24798437583237
2024-04-16,168.36317443847662,156.405108756647
2024-04-17,166.9914703369141,156.382848920523
2024-04-18,166.03723144531244,156.1410138100939
2024-04-19,164.00947570800778,156.08260248764702
2024-04-22,164.84443664550778,156.55114659949243
2024-04-23,165.89807128906253,156.6291492587384
2024-04-24,168.00535583496088,156.5189318824086
2024-04-25,168.8701324462891,156.1812189460408
2024-04-26,168.28366088867182,156.02061614912714
2024-04-29,172.45845031738284,156.15683324827882
2024-04-30,169.30749511718753,156.121985602628
2024-05-01,168.28366088867182,155.9024516297332
2024-05-02,171.99127197265628,155.46217960281155
2024-05-03,182.27914428710932,155.20722160520168
2024-05-06,180.61918640136722,155.13779655358132
2024-05-07,181.30500793457037,155.07082987518982
2024-05-08,181.64300537109378,154.8425741634876
2024-05-09,183.4620056152345,154.41931022490905
2024-05-10,182.19793701171875,154.2063622544385
2024-05-13,185.41288757324224,154.42758509928677
2024-05-14,186.55751037597648,154.51533148171126
2024-05-15,188.83686828613284,154.4701782534958
2024-05-16,188.956314086914,154.25651113671688
2024-05-17,188.98616027832023,154.277386968587
2024-05-20,190.15072631835926,155.3261553285358
2024-05-21,191.45463562011713,155.72083704289614
2024-05-22,190.01138305664065,155.9900852795138
2024-05-23,186.01008605957028,156.09250392427555
2024-05-24,189.09565734863287,156.43134306587515
2024-05-27,189.09565734863287,157.9151947791662
2024-05-28,189.10562133789065,159.07439942989666
2024-05-29,189.40420532226554,159.59526655960363
2024-05-30,190.39956665039068,159.91778930233153
2024-05-31,191.35510253906241,160.45182952792894
2024-06-03,193.12681579589847,162.82632766109074
2024-06-04,193.44531249999994,163.55891366445928
2024-06-05,194.958236694336,164.09752182773877
2024-06-06,193.57470703124994,164.39450041218998
2024-06-07,195.9734802246094,164.87317393274205
2024-06-10,192.22103881835932,166.91275365542896
2024-06-11,206.18572998046875,167.4804905977959
2024-06-12,212.07820129394537,167.83137201567885
2024-06-13,213.2427368164063,167.92256067233137
2024-06-14,211.50086975097653,168.19263089376133
2024-06-17,215.66142272949227,169.6289603009856
2024-06-18,213.29249572753906,170.01460443338848
2024-06-19,213.29249572753906,170.19894758522483
2024-06-20,208.70394897460938,170.14331976614213
2024-06-21,206.52416992187509,170.2962043725974
2024-06-24,207.17112731933594,171.5743168615271
2024-06-25,208.0968017578125,171.97206037033712
2024-06-26,212.25733947753895,172.19912766495946
2024-06-27,213.10339355468759,172.21493498047138
2024-06-28,209.63957214355466,172.47159212690073
2024-07-01,215.74104309082028,174.2216243026888
2024-07-02,219.24465942382804,174.81320384227533
2024-07-03,220.51870727539074,175.24171267719896
2024-07-04,220.51870727539074,161.12309290190706
2024-07-05,225.2864074707032,175.9237953017972
2024-07-08,226.75953674316406,178.26728804474553
2024-07-09,227.61550903320315,179.0247756896573
2024-07-10,231.89549255371082,179.59164749160772
2024-07-11,226.5106964111329,179.91568662809507
2024-07-12,229.46685791015625,180.46143515802834
2024-07-15,233.30888366699224,182.87885287134222
2024-07-16,233.72694396972648,183.59209828151225
2024-07-17,227.8146057128907,184.0764307470351
2024-07-18,223.13645935058588,184.28034178961448
2024-07-19,223.26583862304685,184.682669170275
2024-07-22,222.91749572753903,186.54479907012896
2024-07-23,223.9625854492188,187.03578036230732
2024-07-24,217.52270507812497,187.2834064320016
2024-07-25,216.47760009765628,187.24072928789022
2024-07-26,216.94541931152344,187.39961322239623
2024-07-29,217.22412109375006,188.57707618326532
2024-07-30,217.78150939941415,188.8618788427615
2024-07-31,221.04621887207037,188.91774174855237
2024-08-01,217.34356689453116,188.69997198716524
2024-08-02,218.8365783691406,188.7062652467797
2024-08-05,208.2958679199219,189.5567508273732
2024-08-06,206.26535034179693,189.7718660852377
2024-08-07,208.84332275390634,189.77465436263867
2024-08-08,212.31706237792972,189.51832055923563
2024-08-09,215.23342895507815,189.50077837487328
2024-08-12,216.76803588867182,190.33830710581225
2024-08-13,220.49493408203134,190.55781615339924
2024-08-14,220.94335937500006,190.56416034740488
2024-08-15,223.93284606933588,190.3080586131793
2024-08-16,225.25819396972656,190.28802361184069
2024-08-19,225.09873962402347,191.08666351493181
2024-08-20,225.71656799316415,191.27936278721373
2024-08-21,225.60696411132812,191.25171520863407
2024-08-22,223.74351501464844,190.95548426713424
2024-08-23,226.04542541503898,190.89297959383669
2024-08-26,226.38423156738287,191.56914701706987
2024-08-27,227.23126220703116,191.73024183802974
2024-08-28,225.6966552734375,191.68004054185712
2024-08-29,228.98507690429693,191.37324176236527
2024-08-30,228.19784545898443,191.31654272885956
2024-09-02,228.19784545898443,189.94808255244928
2024-09-03,221.98966979980472,192.38584489701665
2024-09-04,220.07640075683602,192.452431648386
2024-09-05,221.60104370117196,192.28616911403364
2024-09-06,220.0465087890625,192.39591465890413
2024-09-09,220.13619995117193,193.8538830751077
2024-09-10,219.33898925781253,194.35940536876655
2024-09-11,221.88006591796884,194.688744544403
2024-09-12,221.98966979980472,194.79053062607994
2024-09-13,221.72062683105472,195.17569317700193
2024-09-16,215.5622863769532,197.45394305365852
2024-09-17,216.0306091308593,198.20803664245383
2024-09-18,219.9169769287109,198.76052002297527
2024-09-19,228.06831359863278,199.0532263439312
2024-09-20,227.40065002441403,199.60390915505425
2024-09-23,225.67672729492185,202.17903103656857
2024-09-24,226.5735473632812,202.9469452943028
2024-09-25,225.5770568847656,203.4628735280404
2024-09-26,226.72303771972656,203.6671255625689
2024-09-27,226.99208068847662,204.09072170221637
2024-09-30,232.18385314941403,206.0533574655598
2024-10-01,225.41763305664065,206.54122420420194
2024-10-02,225.98562622070304,206.74298929814532
2024-10-03,224.87951660156259,206.6044393353336
2024-10-04,226.00555419921875,206.67098233663356
2024-10-07,220.91346740722653,207.51864685406912
2024-10-08,224.9791870117187,207.63510540147567
2024-10-09,228.7359466552734,207.47464331219666
2024-10-10,228.2377014160156,206.9892667696265
2024-10-11,226.75294494628912,206.73088613287783
2024-10-14,230.48980712890628,204.46496040044153
2024-10-15,233.03086853027338,206.6634454613482
2024-10-16,230.96810913085932,206.32245646946333
2024-10-17,231.33682250976562,205.6899226794306
2024-10-18,234.17683410644537,205.3138962135896
2024-10-21,235.65164184570307,205.14747949712964
2024-10-22,235.03382873535165,205.0308703467012
2024-10-23,229.951690673828,204.68862790221468
2024-10-24,229.76235961914074,204.07002550782852
2024-10-25,230.59942626953134,203.7154580952529
2024-10-28,232.58244323730463,203.62777952503978
2024-10-29,232.85150146484366,203.53453831777483
2024-10-30,229.29400634765628,203.2113340521265
2024-10-31,225.11868286132798,202.60605178118988
2024-11-01,222.12918090820307,202.25459763471758
2024-11-04,221.2323303222655,202.1178906167843
2024-11-05,222.66729736328134,201.99408947797866
2024-11-06,221.93984985351565,201.6374471182197
2024-11-07,226.6831817626953,200.99880216554664
2024-11-08,226.4138336181641,200.613131885366
2024-11-11,223.6903991699219,201.2085227066781
2024-11-12,223.6903991699219,200.27970901421432
2024-11-13,224.57824707031253,199.94140655191967
2024-11-14,227.67079162597665,199.34282207765273
2024-11-15,224.4585418701172,199.01717053050692
2024-11-18,227.47126770019523,199.1287073093896
2024-11-19,227.73065185546872,199.16310574007895
2024-11-20,228.44891357421875,199.00900706408441
2024-11-21,227.97007751464835,198.618153058975
2024-11-22,229.31681823730463,198.5195453284077
2024-11-25,232.309600830078,199.40222199578486
2024-11-26,234.4943237304688,199.7103160959678
2024-11-27,234.36463928222665,199.8288255998943
2024-11-28,234.36463928222665,202.70657643878187
2024-11-29,236.7588653564453,199.85849424251504
2024-12-02,239.01342773437503,201.38748689174105
2024-12-03,242.06607055664074,201.85120857637065
2024-12-04,242.42520141601562,202.08474682900717
2024-12-05,242.45512390136713,202.02812900863856
2024-12-06,242.2555999755859,202.2109451167396
2024-12-09,246.15620422363278,203.5402585281076
2024-12-10,247.17375183105474,203.8366291981219
2024-12-11,245.89683532714838,203.8520474757796
2024-12-12,247.363296508789,203.5294299229672
2024-12-13,247.5328826904296,203.40684933071125
2024-12-16,250.43588256835935,203.61971803714914
2024-12-17,252.86999511718744,203.49458627552087
2024-12-18,247.4530792236328,203.07626610166915
2024-12-19,249.18888854980477,202.31690602620296
2024-12-20,253.87759399414077,201.76002594518584
2024-12-23,254.65571594238284,200.74976866415452
2024-12-24,257.57867431640636,200.26886624588172
2024-12-25,257.57867431640636,201.20847279963124
2024-12-26,258.3966674804687,198.50432088965619
2024-12-27,254.9749298095704,197.71716800385926
2024-12-30,251.5930786132812,196.28357852263724
2024-12-31,249.8173675537108,195.76046907845694
2025-01-01,249.8173675537108,201.6016209306723
2025-01-02,243.26319885253906,194.0675904377387
2025-01-03,242.77436828613293,193.37837096829662
2025-01-06,244.41041564941406,192.43208140739964
2025-01-07,241.62713623046884,192.12801368128493
2025-01-08,242.11595153808602,191.64503679801305
2025-01-09,242.11595153808602,190.93497078581623
2025-01-10,236.28004455566412,190.50694585680424
2025-01-13,233.83592224121102,190.32356392091083
2025-01-14,232.71861267089852,190.25576320667753
2025-01-15,237.2975616455078,189.99410543673235
2025-01-16,227.71069335937506,189.4865151379877
2025-01-17,229.42655944824216,189.23551717207624
2025-01-20,229.42655944824216,193.20611437404054
2025-01-21,222.1042175292968,189.4185788308194
2025-01-22,223.2913665771485,189.19647974735295
2025-01-23,223.12178039550776,188.7022774397208
2025-01-24,222.24388122558594,188.43846504519803
2025-01-27,229.30685424804696,188.45179905072126
2025-01-28,237.6866302490235,188.36075031828702
2025-01-29,238.7839813232423,188.0386196650849
2025-01-30,237.01823425292974,187.43867967522903
2025-01-31,235.4320831298828,187.06427887031856
2025-02-03,227.46128845214852,186.75246857312445
2025-02-04,232.239776611328,186.56847127702582
2025-02-05,231.91058349609366,186.16766120808055
2025-02-06,232.65876770019523,185.50636282235482
2025-02-07,227.0822143554687,185.08514854344975
2025-02-10,227.35185241699224,184.73747135102514
2025-02-11,232.31535339355472,184.58234048087706
2025-02-12,236.55978393554676,184.23278481132996
2025-02-13,241.21368408203136,183.64492673024478
2025-02-14,244.2796630859375,183.31381806024598
2025-02-17,244.2796630859375,186.20761209725708
2025-02-18,244.14984130859366,183.3295002421025
2025-02-19,244.5493011474609,183.14543668779447
2025-02-20,245.50805664062509,182.73401671972624
2025-02-21,245.2284240722656,182.58607743850504
2025-02-24,246.776397705078,183.18292047027148
2025-02-25,246.71646118164062,183.37768420445104
2025-02-26,240.0452117919922,183.3901856189118
2025-02-27,236.98922729492188,183.17193581364972
2025-02-28,241.52326965332037,183.2135808456526
2025-03-03,237.71826171874994,184.34785104919146
2025-03-04,235.62101745605472,184.7059972809025
2025-03-05,235.43127441406253,184.87058959986285
2025-03-06,235.02180480957026,184.7913402420682
2025-03-07,238.75691223144526,184.9627233133976
2025-03-10,227.18208312988276,186.42301160034927
2025-03-11,220.55078125000009,186.86361005373976
2025-03-12,216.69583129882798,187.09461842256377
2025-03-13,209.40539550781256,187.0647764570995
2025-03-14,213.21041870117182,187.27500226083632
2025-03-17,213.71974182128903,188.78379656430874
2025-03-18,212.41145324707026,189.21419552920847
2025-03-19,214.95811462402352,189.420230848275
2025-03-20,213.8196105957032,189.35083186576514
2025-03-21,217.98414611816412,189.51440572969662
2025-03-24,220.44091796875009,190.84250537803345
2025-03-25,223.4569702148437,191.1983710702503
2025-03-26,221.2398681640625,191.32291480955087
2025-03-27,223.55683898925778,191.16621197279528
2025-03-28,217.61462402343744,191.24348562203244
2025-03-31,221.83909606933602,192.32400156817693
2025-04-01,222.89770507812491,192.60156651905922
2025-04-02,223.59678649902352,192.65029215576797
2025-04-03,202.9239044189453,192.4209392383909
2025-04-04,188.13330078125009,192.4332099706972
2025-04-07,181.2223663330079,193.3612230827481
2025-04-08,172.19419860839847,193.59915173604145
2025-04-09,198.589584350586,193.61196557088132
2025-04-10,190.1706237792969,193.3493929543913
2025-04-11,197.89048767089844,193.33300354195103
2025-04-14,202.25477600097656,194.18488203755217
2025-04-15,201.87527465820304,194.39354723813523
2025-04-16,194.0155792236328,194.37156773003028
2025-04-17,196.7220306396485,194.06698204559683
2025-04-18,196.7220306396485,194.00230717672414
2025-04-21,192.90702819824222,194.65572306214014
2025-04-22,199.4784240722656,194.77601330361185
2025-04-23,204.332061767578,194.65365300166886
2025-04-24,208.0971069335938,194.23725895374363
2025-04-25,209.00592041015625,194.0511659851753
2025-04-28,209.86479187011722,194.29264471231943
2025-04-29,210.93339538574222,194.26622268012417
2025-04-30,212.22171020507804,193.99755391925373
2025-05-01,213.04063415527352,193.43914207905476
2025-05-02,205.08106994628906,193.1172574620546
2025-05-05,198.62953186035162,193.02399157815395
2025-05-06,198.25001525878903,192.92421240295826
2025-05-07,195.99298095703134,192.60860964926823
2025-05-08,197.23136901855477,192.03333812023504
2025-05-09,198.2700042724609,191.72404523518605
2025-05-12,210.78999328613287,191.8704509860214
2025-05-13,212.9299926757813,191.92463176665154
2025-05-14,212.33000183105466,191.8011492366427
2025-05-15,211.44999694824222,191.4547965859748
2025-05-16,211.25999450683605,191.40815085403932
2025-05-19,208.77999877929688,192.52842922471
2025-05-20,206.8600006103515,192.95829705000833
2025-05-21,202.08999633789065,193.22708251926258
2025-05-22,201.36000061035153,193.28265853428283
2025-05-23,195.270004272461,193.64692258960247
2025-05-26,195.270004272461,195.37304791481324
2025-05-27,200.2100067138672,196.81894643227068
2025-05-28,200.41999816894528,197.4491175212831
2025-05-29,199.94999694824216,197.83187917654632
2025-05-30,200.85000610351557,198.49636987130367
2025-06-02,201.69999694824213,201.54110497165252
2025-06-03,203.27000427246094,202.49791982771066
2025-06-04,202.82000732421875,203.21253438763904
2025-06-05,200.63000488281247,203.62253536589634
2025-06-06,203.91999816894528,204.2737236405254
2025-06-09,201.44999694824216,207.03669069047874
2025-06-10,202.66999816894528,207.8185850234064
2025-06-11,198.77999877929685,208.3205239921112
2025-06-12,199.1999969482421,208.48546264826882
2025-06-13,196.44999694824213,208.87976898835362
2025-06-16,198.4199981689454,210.84944765745144
2025-06-17,195.63999938964835,211.3739171236544
2025-06-18,196.58000183105466,211.63031370935045
2025-06-19,196.58000183105466,211.56789016031618
2025-06-20,201.0,211.7678035929696
2025-06-23,201.50000000000009,213.38200700594763
2025-06-24,200.30000305175778,213.86824883749543
2025-06-25,201.55999755859375,214.12654327583556
2025-06-26,201.0,214.10518496384572
2025-06-27,201.08000183105463,214.39124419470807
2025-06-30,205.16999816894526,216.50127798937945
2025-07-01,207.8200073242187,217.213172543186
2025-07-02,212.44000244140616,217.71488115092393
2025-07-03,213.55000305175773,217.94675535650856
2025-07-04,213.55000305175773,199.91681363667453
2025-07-07,209.94999694824216,221.42413626073548
2025-07-08,210.0099945068359,222.38155113418992
2025-07-09,211.13999938964852,223.09984042318396
2025-07-10,212.41000366210943,223.51168886412975
2025-07-11,211.16000366210926,224.21891608069492
2025-07-14,208.61999511718753,227.4001933320041
2025-07-15,209.11000061035168,228.35581118898045
2025-07-16,210.1600036621094,229.02103659820673
2025-07-17,210.02000427246085,229.32796612172822
2025-07-18,211.17999267578128,229.8967732066423
2025-07-21,212.479995727539,232.4709717558998
2025-07-22,214.39999389648438,233.16279349405295
2025-07-23,214.14999389648432,233.537545826167
2025-07-24,213.7599945068359,233.5329498752198
