ds,Actual,Prophet_Pred
2021-02-08,133.7555389404297,76.6330057736464
2021-02-09,132.8762664794922,76.59962746624265
2021-02-10,132.2705535888672,76.57130770833317
2021-02-11,132.0165252685547,76.5232479986283
2021-02-12,132.25099182128906,76.46805328951521
2021-02-15,132.25099182128906,76.36641862197213
2021-02-16,130.1212158203125,76.35702852231377
2021-02-17,127.82537841796876,76.35596180039421
2021-02-18,126.721435546875,76.3378191766875
2021-02-19,126.87774658203124,76.31456518864633
2021-02-22,123.0969009399414,76.31422409118252
2021-02-23,122.96012115478516,76.3382206209909
2021-02-24,122.46187591552734,76.36931502469298
2021-02-25,118.20233917236328,76.3815542204854
2021-02-26,118.46609497070312,76.38641157963731
2021-03-01,124.8456573486328,76.45300533596654
2021-03-02,122.23719787597656,76.49267890871509
2021-03-03,119.24768829345705,76.5359397419915
2021-03-04,117.36214447021484,76.55685394844498
2021-03-05,118.6224136352539,76.56700041875695
2021-03-08,113.67900848388672,76.63136533380427
2021-03-09,118.30001831054688,76.66533129335514
2021-03-10,117.2155990600586,76.70106275949537
2021-03-11,119.14997100830078,76.71307321443828
2021-03-12,118.24139404296876,76.71340504553864
2021-03-15,121.13320922851562,76.74746707856731
2021-03-16,122.67679595947266,76.77248596549495
2021-03-17,121.88548278808594,76.80048105876631
2021-03-18,117.75292205810548,76.80627452522658
2021-03-19,117.22537231445312,76.8021594173989
2021-03-22,120.54703521728516,76.83504508751561
2021-03-23,119.71663665771484,76.86390762577939
2021-03-24,117.32305908203124,76.89779027405127
2021-03-25,117.81155395507812,76.91137867572621
2021-03-26,118.4172592163086,76.91677537927424
2021-03-29,118.59312438964844,76.98594174843608
2021-03-30,117.13743591308594,77.02847254293366
2021-03-31,119.33560180664062,77.07626351914253
2021-04-01,120.16602325439452,77.10366664313585
2021-04-02,120.16602325439452,77.12246093653033
2021-04-05,122.9992218017578,77.22641972544307
2021-04-06,123.30207061767578,77.27794758672185
2021-04-07,124.95310974121094,77.33313899393984
2021-04-08,127.35643005371094,77.36623898825897
2021-04-09,129.93560791015625,77.38896998059685
2021-04-12,128.21617126464844,77.49435855874361
2021-04-13,131.3326416015625,77.54319595513971
2021-04-14,128.98797607421875,77.59436211669954
2021-04-15,131.40109252929688,77.62230106477313
2021-04-16,131.0689239501953,77.63895799522187
2021-04-19,131.7332000732422,77.72307298735706
2021-04-20,130.0430908203125,77.76462317204471
2021-04-21,130.42410278320312,77.80879451199543
2021-04-22,128.90005493164062,77.8302386715262
2021-04-23,131.2252197265625,77.84108241505204
2021-04-26,131.615966796875,77.91318051812415
2021-04-27,131.29356384277344,77.95279621966907
2021-04-28,130.50228881835938,77.99610576286628
2021-04-29,130.404541015625,78.01772710968214
2021-04-30,128.43109130859375,78.02971875339355
2021-05-03,129.48619079589844,78.10996072231056
2021-05-04,124.90426635742188,78.15336923429096
2021-05-05,125.14851379394533,78.20072892589369
2021-05-06,126.75072479248048,78.22647884821794
2021-05-07,127.42594909667967,78.24250061413143
2021-05-10,124.13780975341795,78.33262544110389
2021-05-11,123.2179183959961,78.37814002368137
2021-05-12,120.14505004882812,78.42684346432488
2021-05-13,122.29801940917967,78.4531151102627
2021-05-14,124.72499084472656,78.46880685417106
2021-05-17,123.57019805908205,78.55298558700024
2021-05-18,122.18058776855467,78.5950594835888
2021-05-19,122.02399444580078,78.6397518989096
2021-05-20,124.58796691894533,78.66156755978176
2021-05-21,122.74816131591795,78.67249761964585
2021-05-24,124.38246154785156,78.74205269691761
2021-05-25,124.1867446899414,78.77963582264844
2021-05-26,124.13780975341795,78.82025911211934
2021-05-27,122.60137939453124,78.83854430896108
2021-05-28,121.94572448730467,78.84658018136314
2021-05-31,121.94572448730467,78.91189736498663
2021-06-01,121.62277221679688,78.94963047871495
2021-06-02,122.3860855102539,78.99116001213669
2021-06-03,120.8985824584961,79.01105487730864
2021-06-04,123.1983413696289,79.0213284507406
2021-06-07,123.20813751220705,79.09610026899236
2021-06-08,124.03016662597656,79.13749286315688
2021-06-09,124.41183471679688,79.18271650925236
2021-06-10,123.41364288330078,79.20620852522718
2021-06-11,124.62712097167967,79.21985724425156
2021-06-14,127.69019317626952,79.30235961822167
2021-06-15,126.8681411743164,79.34526432051663
2021-06-16,127.3672332763672,79.39138809652579
2021-06-17,128.97219848632812,79.41515639107153
2021-06-18,127.67064666748048,79.42847052514405
2021-06-21,129.47129821777344,79.50679078349769
2021-06-22,131.1153564453125,79.54751029787859
2021-06-23,130.84133911132812,79.59123059042383
2021-06-24,130.55755615234375,79.61250171926474
2021-06-25,130.2639617919922,79.62335585984817
2021-06-28,131.8982696533203,79.69582480821859
2021-06-29,133.4151611328125,79.73550576134495
2021-06-30,134.03163146972656,79.77881324754287
2021-07-01,134.33502197265625,79.80037264511482
2021-07-02,136.967529296875,79.81226965525418
2021-07-05,136.967529296875,79.89256805440633
2021-07-06,138.9834442138672,79.93635904595992
2021-07-07,141.4789581298828,79.98443326650305
2021-07-08,140.17738342285156,80.01132771965678
2021-07-09,142.00743103027344,80.02902212373446
2021-07-12,141.4104461669922,80.12824443452898
2021-07-13,142.5260467529297,80.17841041131085
2021-07-14,145.9610137939453,80.23267345055582
2021-07-15,145.30531311035156,80.26545021744867
2021-07-16,143.26002502441406,80.28861419478982
2021-07-19,139.40428161621094,80.40099945471489
2021-07-20,143.02513122558594,80.45433331803058
2021-07-21,142.29115295410156,80.51115139562236
2021-07-22,143.66128540039062,80.54590954658704
2021-07-23,145.3836212158203,80.5705468590558
2021-07-26,145.80445861816406,80.6853080641202
2021-07-27,143.6318817138672,80.73917892127105
2021-07-28,141.8801727294922,80.79664963581651
2021-07-29,142.5260467529297,80.83232870186093
2021-07-30,142.7413787841797,80.85830411445878
2021-08-02,142.40863037109375,80.98088859147711
2021-08-03,144.20925903320312,81.03897053674056
2021-08-04,143.80801391601562,81.10155188937891
2021-08-05,143.9156951904297,81.14324955872597
2021-08-06,143.22964477539062,81.17612213770774
2021-08-09,143.18064880371094,81.32378275305952
2021-08-10,142.70042419433594,81.3911947992713
2021-08-11,142.95521545410156,81.46325697386557
2021-08-12,145.92486572265625,81.51433916445791
2021-08-13,146.1307373046875,81.55622965640649
2021-08-16,148.11048889160156,81.72583639047551
2021-08-17,147.19900512695312,81.79787813490618
2021-08-18,143.44528198242188,81.87275785706828
2021-08-19,143.77850341796875,81.92459501917156
2021-08-20,145.2388153076172,81.9649597546396
2021-08-23,146.72857666015625,82.1147595532404
2021-08-24,146.64031982421875,82.17486137585801
2021-08-25,145.40541076660156,82.2351443208909
2021-08-26,144.60174560546875,82.26982589771522
2021-08-27,145.6406707763672,82.29063561116743
2021-08-30,150.07064819335938,82.36984216367831
2021-08-31,148.80633544921875,82.4035214493007
2021-09-01,149.47279357910156,82.43658757485878
2021-09-02,150.59007263183594,82.4436977293488
2021-09-03,151.22711181640625,82.43704055594183
2021-09-06,151.22711181640625,82.43913660096842
2021-09-07,153.5695343017578,82.45037798427158
2021-09-08,152.02101135253906,82.46332654630955
2021-09-09,151.00173950195312,82.45299264692859
2021-09-10,146.00328063964844,82.4318659174687
2021-09-13,146.5717315673828,82.4104802458302
2021-09-14,145.1702117919922,82.4208851213063
2021-09-15,146.06210327148438,82.43648473117243
2021-09-16,145.8268585205078,82.43217484677271
2021-09-17,143.15122985839844,82.42026020089568
2021-09-20,140.0933837890625,82.44284126129119
2021-09-21,140.57357788085938,82.47214604218209
2021-09-22,142.94544982910156,82.50806592677489
2021-09-23,143.9058837890625,82.52503576454278
2021-09-24,143.99411010742188,82.53488838081381
2021-09-27,142.47500610351562,82.6210535753355
2021-09-28,139.0838623046875,82.66953608286768
2021-09-29,139.98556518554688,82.72299045461092
2021-09-30,138.68209838867188,82.75554189901304
2021-10-01,139.80917358398438,82.77877112036929
2021-10-04,136.36904907226562,82.89027278140786
2021-10-05,138.29981994628906,82.94208299907017
2021-10-06,139.17208862304688,82.99637915343702
2021-10-07,140.43641662597656,83.02742442096876
2021-10-08,140.05413818359375,83.04699339989433
2021-10-11,139.96595764160156,83.13721433185326
2021-10-12,138.69186401367188,83.17953948767733
2021-10-13,138.10379028320312,83.2237249978544
2021-10-14,140.89703369140625,83.24438399283778
2021-10-15,141.95553588867188,83.25363178663952
2021-10-18,143.63150024414062,83.31634702186992
2021-10-19,145.79745483398438,83.35150657821166
2021-10-20,146.28750610351562,83.38984322310108
2021-10-21,146.50311279296875,83.40608296632672
2021-10-22,145.72886657714844,83.41239927189932
2021-10-25,145.67987060546875,83.47500865528336
2021-10-26,146.34632873535156,83.51269288332392
2021-10-27,145.8856964111328,83.55455305057752
2021-10-28,149.53160095214844,83.57509184706707
2021-10-29,146.81675720214844,83.58623387457246
2021-11-01,145.99349975585938,83.66379807383935
2021-11-02,147.03237915039062,83.70573375464882
2021-11-03,148.47312927246094,83.75106565664541
2021-11-04,147.9536590576172,83.77408706496078
2021-11-05,148.48370361328125,83.78654951118995
2021-11-08,147.6592254638672,83.86003643195015
2021-11-09,148.0223388671875,83.8978266580305
2021-11-10,145.18577575683594,83.93769637566459
2021-11-11,145.13673400878906,83.95406139831867
2021-11-12,147.217529296875,83.95884292150974
2021-11-15,147.22735595703125,84.00543000820021
2021-11-16,148.20884704589844,84.03387920308329
2021-11-17,150.65281677246094,84.06472051628909
2021-11-18,154.95187377929688,84.07267641164132
2021-11-19,157.58233642578125,84.06996545156603
2021-11-22,158.04364013671875,84.10220799619569
2021-11-23,158.42642211914062,84.12928947150112
2021-11-24,158.9466552734375,84.1607078497941
2021-11-25,158.9466552734375,84.17124815893375
2021-11-26,153.9114532470703,84.1731329170148
2021-11-29,157.27804565429688,84.23037432652863
2021-11-30,162.24453735351562,84.26895353554562
2021-12-01,161.72430419921875,84.31303631317175
2021-12-02,160.73297119140625,84.33709362181222
2021-12-03,158.84849548339844,84.35300224137539
2021-12-06,162.26416015625,84.45163333283799
2021-12-07,168.015869140625,84.5025280770688
2021-12-08,171.84376525878906,84.55759173151424
2021-12-09,171.33335876464844,84.59098133406218
2021-12-10,176.1329803466797,84.61430227693371
2021-12-13,172.49156188964844,84.7217491200876
2021-12-14,171.10760498046875,84.77078986767117
2021-12-15,175.98574829101562,84.8216151195051
2021-12-16,169.07586669921875,84.84849466167071
2021-12-17,167.97657775878906,84.863215114663
2021-12-20,166.61227416992188,84.93505745668115
2021-12-21,169.79238891601562,84.97013387086702
2021-12-22,172.3933868408203,85.00662862966698
2021-12-23,173.02157592773438,85.01925489134948
2021-12-24,173.02157592773438,85.02024806287852
2021-12-27,176.9967041015625,85.05835879234117
2021-12-28,175.97593688964844,85.0859516643486
2021-12-29,176.06423950195312,85.11736231533557
2021-12-30,174.9060821533203,85.12752186748018
2021-12-31,174.2877197265625,85.12880938480262
2022-01-03,178.64564514160156,85.18457982788009
2022-01-04,176.3783721923828,85.22329621542693
2022-01-05,171.6866912841797,85.26806104015523
2022-01-06,168.82069396972656,85.29345471659887
2022-01-07,168.987548828125,85.31143653701923
2022-01-10,169.00717163085938,85.42103203805996
2022-01-11,171.84376525878906,85.47707760161907
2022-01-12,172.2854461669922,85.53789107184733
2022-01-13,169.00717163085938,85.5774733106143
2022-01-14,169.87091064453125,85.60722895305852
2022-01-17,169.87091064453125,85.73279431626855
2022-01-18,166.6613311767578,85.78641333859952
2022-01-19,163.15733337402344,85.84047670158192
2022-01-20,161.46913146972656,85.86885548200226
2022-01-21,159.40794372558594,85.88292588007566
2022-01-24,158.6325225830078,85.93582006968415
2022-01-25,156.82655334472656,85.95761072281944
2022-01-26,156.7382049560547,85.97674714955107
2022-01-27,156.2769317626953,85.96764748009339
2022-01-28,167.1815643310547,85.94230257114963
2022-01-31,171.54930114746094,85.87219537607665
2022-02-01,171.38243103027344,85.85381917371915
2022-02-02,172.58970642089844,85.83442205033339
2022-02-03,169.70404052734375,85.7891210915675
2022-02-04,169.4190216064453,85.7305627275831
2022-02-07,168.70162963867188,85.58434189622761
2022-02-08,171.8170166015625,85.54989782752132
2022-02-09,173.24200439453125,85.51957823097591
2022-02-10,169.15367126464844,85.46864031043066
2022-02-11,165.73365783691406,85.40976188132974
2022-02-14,165.9695281982422,85.29318668706588
2022-02-15,169.81214904785156,85.27788917578617
2022-02-16,169.57627868652344,85.27065377578525
2022-02-17,165.9695281982422,85.24620712651753
2022-02-18,164.41676330566406,85.21663852264658
2022-02-21,164.41676330566406,85.19846040103934
2022-02-22,161.4881134033203,85.21722642604757
2022-02-23,157.31138610839844,85.24359126065976
2022-02-24,159.93536376953125,85.25166623204166
2022-02-25,162.00901794433594,85.25297295346654
2022-02-28,162.27435302734375,85.31282477334977
2022-03-01,160.38742065429688,85.35154615049832
2022-03-02,163.6895294189453,85.39445820180532
2022-03-03,163.36520385742188,85.41557892199405
2022-03-04,160.3579559326172,85.42642690852924
2022-03-07,156.55465698242188,85.4951239638282
2022-03-08,154.72671508789062,85.53099856197983
2022-03-09,160.1417236328125,85.56872521433564
2022-03-10,155.78811645507812,85.58273098105379
2022-03-11,152.06341552734375,85.58497576648388
2022-03-14,148.0242462158203,85.62355963165051
2022-03-15,152.4171905517578,85.649485083296
2022-03-16,156.83963012695312,85.6780163941139
2022-03-17,157.85189819335938,85.68395204402191
2022-03-18,161.1539764404297,85.67957412854553
2022-03-21,162.52987670898438,85.70931810197106
2022-03-22,165.91058349609375,85.73643191013814
2022-03-23,167.27659606933594,85.76828146841125
2022-03-24,171.07012939453125,85.77960424810769
2022-03-25,171.7089080810547,85.78256028734103
2022-03-28,172.57373046875,85.8439753128901
2022-03-29,175.87582397460938,85.88398830683917
2022-03-30,174.70632934570312,85.92939369418431
2022-03-31,171.60076904296875,85.954596253002
2022-04-01,171.30593872070312,85.97142130425304
2022-04-04,175.3647918701172,86.07120310183296
2022-04-05,172.0430450439453,86.12198474537267
2022-04-06,168.86868286132812,86.17676389080843
2022-04-07,169.17335510253906,86.2097780046752
2022-04-08,167.15869140625,86.23273310286955
2022-04-11,162.89346313476562,86.34037511583158
2022-04-12,164.7705841064453,86.39036715231438
2022-04-13,167.4633331298828,86.44281715894863
2022-04-14,162.44140625,86.47212215518546
2022-04-15,162.44140625,86.49018007684026
2022-04-18,162.22520446777344,86.5782609370121
2022-04-19,164.5150146484375,86.62092270631142
2022-04-20,164.34796142578125,86.66604737350748
2022-04-21,163.55189514160156,86.68826408384507
2022-04-22,159.0017547607422,86.69968407939427
2022-04-25,160.0729522705078,86.77228652406512
2022-04-26,154.09771728515625,86.81168192225563
2022-04-27,153.87171936035156,86.85460295869426
2022-04-28,160.81985473632812,86.87569145002082
2022-04-29,154.93309020996094,86.88703398710878
2022-05-02,155.23773193359375,86.96495299226592
2022-05-03,156.73153686523438,87.00757479553788
2022-05-04,163.15882873535156,87.0541966993375
2022-05-05,154.06825256347656,87.0792877225729
2022-05-06,154.7965545654297,87.09475599394455
2022-05-09,149.6589813232422,87.18405005017595
2022-05-10,152.07028198242188,87.22960362774735
2022-05-11,144.18673706054688,87.27850946428393
2022-05-12,140.3089599609375,87.305141561262
2022-05-13,144.78713989257812,87.32134103537896
2022-05-16,143.24192810058594,87.40774817793096
2022-05-17,146.88348388671875,87.45072183220859
2022-05-18,138.59645080566406,87.49634709053902
2022-05-19,135.18124389648438,87.51909963869802
2022-05-20,135.41744995117188,87.53094177211973
2022-05-23,140.8502960205078,87.60281842696959
2022-05-24,138.1437225341797,87.64096225349645
2022-05-25,138.30120849609375,87.68201153954456
2022-05-26,141.5097198486328,87.70057789970417
2022-05-27,147.27719116210938,87.70874493663011
2022-05-30,147.27719116210938,87.77357944190588
2022-05-31,146.48985290527344,87.81089144919427
2022-06-01,146.3618621826172,87.85189626587211
2022-06-02,148.8223876953125,87.87118382396244
2022-06-03,143.08448791503906,87.88079090424276
2022-06-06,143.83245849609375,87.95345986351819
2022-06-07,146.3618621826172,87.99420056431347
2022-06-08,145.6237030029297,88.03883531484728
2022-06-09,140.38771057128906,88.06182081952683
2022-06-10,134.96473693847656,88.07506134739299
2022-06-13,129.79762268066406,88.1570260985342
2022-06-14,130.66371154785156,88.19999000103866
2022-06-15,133.2915802001953,88.24628510996554
2022-06-16,128.00637817382812,88.27032582155837
2022-06-17,129.48268127441406,88.2839983427756
2022-06-20,129.48268127441406,88.36370941863062
2022-06-21,133.72463989257812,88.40491970207309
2022-06-22,133.21282958984375,88.44910251649249
2022-06-23,136.08673095703125,88.47078297797114
2022-06-24,139.42320251464844,88.48196965307687
2022-06-27,139.42320251464844,88.5547762288879
2022-06-28,135.2698516845703,88.59430045131663
2022-06-29,137.0315399169922,88.63730234115086
2022-06-30,134.56118774414062,88.65840569888269
2022-07-01,136.7362823486328,88.66969946517658
2022-07-04,136.7362823486328,88.74740637331276
2022-07-05,139.3247528076172,88.79012722069704
2022-07-06,140.6632843017578,88.83706353249816
2022-07-07,144.03915405273438,88.86277697500556
2022-07-08,144.71820068359375,88.87927302360842
2022-07-11,142.58250427246094,88.9750506638974
2022-07-12,143.55686950683594,89.02419584774997
2022-07-13,143.19273376464844,89.07753365728381
2022-07-14,146.12567138671875,89.10949419600024
2022-07-15,147.79881286621094,89.1319597688295
2022-07-18,144.74778747558594,89.24296864238899
2022-07-19,148.61569213867188,89.29606114990008
2022-07-20,150.6234893798828,89.35272297939966
2022-07-21,152.8970489501953,89.38738915501735
2022-07-22,151.6569061279297,89.41197438052335
2022-07-25,150.53492736816406,89.52654022515445
2022-07-26,149.2062530517578,89.58023582541989
2022-07-27,154.3142852783203,89.63742945037936
2022-07-28,154.86546325683594,89.67270503025682
2022-07-29,159.94398498535156,89.69812989157991
2022-08-01,158.95977783203125,89.81805256082382
2022-08-02,157.4834442138672,89.87489975897535
2022-08-03,163.50680541992188,89.93608508605764
2022-08-04,163.19186401367188,89.97624420222373
2022-08-05,162.96519470214844,90.00746191821055
2022-08-08,162.49209594726562,90.14982513585936
2022-08-09,162.54136657714844,90.21551120733993
2022-08-10,166.79908752441406,90.28595364082493
2022-08-11,166.05990600585938,90.33557801501955
2022-08-12,169.6178436279297,90.3762288654476
2022-08-15,170.69207763671875,90.54396324922887
2022-08-16,170.53440856933594,90.61615603894174
2022-08-17,172.032470703125,90.69163906366761
2022-08-18,171.63824462890625,90.74455858643474
2022-08-19,169.04617309570312,90.78650189877338
2022-08-22,165.15313720703125,90.9440248840851
2022-08-23,164.8180389404297,91.00764341333272
2022-08-24,165.1137237548828,91.07185884115805
2022-08-25,167.57769775390625,91.11083901643102
2022-08-26,161.2601318359375,91.136253884858
2022-08-29,159.0524444580078,91.23039674420468
2022-08-30,156.6180877685547,91.26915867048844
2022-08-31,154.9524688720703,91.30721561865963
2022-09-01,155.68179321289062,91.3191373040261
2022-09-02,153.56277465820312,91.31702694408072
2022-09-05,153.56277465820312,91.33039389276874
2022-09-06,152.30123901367188,91.34437947413562
2022-09-07,153.7106170654297,91.35947891998372
2022-09-08,152.23223876953125,91.35066799178013
2022-09-09,155.10028076171875,91.3304148064298
2022-09-12,161.07286071777344,91.30774380878204
2022-09-13,151.62118530273438,91.31648367144255
2022-09-14,153.06996154785156,91.32986534087814
2022-09-15,150.17239379882812,91.32284149400128
2022-09-16,148.52645874023438,91.30778373306075
2022-09-19,152.251953125,91.31914255038804
2022-09-20,154.63702392578125,91.34439369167161
2022-09-21,151.50289916992188,91.37625052559504
2022-09-22,150.53704833984375,91.38923439199245
2022-09-23,148.2603302001953,91.39526049992114
2022-09-26,148.59548950195312,91.47162521548523
2022-09-27,149.5711669921875,91.51759605253437
2022-09-28,147.6788787841797,91.56898691867436
2022-09-29,140.42501831054688,91.59994722203379
2022-09-30,136.20677185058594,91.62206914009833
2022-10-03,140.39544677734375,91.73307843891395
2022-10-04,143.99281311035156,91.78558451899268
2022-10-05,144.2884979248047,91.84093903921215
2022-10-06,143.33248901367188,91.8733519888972
2022-10-07,138.06947326660156,91.89453861952992
2022-10-10,138.39476013183594,91.99046602619345
2022-10-11,136.97549438476562,92.03475852909283
2022-10-12,136.34474182128906,92.08083916873701
2022-10-13,140.92770385742188,92.10326492479916
2022-10-14,136.38417053222656,92.11410171424369
2022-10-17,140.3560333251953,92.18015071485011
2022-10-18,141.67672729492188,92.21587008228956
2022-10-19,141.78512573242188,92.25447980256286
2022-10-20,141.32188415527344,92.27071482519759
2022-10-21,145.1459503173828,92.2767673481961
2022-10-24,147.2945098876953,92.33734627608698
2022-10-25,150.14285278320312,92.37407968947363
2022-10-26,147.19595336914062,92.41493325512056
2022-10-27,142.71156311035156,92.43446184056005
2022-10-28,153.49378967285156,92.4446420140124
2022-10-31,151.12838745117188,92.52009012786189
2022-11-01,148.47718811035156,92.56171182660967
2022-11-02,142.93824768066406,92.6069754845235
2022-11-03,136.87698364257812,92.6301916313897
2022-11-04,136.6103973388672,92.64311945773127
2022-11-07,137.14349365234375,92.71955392750978
2022-11-08,137.71609497070312,92.75877122940763
2022-11-09,133.14527893066406,92.8002318903961
2022-11-10,144.9918212890625,92.81830547641303
2022-11-11,147.78564453125,92.82486132969316
2022-11-14,146.3837890625,92.87659806842989
2022-11-15,148.12132263183594,92.90651289465664
2022-11-16,146.88729858398438,92.93860242533395
2022-11-17,148.7926025390625,92.94754055695978
2022-11-18,149.3553009033203,92.94550405388594
2022-11-21,146.11727905273438,92.97763585055752
2022-11-22,148.25950622558594,93.00392401100218
2022-11-23,149.1381378173828,93.03417599384605
2022-11-24,149.1381378173828,93.04319689574218
2022-11-25,146.21597290039062,93.04324027139656
2022-11-28,142.37571716308594,93.09348328957932
2022-11-29,139.36473083496094,93.1294312784048
2022-11-30,146.13699340820312,93.17084480550734
2022-12-01,146.41342163085938,93.19226644804091
2022-12-02,145.91983032226562,93.20564500729957
2022-12-05,144.7549285888672,93.29800128100102
2022-12-06,141.08248901367188,93.3474429088827
2022-12-07,139.13766479492188,93.40145252725343
2022-12-08,140.82579040527344,93.43421959358695
2022-12-09,140.34207153320312,93.45736985605417
2022-12-12,142.6422882080078,93.56702394309292
2022-12-13,143.6097412109375,93.6176431279305
2022-12-14,141.3786163330078,93.67040421642807
2022-12-15,134.75445556640625,93.69952114789443
2022-12-16,132.78988647460938,93.7167148944917
2022-12-19,130.67726135253906,93.79662762054765
2022-12-20,130.60818481445312,93.83433492730272
2022-12-21,133.71788024902344,93.87329064683912
2022-12-22,130.5390625,93.88812755401099
2022-12-23,130.1737823486328,93.89100663278735
2022-12-26,130.1737823486328,93.93221890698327
2022-12-27,128.36717224121094,93.95985006889879
2022-12-28,124.42821502685548,93.9907644195843
2022-12-29,127.95255279541016,93.99989418465731
2022-12-30,128.26846313476562,93.99963571516983
2023-01-02,128.26846313476562,94.04808212490516
2023-01-03,123.47061157226562,94.08367265073598
2023-01-04,124.74412536621094,94.12510690320426
2023-01-05,123.42125701904295,94.14706317485678
2023-01-06,127.96244049072266,94.16160564767152
2023-01-09,128.4856719970703,94.2619691130275
2023-01-10,129.0582275390625,94.31566152323046
2023-01-11,131.78294372558594,94.37465307906291
2023-01-12,131.70394897460938,94.41303309671885
2023-01-13,133.03668212890625,94.44228238567538
2023-01-16,133.03668212890625,94.57103725139255
2023-01-17,134.20162963867188,94.6273793389518
2023-01-18,133.48092651367188,94.68499355376396
2023-01-19,133.54019165039062,94.71772038556666
2023-01-20,136.10691833496094,94.73688624519934
2023-01-23,139.3054962158203,94.80878710112914
2023-01-24,140.7073516845703,94.83782134040759
2023-01-25,140.04592895507812,94.86445822768256
2023-01-26,142.11907958984375,94.86298439431704
2023-01-27,144.06385803222656,94.84525447930568
2023-01-30,141.1713104248047,94.79656012148408
2023-01-31,142.44482421875,94.78440881756914
2023-02-01,143.5702667236328,94.77058330017051
2023-02-02,148.89134216308594,94.73010071523919
2023-02-03,152.52426147460938,94.6755230249801
2023-02-06,149.7896728515625,94.53564210442963
2023-02-07,152.67234802246094,94.50134967248509
2023-02-08,149.97727966308594,94.47020437808173
2023-02-09,148.94068908691406,94.41749562236724
2023-02-10,149.30653381347656,94.35595238521097
2023-02-13,152.11447143554688,94.22678296465078
2023-02-14,151.47178649902344,94.20607864503853
2023-02-15,153.57778930664062,94.19302067772018
2023-02-16,151.97607421875,94.16245888186656
2023-02-17,150.82916259765625,94.12660829749827
2023-02-20,150.82916259765625,94.08981693409997
2023-02-21,146.8050537109375,94.10283963294805
2023-02-22,147.230224609375,94.12386058607572
2023-02-23,147.71469116210938,94.12707410606248
2023-02-24,145.05503845214844,94.12407009746664
2023-02-27,146.25137329101562,94.17473371219964
2023-02-28,145.74713134765625,94.21170225783227
2023-03-01,143.67080688476562,94.25350533612881
2023-03-02,144.2640838623047,94.27413041641645
2023-03-03,149.32627868652344,94.28505130169852
2023-03-06,152.0947265625,94.35675263708416
2023-03-07,149.889892578125,94.39430387401322
2023-03-08,151.14553833007812,94.43390377919538
2023-03-09,148.89125061035156,94.44989130192621
2023-03-10,146.82485961914062,94.454139292113
2023-03-13,148.77261352539062,94.49805441173389
2023-03-14,150.8686981201172,94.52529709949808
2023-03-15,151.26416015625,94.55482238790381
2023-03-16,154.09193420410156,94.56138955729763
2023-03-17,153.2515106201172,94.5572538591814
2023-03-20,155.6244354248047,94.58531027625976
2023-03-21,157.4832305908203,94.61109228253488
2023-03-22,156.04957580566406,94.64127146891832
2023-03-23,157.13717651367188,94.65062764987725
2023-03-24,158.44229125976562,94.65137100090729
2023-03-27,156.49449157714844,94.705253427386
2023-03-28,155.87159729003906,94.7426652808133
2023-03-29,158.9564208984375,94.78552870049273
2023-03-30,160.52845764160156,94.80830744087842
2023-03-31,163.0398406982422,94.8228810543868
2023-04-03,164.29550170898438,94.91738528769434
2023-04-04,163.76161193847656,94.96700686053377
2023-04-05,161.91268920898438,95.02095620185061
2023-04-06,162.8025360107422,95.05347491726513
2023-04-07,162.8025360107422,95.07626374332982
2023-04-10,160.20220947265625,95.18519874444787
2023-04-11,158.986083984375,95.23612060160428
2023-04-12,158.29397583007812,95.28968577385581
2023-04-13,163.69239807128906,95.32024667789436
2023-04-14,163.34634399414062,95.33965454255654
2023-04-17,163.36610412597656,95.431881649267
2023-04-18,164.5921173095703,95.4758113003465
2023-04-19,165.73904418945312,95.52208282082704
2023-04-20,164.77011108398438,95.54529479834379
2023-04-21,163.15846252441406,95.5575342734497
2023-04-24,163.4649658203125,95.63140350175975
2023-04-25,161.92257690429688,95.67081440892174
2023-04-26,161.91268920898438,95.71356033068471
2023-04-27,166.5102081298828,95.73430031731107
2023-04-28,167.7659149169922,95.7451436002987
2023-05-01,167.67691040039062,95.82094783263457
2023-05-02,166.63876342773438,95.86276762217767
2023-05-03,165.56105041503906,95.90859558474523
2023-05-04,163.91978454589844,95.93293366568759
2023-05-05,171.61204528808594,95.94772067994255
2023-05-08,171.54281616210938,96.03565458156322
2023-05-09,169.8323516845703,96.08104410394431
2023-05-10,171.60214233398438,96.12994791610261
2023-05-11,171.7899932861328,96.15674184012215
2023-05-12,170.85931396484375,96.1732630561985
2023-05-15,170.3642578125,96.26147544376687
2023-05-16,170.3642578125,96.30526799330258
2023-05-17,170.9781036376953,96.3517802737751
2023-05-18,173.31472778320312,96.3754601014952
2023-05-19,173.42364501953125,96.38824084066574
2023-05-22,172.47314453125,96.46271683288695
2023-05-23,169.8593292236328,96.5015683995471
2023-05-24,170.1365509033203,96.54320992226482
2023-05-25,171.27517700195312,96.5622370937184
2023-05-26,173.6909637451172,96.57072218359362
2023-05-29,173.6909637451172,96.63561534030252
2023-05-30,175.54241943359375,96.67266044074346
2023-05-31,175.49293518066406,96.7132729837315
2023-06-01,178.3047637939453,96.73205986781025
2023-06-02,179.15623474121094,96.74107817359229
2023-06-05,177.79981994628906,96.81168894782707
2023-06-06,177.4335174560547,96.85173042861605
2023-06-07,176.0572967529297,96.89570090724293
2023-06-08,178.78001403808594,96.91807982858131
2023-06-09,179.1661376953125,96.93079160988057
2023-06-12,181.9680633544922,97.01178586651322
2023-06-13,181.4928131103516,97.05466007669618
2023-06-14,182.12652587890625,97.1009851419156
2023-06-15,184.16607666015625,97.1251700205561
2023-06-16,183.08688354492188,97.13909095394688
2023-06-19,183.08688354492188,97.22001353698268
2023-06-20,183.17599487304688,97.26171421055481
2023-06-21,182.13641357421875,97.30639088539118
2023-06-22,185.14627075195312,97.32854330192572
2023-06-23,184.82945251464844,97.34015488702845
2023-06-26,183.43341064453125,97.41372428738126
2023-06-27,186.1957550048828,97.45326843382637
2023-06-28,187.37396240234372,97.49615000280305
2023-06-29,187.7105712890625,97.51698531638945
2023-06-30,192.0471649169922,97.52786053783522
2023-07-03,190.55213928222656,97.60345276402947
2023-07-04,190.55213928222656,97.6452197732139
2023-07-05,189.43333435058597,97.69110652273426
2023-07-06,189.9085693359375,97.71569674804698
2023-07-07,188.789794921875,97.73102017394602
2023-07-10,186.74029541015625,97.82324027585177
2023-07-11,186.21556091308597,97.87127023611943
2023-07-12,187.8888092041016,97.9235659519681
2023-07-13,188.6511688232422,97.95457594104056
2023-07-14,188.79969787597656,97.97619701986689
2023-07-17,192.0669708251953,98.08538403029404
2023-07-18,191.8095703125,98.13810602015498
2023-07-19,193.16595458984372,98.19450244613239
2023-07-20,191.21551513671875,98.22899289479618
2023-07-21,190.03733825683597,98.25347223756103
2023-07-24,190.8392639160156,98.36789010178943
2023-07-25,191.7006378173828,98.42149905002765
2023-07-26,192.57192993164065,98.47853868595116
2023-07-27,191.3045959472656,98.51356506569225
2023-07-28,193.88873291015625,98.53862014801958
2023-07-31,194.5025787353516,98.65651686360626
2023-08-01,193.67092895507807,98.71234574058829
2023-08-02,190.6709442138672,98.7723386806804
2023-08-03,189.27493286132807,98.81114062904624
2023-08-04,180.18592834472656,98.84085325330103
2023-08-07,177.0770721435547,98.97809298033762
2023-08-08,178.01763916015625,99.04199533218832
2023-08-09,176.42359924316406,99.11069372447695
2023-08-10,176.20578002929688,99.15866663368023
2023-08-11,176.26527404785156,99.19781390840161
2023-08-14,177.9209442138672,99.36248275117315
2023-08-15,175.92819213867188,99.43431183057356
2023-08-16,175.05572509765625,99.50983805103704
2023-08-17,172.5077667236328,99.56324494561238
2023-08-18,172.9935760498047,99.60614885186902
2023-08-21,174.3319854736328,99.76953721838161
2023-08-22,175.71006774902344,99.83609933753566
2023-08-23,179.56671142578125,99.90372101401167
2023-08-24,174.86737060546875,99.94653397603744
2023-08-25,177.0782470703125,99.97616112830818
2023-08-28,178.6446990966797,100.0846019830692
2023-08-29,182.54098510742188,100.12843852322335
2023-08-30,186.04071044921875,100.17158735515484
2023-08-31,186.25880432128903,100.18853105297168
2023-09-01,187.835205078125,100.19128517070833
2023-09-04,187.835205078125,100.21745894676917
2023-09-05,188.0731201171875,100.23486324263006
2023-09-06,181.34133911132807,100.25284835594215
2023-09-07,176.03721618652344,100.24634037769079
2023-09-08,176.6519012451172,100.2277696819564
2023-09-11,177.82177734375,100.20624288559635
2023-09-12,174.7880401611328,100.21407148920477
2023-09-13,172.71597290039062,100.22593396392826
2023-09-14,174.23287963867188,100.21682549578182
2023-09-15,173.5091094970703,100.1991718715889
2023-09-18,176.44371032714844,100.20036280067873
2023-09-19,177.53428649902344,100.2216965618244
2023-09-20,173.98500061035156,100.24951590657986
2023-09-21,172.4383544921875,100.25843085135982
2023-09-22,173.29098510742188,100.26044379948051
2023-09-25,174.56991577148438,100.32590980020085
2023-09-26,170.4852752685547,100.36886161192886
2023-09-27,168.9683837890625,100.41763401211432
2023-09-28,169.2261505126953,100.44641600747073
2023-09-29,169.74171447753906,100.46682711817239
2023-10-02,172.25991821289062,100.57559219914847
2023-10-03,170.92149353027344,100.62827835800597
2023-10-04,172.17068481445312,100.68423069174246
2023-10-05,173.4099578857422,100.7176160881533
2023-10-06,175.96783447265625,100.74009842581839
2023-10-09,177.45497131347656,100.84125079460078
2023-10-10,176.860107421875,100.88751420182948
2023-10-11,178.25802612304688,100.9355708233962
2023-10-12,179.1602325439453,100.95991525864105
2023-10-13,177.31619262695312,100.97255582066852
2023-10-16,177.1873016357422,101.04285450799681
2023-10-17,175.63075256347656,101.07948894979297
2023-10-18,174.3319854736328,101.11873036069115
2023-10-19,173.9552764892578,101.13530970082776
2023-10-20,171.3973846435547,101.141425566811
2023-10-23,171.516357421875,101.20071720853426
2023-10-24,171.95257568359375,101.23664030938666
2023-10-25,169.63265991210938,101.27656501184318
2023-10-26,165.45875549316406,101.29509608243072
2023-10-27,166.77734375,101.30426203609399
2023-10-30,168.82958984375,101.37707959222892
2023-10-31,169.3054962158203,101.41811788999881
2023-11-01,172.47802734375,101.46300989004722
2023-11-02,176.0471954345703,101.4860943795233
2023-11-03,175.13504028320312,101.49915009776444
2023-11-06,177.69290161132812,101.57757701846464
2023-11-07,180.26071166992188,101.6179623297706
2023-11-08,181.321533203125,101.66080266793092
2023-11-09,180.84564208984372,101.68043031447878
2023-11-10,185.0448760986328,101.68866999448286
2023-11-13,183.4565277099609,101.74571048733475
2023-11-14,186.0773468017578,101.77728678030375
2023-11-15,186.6431884765625,101.81088806860399
2023-11-16,188.33084106445312,101.82113355380409
2023-11-17,188.31097412109372,101.82014999187328
2023-11-20,190.05816650390625,101.85351849709215
2023-11-21,189.25405883789065,101.87949062663294
2023-11-22,189.9192047119141,101.90904437450392
2023-11-23,189.9192047119141,101.9169907089957
2023-11-24,188.58892822265625,101.91560043943974
2023-11-27,188.41021728515625,101.95972289067596
2023-11-28,189.01577758789065,101.99318392026258
2023-11-29,187.9932861328125,102.03198667715291
2023-11-30,188.569091796875,102.05074192516585
2023-12-01,189.8497009277344,102.06146964981015
2023-12-04,188.05284118652344,102.14667988684192
2023-12-05,192.01385498046875,102.19423163435725
2023-12-06,190.9218597412109,102.24669474076308
2023-12-07,192.85769653320312,102.27830451315164
2023-12-08,194.28721618652344,102.30072196826801
2023-12-11,191.7755889892578,102.4108951038076
2023-12-12,193.29449462890625,102.46258467661234
2023-12-13,196.5208740234375,102.5168274169904
2023-12-14,196.6697540283203,102.54779565383362
2023-12-15,196.13368225097656,102.56715720090794
2023-12-18,194.4659118652344,102.65479817283368
2023-12-19,195.5082855224609,102.69523060759097
2023-12-20,193.41360473632807,102.73684667468295
2023-12-21,193.26467895507807,102.75419474156334
2023-12-22,192.1925506591797,102.75935429525906
2023-12-25,192.1925506591797,102.80530323618704
2023-12-26,191.64654541015625,102.83361846684589
2023-12-27,191.74581909179688,102.8647030605643
2023-12-28,192.17269897460935,102.87347069668841
2023-12-29,191.1303253173828,102.87231482565055
2024-01-01,191.1303253173828,102.91507017410098
2024-01-02,184.29042053222656,102.94791382188173
2024-01-03,182.91050720214844,102.98628762942211
2024-01-04,180.58755493164065,103.00495565910371
2024-01-05,179.8628387451172,103.01607783228555
2024-01-08,184.2110137939453,103.10644431585514
2024-01-09,183.79405212402344,103.15725855759678
2024-01-10,184.83642578125,103.21377917573278
2024-01-11,184.2407684326172,103.2501957500151
2024-01-12,184.56837463378903,103.27808023319177
2024-01-15,184.56837463378903,103.40705530826227
2024-01-16,182.2950439453125,103.46507256850354
2024-01-17,181.35194396972656,103.52520041763572
2024-01-18,187.25868225097656,103.56127325958629
2024-01-19,190.16737365722656,103.58459179975175
2024-01-22,192.48043823242188,103.6732484976148
2024-01-23,193.76104736328125,103.70903232847871
2024-01-24,193.08599853515625,103.74282887726379
2024-01-25,192.7584228515625,103.74880336242948
2024-01-26,191.0211334228516,103.7386805783585
2024-01-29,190.33612060546875,103.712398465401
2024-01-30,186.67295837402344,103.70712826595609
2024-01-31,183.05943298339844,103.69967375270282
2024-02-01,185.5015563964844,103.66493602340357
2024-02-02,184.49891662597656,103.6153735736633
2024-02-05,186.31558227539065,103.48536161173308
2024-02-06,187.92379760742188,103.45245737699958
2024-02-07,188.0330047607422,103.42171076448328
2024-02-08,186.9509429931641,103.36841839131584
2024-02-09,187.71630859375,103.30533652706795
2024-02-12,186.0265045166016,103.16637463131917
2024-02-13,183.9291839599609,103.14094771272394
2024-02-14,183.0445098876953,103.12260553910062
2024-02-15,182.7562561035156,103.08631373352185
2024-02-16,181.21556091308597,103.0444094077826
2024-02-19,181.21556091308597,102.98876694121405
2024-02-20,180.47006225585935,102.99568341531604
2024-02-21,181.22552490234372,103.01087571931437
2024-02-22,183.26321411132807,103.00863717572683
2024-02-23,181.4243011474609,103.00064410766399
2024-02-26,180.07247924804688,103.03976033747139
2024-02-27,181.5336456298828,103.07415211693778
2024-02-28,180.3308868408203,103.11403843084253
2024-02-29,179.66493225097656,103.13339584648894
2024-03-01,178.58148193359375,103.14367142625596
2024-03-04,174.04885864257812,103.21669382418635
2024-03-05,169.09873962402344,103.25555433915524
2024-03-06,168.104736328125,103.29676806825849
2024-03-07,167.9854736328125,103.31458793924938
2024-03-08,169.70506286621094,103.32079880295665
2024-03-11,171.71295166015625,103.37052655262416
2024-03-12,172.1900634765625,103.39941777781183
2024-03-13,170.10269165039062,103.43033360646932
2024-03-14,171.96145629882812,103.43797971288144
2024-03-15,171.58372497558594,103.43456915675306
2024-03-18,172.67713928222656,103.4624417492775
2024-03-19,175.02297973632812,103.48736041019757
2024-03-20,177.59742736816406,103.51629799305275
2024-03-21,170.34124755859375,103.52406481418255
2024-03-22,171.24578857421875,103.52291119960132
2024-03-25,169.82437133789062,103.56977142538065
2024-03-26,168.69122314453125,103.60459569313329
2024-03-27,172.2695770263672,103.64485279761271
2024-03-28,170.45059204101562,103.6650690972045
2024-03-29,170.45059204101562,103.67718405923787
2024-04-01,169.00929260253906,103.76546017789967
2024-04-02,167.826416015625,103.81352926966022
2024-04-03,168.63156127929688,103.86623774445316
2024-04-04,167.8065643310547,103.89784332721801
2024-04-05,168.56198120117188,103.92005328601158
2024-04-08,167.43878173828125,104.02918281159283
2024-04-09,168.65142822265625,104.08074564330587
2024-04-10,166.7727813720703,104.13518771683496
2024-04-11,173.9892120361328,104.16682151720923
2024-04-12,175.49017333984375,104.18745442596652
2024-04-15,171.65330505371094,104.28380284715217
2024-04-16,168.36317443847656,104.32910025816683
2024-04-17,166.99147033691406,104.37666446750937
2024-04-18,166.0372314453125,104.40105665340758
2024-04-19,164.0094757080078,104.41433182038232
2024-04-22,164.8444366455078,104.4902168093004
2024-04-23,165.8980712890625,104.52989628314957
2024-04-24,168.00535583496094,104.57270735385808
2024-04-25,168.87013244628906,104.59331849532911
2024-04-26,168.28366088867188,104.60385469520335
2024-04-29,172.4584503173828,104.67790460033252
2024-04-30,169.3074951171875,104.71896024234916
2024-05-01,168.28366088867188,104.76398947829222
2024-05-02,171.99127197265625,104.78752844869167
2024-05-03,182.27914428710935,104.8015492888803
2024-05-06,180.6191864013672,104.88767987810388
2024-05-07,181.3050079345703,104.93271419908272
2024-05-08,181.64300537109372,104.98141441482053
2024-05-09,183.4620056152344,105.00816540864103
2024-05-10,182.19793701171875,105.02480763570358
2024-05-13,185.4128875732422,105.11431397749983
2024-05-14,186.55751037597656,105.15880426555763
2024-05-15,188.8368682861328,105.20611427294699
2024-05-16,188.9563140869141,105.23066664063376
2024-05-17,188.9861602783203,105.24436728282785
2024-05-20,190.15072631835935,105.32159898983932
2024-05-21,191.4546356201172,105.36127408826896
2024-05-22,190.01138305664065,105.40364924520264
2024-05-23,186.0100860595703,105.4232991917136
2024-05-24,189.0956573486328,105.43227919771691
2024-05-27,189.0956573486328,105.49778920105835
2024-05-28,189.10562133789065,105.53474185943877
2024-05-29,189.4042053222656,105.57512103499978
2024-05-30,190.39956665039065,105.593545541684
2024-05-31,191.3551025390625,105.60208848859583
2024-06-03,193.12681579589844,105.67080371851509
2024-06-04,193.4453125,105.71013693039501
2024-06-05,194.95823669433597,105.75340323439998
2024-06-06,193.57470703125,105.7751069304695
2024-06-07,195.97348022460935,105.78719570334745
2024-06-10,192.22103881835935,105.86682664217162
2024-06-11,206.18572998046875,105.90946115160291
2024-06-12,212.0782012939453,105.95566631411961
2024-06-13,213.24273681640625,105.97985156431562
2024-06-14,211.50086975097656,105.9938888743092
2024-06-17,215.6614227294922,106.07574707991715
2024-06-18,213.29249572753903,106.11789919773874
2024-06-19,213.29249572753903,106.16306148731442
2024-06-20,208.70394897460935,106.18570926528707
2024-06-21,206.524169921875,106.19780066307274
2024-06-24,207.17112731933597,106.272468741126
2024-06-25,208.0968017578125,106.31219090116075
2024-06-26,212.25733947753903,106.35512576015074
2024-06-27,213.1033935546875,106.37587669395697
2024-06-28,209.6395721435547,106.38652124932754
2024-07-01,215.7410430908203,106.46052805974217
2024-07-02,219.24465942382807,106.50148735181466
2024-07-03,220.51870727539065,106.54644731160076
2024-07-04,220.51870727539065,106.5700099396494
2024-07-05,225.28640747070312,106.58422635971051
2024-07-08,226.7595367431641,106.6728936146982
2024-07-09,227.61550903320312,106.71974760805124
2024-07-10,231.8954925537109,106.77091308557176
2024-07-11,226.5106964111328,106.80086083461096
2024-07-12,229.46685791015625,106.82150695372735
2024-07-15,233.3088836669922,106.92842597959256
2024-07-16,233.72694396972656,106.98063181128961
2024-07-17,227.81460571289065,107.03662959253539
2024-07-18,223.13645935058597,107.07082962274846
2024-07-19,223.26583862304688,107.09511251696016
2024-07-22,222.91749572753903,107.20929815317086
2024-07-23,223.96258544921875,107.26286347975274
2024-07-24,217.522705078125,107.31982875898682
2024-07-25,216.47760009765625,107.35472066973048
2024-07-26,216.94541931152344,107.37955285039453
2024-07-29,217.22412109375,107.49600707477173
2024-07-30,217.7815093994141,107.55103704635681
2024-07-31,221.0462188720703,107.61005575921632
2024-08-01,217.34356689453125,107.6477082601329
2024-08-02,218.83657836914065,107.67610362815674
2024-08-05,208.29586791992188,107.8085718653828
2024-08-06,206.26535034179688,107.87070944757792
2024-08-07,208.84332275390625,107.93762205282135
2024-08-08,212.3170623779297,107.98383616705122
2024-08-09,215.23342895507807,108.02130371718141
2024-08-12,216.76803588867188,108.18196129847907
2024-08-13,220.49493408203125,108.25298079543802
2024-08-14,220.943359375,108.3280482408801
2024-08-15,223.93284606933597,108.38139281759115
2024-08-16,225.25819396972656,108.42466998597081
2024-08-19,225.09873962402344,108.59205723422195
2024-08-20,225.7165679931641,108.66095121584851
2024-08-21,225.60696411132807,108.7313965036132
2024-08-22,223.74351501464844,108.7775029964165
2024-08-23,226.04542541503903,108.8108602955139
2024-08-26,226.3842315673828,108.93261674783648
2024-08-27,227.23126220703125,108.9813878059764
2024-08-28,225.6966552734375,109.02959357187353
2024-08-29,228.98507690429688,109.05163294039953
2024-08-30,228.1978454589844,109.05943477138848
2024-09-02,228.1978454589844,109.09959384065226
2024-09-03,221.9896697998047,109.12099718718332
2024-09-04,220.07640075683597,109.14252523340195
2024-09-05,221.60104370117188,109.13904128147296
2024-09-06,220.0465087890625,109.12292323818244
2024-09-09,220.13619995117188,109.10498201185864
2024-09-10,219.3389892578125,109.11269960842029
2024-09-11,221.88006591796875,109.12380797822354
2024-09-12,221.9896697998047,109.11332879538728
2024-09-13,221.7206268310547,109.09372726216512
2024-09-16,215.56228637695312,109.08617706165666
2024-09-17,216.03060913085935,109.10386703237374
2024-09-18,219.9169769287109,109.12781284763389
2024-09-19,228.0683135986328,109.13271200658487
2024-09-20,227.4006500244141,109.13065562212797
2024-09-23,225.67672729492188,109.18445259890632
2024-09-24,226.57354736328125,109.22395779096742
2024-09-25,225.5770568847656,109.2696185820653
2024-09-26,226.72303771972656,109.29567779461657
2024-09-27,226.99208068847656,109.31379750588852
2024-09-30,232.1838531494141,109.41851810815758
2024-10-01,225.41763305664065,109.47081651229787
2024-10-02,225.98562622070312,109.5268388683683
2024-10-03,224.8795166015625,109.5607213283878
2024-10-04,226.00555419921875,109.5840869746685
2024-10-07,220.91346740722656,109.6896788033721
2024-10-08,224.97918701171875,109.73781465984797
2024-10-09,228.73594665527344,109.78783077716771
2024-10-10,228.2377014160156,109.81415592168942
2024-10-11,226.75294494628903,109.82873510449465
2024-10-14,230.48980712890625,109.90403901400438
2024-10-15,233.03086853027344,109.94192116484909
2024-10-16,230.96810913085935,109.98214663974024
2024-10-17,231.3368225097656,109.9994293012568
2024-10-18,234.1768341064453,110.00596112891222
2024-10-21,235.65164184570312,110.06486458303826
2024-10-22,235.0338287353516,110.10018978646549
2024-10-23,229.95169067382807,110.13934120283581
2024-10-24,229.76235961914065,110.15696848896297
2024-10-25,230.59942626953125,110.1651492700506
2024-10-28,232.5824432373047,110.23504067718532
2024-10-29,232.85150146484372,110.27528222876396
2024-10-30,229.29400634765625,110.3195432344527
2024-10-31,225.11868286132807,110.34220016134178
2024-11-01,222.12918090820312,110.3550620343111
2024-11-04,221.2323303222656,110.43448082363848
2024-11-05,222.66729736328125,110.47573007013034
2024-11-06,221.9398498535156,110.51968064372576
2024-11-07,226.6831817626953,110.54063823309451
2024-11-08,226.4138336181641,110.55039229559371
2024-11-11,223.69039916992188,110.61262337788504
2024-11-12,223.69039916992188,110.64596715079233
2024-11-13,224.5782470703125,110.68125840874845
2024-11-14,227.67079162597656,110.69305835055643
2024-11-15,224.4585418701172,110.6934381445102
2024-11-18,227.4712677001953,110.72926806384896
2024-11-19,227.73065185546875,110.7553929559945
2024-11-20,228.44891357421875,110.78472580813505
2024-11-21,227.97007751464844,110.7920693542284
2024-11-22,229.3168182373047,110.78969742514036
2024-11-25,232.30960083007807,110.8288013416035
2024-11-26,234.49432373046875,110.86001836922144
2024-11-27,234.36463928222656,110.89637523540496
2024-11-28,234.36463928222656,110.91254443436317
2024-11-29,236.7588653564453,110.92061307961484
2024-12-02,239.013427734375,110.99811931809924
2024-12-03,242.06607055664065,111.0434301010455
2024-12-04,242.4252014160156,111.09392574850457
2024-12-05,242.4551239013672,111.12389848633373
2024-12-06,242.25559997558597,111.14505759993253
2024-12-09,246.1562042236328,111.2540496442593
2024-12-10,247.1737518310547,111.30625619223811
2024-12-11,245.89683532714844,111.36146145685919
2024-12-12,247.36329650878903,111.39381195465772
2024-12-13,247.5328826904297,111.4149369467811
2024-12-16,250.43588256835935,111.50960029364414
2024-12-17,252.8699951171875,111.55271972311593
2024-12-18,247.4530792236328,111.59706382056798
2024-12-19,249.1888885498047,111.61709640234072
2024-12-20,253.87759399414065,111.62481220914536
2024-12-23,254.6557159423828,111.67686192712046
2024-12-24,257.57867431640625,111.7064550875572
2024-12-25,257.57867431640625,111.73834755547824
2024-12-26,258.39666748046875,111.74741622418495
2024-12-27,254.9749298095703,111.746032211882
2024-12-30,251.59307861328125,111.78493975660334
2024-12-31,249.8173675537109,111.81553066127462
2025-01-01,249.8173675537109,111.85124801796043
2025-01-02,243.26319885253903,111.86692639003746
2025-01-03,242.7743682861328,111.87480864667906
2025-01-06,244.4104156494141,111.95492707482789
2025-01-07,241.62713623046875,112.00250453560623
2025-01-08,242.11595153808597,112.05606165259535
2025-01-09,242.11595153808597,112.08989578479543
2025-01-10,236.2800445556641,112.11568100461264
2025-01-13,233.8359222412109,112.24213640807669
2025-01-14,232.71861267089844,112.30080169980562
2025-01-15,237.2975616455078,112.3623964405034
2025-01-16,227.710693359375,112.40077310658278
2025-01-17,229.4265594482422,112.42723120729174
2025-01-20,229.4265594482422,112.53001626978117
2025-01-21,222.10421752929688,112.57188360234355
2025-01-22,223.29136657714844,112.6123095059995
2025-01-23,223.1217803955078,112.62535212638187
2025-01-24,222.24388122558597,112.62261738909321
2025-01-27,229.30685424804688,112.61911071363778
2025-01-28,237.68663024902344,112.62118121500133
2025-01-29,238.7839813232422,112.62071597421483
2025-01-30,237.0182342529297,112.59248808870481
2025-01-31,235.4320831298828,112.54883726603626
2025-02-03,227.46128845214844,112.43197641665114
2025-02-04,232.23977661132807,112.40167632180864
2025-02-05,231.91058349609372,112.37256402058517
2025-02-06,232.6587677001953,112.31991782711982
2025-02-07,227.08221435546875,112.25649613548396
2025-02-10,227.3518524169922,112.11091833200193
2025-02-11,232.3153533935547,112.08161953584327
2025-02-12,236.55978393554688,112.05871225182062
2025-02-13,241.21368408203125,112.01726609364022
2025-02-14,244.2796630859375,111.96973195973139
2025-02-17,244.2796630859375,111.89557242406288
2025-02-18,244.14984130859372,111.89619071390231
2025-02-19,244.5493011474609,111.90522415095165
2025-02-20,245.508056640625,111.89707783361229
2025-02-21,245.2284240722656,111.88352992952007
2025-02-24,246.77639770507807,111.90892564836172
2025-02-25,246.71646118164065,111.9399257577002
2025-02-26,240.0452117919922,111.97707054194261
2025-02-27,236.98922729492188,111.99434657490278
2025-02-28,241.5232696533203,112.00319412117108
2025-03-03,237.71826171875,112.07555036566023
2025-03-04,235.6210174560547,112.11522548565972
2025-03-05,235.4312744140625,112.15765938106217
2025-03-06,235.0218048095703,112.17702487275879
2025-03-07,238.7569122314453,112.18502166828428
2025-03-10,227.1820831298828,112.24067338316411
2025-03-11,220.55078125,112.27144475165308
2025-03-12,216.69583129882807,112.30406400784389
2025-03-13,209.4053955078125,112.3131706026502
2025-03-14,213.21041870117188,112.31092130207846
2025-03-17,213.71974182128903,112.340091682435
2025-03-18,212.4114532470703,112.36464606244142
2025-03-19,214.95811462402344,112.39281837970412
2025-03-20,213.81961059570312,112.39943570802005
2025-03-21,217.9841461181641,112.39677626222789
2025-03-24,220.44091796875,112.43740089771995
2025-03-25,223.45697021484372,112.46975021294094
2025-03-26,221.2398681640625,112.50743434157948
2025-03-27,223.5568389892578,112.5250430728342
2025-03-28,217.6146240234375,112.53457887378747
2025-03-31,221.83909606933597,112.61587414281136
2025-04-01,222.897705078125,112.66203818035063
2025-04-02,223.59678649902344,112.7131198988356
2025-04-03,202.9239044189453,112.74340482763098
2025-04-04,188.13330078125,112.76461873296685
2025-04-07,181.2223663330078,112.87274961760855
2025-04-08,172.19419860839844,112.9246105254737
2025-04-09,198.58958435058597,112.97962894290207
2025-04-10,190.17062377929688,113.01208422273935
2025-04-11,197.89048767089844,113.03374501101676
2025-04-14,202.25477600097656,113.13397274036829
2025-04-15,201.87527465820312,113.18067260198802
2025-04-16,194.0155792236328,113.22961695752703
2025-04-17,196.72203063964844,113.25532429634436
2025-04-18,196.72203063964844,113.26981102056511
2025-04-21,192.9070281982422,113.34840513566418
2025-04-22,199.4784240722656,113.388610208741
2025-04-23,204.33206176757807,113.43174137735718
2025-04-24,208.09710693359372,113.45246789933738
2025-04-25,209.00592041015625,113.46292251186566
2025-04-28,209.8647918701172,113.535716386535
2025-04-29,210.9333953857422,113.57609864689691
2025-04-30,212.22171020507807,113.6203777156988
2025-05-01,213.04063415527344,113.64312338945868
2025-05-02,205.08106994628903,113.65634203772441
2025-05-05,198.6295318603516,113.74033954956245
2025-05-06,198.25001525878903,113.7848503854327
2025-05-07,195.99298095703125,113.83315957643664
2025-05-08,197.2313690185547,113.85966799989842
2025-05-09,198.2700042724609,113.87622659562895
2025-05-12,210.7899932861328,113.96645408799361
2025-05-13,212.92999267578125,114.01148664747755
2025-05-14,212.3300018310547,114.05946581647632
2025-05-15,211.4499969482422,114.0847931648454
2025-05-16,211.25999450683597,114.09935014446991
2025-05-19,208.77999877929688,114.1793625225784
2025-05-20,206.8600006103516,114.21993909699657
2025-05-21,202.08999633789065,114.26315658195115
2025-05-22,201.3600006103516,114.2835647434043
2025-05-23,195.2700042724609,114.29319699781206
2025-05-26,195.2700042724609,114.35986973578812
2025-05-27,200.2100067138672,114.39691584617592
2025-05-28,200.4199981689453,114.43723914366842
2025-05-29,199.9499969482422,114.45546456937713
2025-05-30,200.8500061035156,114.46367603995667
2025-06-02,201.6999969482422,114.53077063580554
2025-06-03,203.2700042724609,114.56942641452352
2025-06-04,202.82000732421875,114.61198741304592
2025-06-05,200.6300048828125,114.63298353760611
2025-06-06,203.9199981689453,114.6443875900632
2025-06-09,201.4499969482422,114.72232713292115
2025-06-10,202.6699981689453,114.76458006244202
2025-06-11,198.77999877929688,114.81051620655688
2025-06-12,199.1999969482422,114.8345513734845
2025-06-13,196.4499969482422,114.84855920271535
2025-06-16,198.4199981689453,114.93099872019464
2025-06-17,195.63999938964844,114.97352792828634
2025-06-18,196.5800018310547,115.01912948744922
2025-06-19,196.5800018310547,115.04225657409697
2025-06-20,201.0,115.0548432490351
2025-06-23,201.5,115.13084121409268
2025-06-24,200.3000030517578,115.17087325647964
2025-06-25,201.55999755859372,115.21401482215347
2025-06-26,201.0,115.23485160054327
2025-06-27,201.0800018310547,115.24544717712463
2025-06-30,205.1699981689453,115.3184238712116
2025-07-01,207.82000732421875,115.35874418232959
2025-07-02,212.44000244140625,115.40292861755944
2025-07-03,213.5500030517578,115.42559264901786
2025-07-04,213.5500030517578,115.43880477794768
2025-07-07,209.9499969482422,115.5240438901718
2025-07-08,210.00999450683597,115.56969925687156
2025-07-09,211.13999938964844,115.61968108603973
2025-07-10,212.41000366210935,115.64848497799154
2025-07-11,211.16000366210935,115.66804991951598
2025-07-14,208.6199951171875,115.77228407422439
2025-07-15,209.1100006103516,115.82382175466346
2025-07-16,210.16000366210935,115.87927315709508
2025-07-17,210.0200042724609,115.91304583382687
2025-07-18,211.17999267578125,115.93701240149491
2025-07-21,212.47999572753903,116.050762019291
2025-07-22,214.3999938964844,116.10428108380187
2025-07-23,214.1499938964844,116.16120582136107
2025-07-24,213.75999450683597,116.19603382902014
