timestamp,headline,source,sentiment
2026-01-04 08:00:00+00:00,"TSMC Is Relentlessly Getting Stronger, And The Market Is Mispricing It (NYSE:TSM) - Seeking Alpha",GoogleNews,0.3818
2026-01-05 08:00:00+00:00,Goldman Sachs stuns with Taiwan Semiconductor stock price target - thestreet.com,GoogleNews,0.0258
2026-01-06 08:00:00+00:00,TSMC (TSM) Beats Stock Market Upswing: What Investors Need to Know - Nasdaq,GoogleNews,0.0
2026-01-07 08:00:00+00:00,TSM Hits 52-Week High: Should You Hold the Stock or Book Profits? - WV News,GoogleNews,0.4404
2026-01-07 08:00:00+00:00,TSM Hits 52-Week High: Should You Hold the Stock or Book Profits? - Yahoo Finance,GoogleNews,0.4404
2026-01-07 08:00:00+00:00,"TSM Hits 52-Week High: Should You Hold the Stock or Book Profits? - January 7, 2026 - Zacks Investment Research",GoogleNews,0.4404
2026-01-08 08:00:00+00:00,"TSMC (TSM): AI Boom, Revenue Upside, and Attractive Valuation Through 2027 - Yahoo Finance",GoogleNews,0.4404
2026-01-08 08:00:00+00:00,Is TSMC the Best AI Stock to Buy in 2026? - Yahoo Finance,GoogleNews,0.6369
2026-01-11 08:00:00+00:00,Should You Buy Taiwan Semiconductor Manufacturing Stock Before Jan. 15? - The Motley Fool,GoogleNews,-0.4404
2026-01-12 05:07:04+00:00,TSMC Is Set to Report Q4 Earnings Today. Here Is What the Street Expects - TipRanks,GoogleNews,0.0
2026-01-12 08:00:00+00:00,"TSMC’s Revenue Outlook ‘May Disappoint,’ Says Analyst. There’s a Silver Lining. - Barron's",GoogleNews,0.0
2026-01-12 08:00:00+00:00,Taiwan Semiconductor: Another Blowout Earnings Look Inevitable (NYSE:TSM) - Seeking Alpha,GoogleNews,0.0
2026-01-13 08:00:00+00:00,Revenue Keeps Growing at Taiwan Semi. Should You Load Up on TSM Stock for 2026? - Barchart.com,GoogleNews,0.1779
2026-01-13 08:00:00+00:00,TSMC (TSM) Gets Price Target Hike as JPMorgan Sees Strong AI-Led Growth - Yahoo Finance,GoogleNews,0.7096
2026-01-13 08:00:00+00:00,"Taiwan Semiconductor (TSM) Earnings Thursday: Nvidia/Apple Demand, Advanced Packaging, Outlook - tastylive",GoogleNews,0.128
2026-01-14 08:00:00+00:00,TSM Stock Near Record Highs—Is It Still a Buy Ahead of Q4 Earnings? - TipRanks,GoogleNews,0.0
2026-01-15 08:00:00+00:00,"Stocks making the biggest moves premarket: Taiwan Semiconductor, ASML, BlackRock and more - CNBC",GoogleNews,0.0
2026-01-15 08:00:00+00:00,Taiwan Semiconductor rises after AI boom-led profit surge; plans more US factories (TSM:NYSE) - Seeking Alpha,GoogleNews,0.4404
2026-01-15 08:00:00+00:00,Prediction: TSMC Stock Will Soar After Jan. 15 - The Motley Fool,GoogleNews,-0.4404
2026-01-15 08:00:00+00:00,TSMC: Set For New All-Time Highs (NYSE:TSM) - Seeking Alpha,GoogleNews,0.0
2026-01-15 08:00:00+00:00,TSMC Earnings: TSM Stock Jumps after Blowout Q4 Results on AI Chip Boom - TipRanks,GoogleNews,0.0
2026-01-15 08:00:00+00:00,TSM Stock Wins a New Street-High Price Target After Blockbuster Results - TipRanks,GoogleNews,0.8225
2026-01-15 08:00:00+00:00,TSMC Stock Surges After Earnings Beat. What It Means for the AI Boom. - Barron's,GoogleNews,0.0
2026-01-15 08:00:00+00:00,TSMC's Strong Guidance Supports the Stock's Hot Start to 2026 - MarketBeat,GoogleNews,0.7003
2026-01-15 08:00:00+00:00,Taiwan Semiconductor Beats Q4 Targets On Advanced Chip Production - Investor's Business Daily,GoogleNews,0.25
2026-01-15 08:00:00+00:00,TSMC Reports Fourth Quarter EPS of NT$19.50 - Taiwan Semiconductor,GoogleNews,0.0
2026-01-15 08:00:00+00:00,"AI Is Endless, And TSMC’s Upside Still Isn’t Fully Priced In (NYSE:TSM) - Seeking Alpha",GoogleNews,0.0
2026-01-15 15:40:00+00:00,Taiwan Semiconductor (TSM) Q4 2025 earnings results beat revenue & net income expectations - Shacknews,GoogleNews,0.0
2026-01-16 08:00:00+00:00,TSMC Strong Buy: The AI Supercycle Is Outrunning Chip Supply (NYSE:TSM) - Seeking Alpha,GoogleNews,0.5106
2026-01-16 08:00:00+00:00,The $56 Billion Draft: Follow TSMC’s CapEx Stream - MarketBeat,GoogleNews,0.0
2026-01-16 08:00:00+00:00,Chipmaker TSMC Adds Fuel To AI Megatrend Hype With Q4 Report - Investor's Business Daily,GoogleNews,0.0
2026-01-20 08:00:00+00:00,Taiwan Semiconductor Manufacturing (NYSE:TSM) Stock Price Down 4.5% - Here's What Happened - MarketBeat,GoogleNews,0.0
2026-01-20 17:33:00+00:00,Taiwan Semiconductor Manufacturing Company Stock (TSM) Opinions on Q4 2025 Earnings and AI Boom - Quiver Quantitative,GoogleNews,0.0
2026-01-21 08:00:00+00:00,"As Taiwan Semi Hikes Its Dividend 20%, Should You Buy TSM Stock? - Barchart.com",GoogleNews,0.0
2026-01-21 17:00:00+00:00,TSMC (TSM) Is Up 5.80% in One Week: What You Should Know - Nasdaq,GoogleNews,0.0
2026-01-23 08:00:00+00:00,"TSMC: Sell The Perfect Quarter, A Contrarian View (Rating Downgrade) (NYSE:TSM) - Seeking Alpha",GoogleNews,0.5719
2026-01-23 08:00:00+00:00,TSM Stock: The Highest Conviction Play In The Semiconductor Stack - Forbes,GoogleNews,0.34
2026-01-25 22:15:32+00:00,Taiwan Semiconductor (NYSE: TSM) Price Prediction and Forecast (Feb 2026) - 24/7 Wall St.,GoogleNews,0.0
2026-01-26 08:05:01+00:00,Taiwan Semiconductor Manufacturing Company Ltd. $TSM Stock Position Boosted by AEGON ASSET MANAGEMENT UK Plc - MarketBeat,GoogleNews,0.694
2026-01-27 04:38:00-05:00,The Real Reason Taiwan Semiconductor Is Expanding Abroad,FinViz,0.0
2026-01-27 06:34:00-05:00,AI Stocks Still Face a China Risk,FinViz,-0.2732
2026-01-27 07:51:00-05:00,Intel's 18A: The Angstrom Advantage and the Valuation Divide,FinViz,0.25
2026-01-27 09:32:00-05:00,"Heres Why 1 Analyst Just Hiked This Monopolys Target to $1,642 Ahead of Earnings",FinViz,0.0
2026-01-27 10:30:00-05:00,Analysts Expect Applied Materials Stock to Dominate in 2026. Should You Buy Shares Now?,FinViz,0.1779
2026-01-27 11:15:00-05:00,Why Nvidia stock is on sale,FinViz,0.0
2026-01-27 12:10:00-05:00,Microsoft's Maia 200: The Profit Engine AI Needs,FinViz,0.4404
2026-01-27 12:26:00-05:00,"Broadcom Set To Dominate Custom AI Chip Market With 60% Share By 2027, Counterpoint Says",FinViz,0.1779
2026-01-27 16:26:00-05:00,Chip sector shifts: Nvidia to beat Apple as TSMC's top customer,FinViz,0.2023
2026-01-27 22:43:53+00:00,"TSMC: Powers America’s AI Boom. Yet, The Valuation Doesn't Make Sense (NYSE:TSM) - Seeking Alpha",GoogleNews,0.0
2026-01-27 18:33:00-05:00,"Stock market today: Dow, S&P 500, Nasdaq rise as Wall Street braces for Fed decision, Big Tech earnings",FinViz,0.0
2026-01-27 18:33:00-05:00,"Stock market today: S&P 500, Nasdaq futures rise as Wall Street braces for Fed decision, Big Tech earnings",FinViz,0.0
2026-01-27 20:10:00-05:00,Analyst Report: KLA Corporation,FinViz,0.0
2026-01-28 04:30:38+00:00,TSMC (TSM) Capital Expenditure Surprises with Higher Facility In - GuruFocus,GoogleNews,0.2263
2026-01-28 04:39:53+00:00,TSMC Has Become A Buy Again (Rating Upgrade) - Seeking Alpha,GoogleNews,0.0
2026-01-28 00:02:00-05:00,Explainer-The $250 million ASML 'printer' behind Nvidia's chips,FinViz,0.0
2026-01-28 00:20:00-05:00,"The Top 3 Artificial Intelligence (AI) Chip Stocks to Buy With $50,000 in 2026",FinViz,0.5994
2026-01-28 01:16:00-05:00,"ASML lifts 2026 outlook on record AI chip orders, plans 1,700 job cuts",FinViz,-0.296
2026-01-28 03:07:00-05:00,ASMLs Record Orders Smash Estimates as AI Spurs Demand,FinViz,-0.128
2026-01-28 03:18:00-05:00,"ASML Posts Record Orders, Sales in Earnings Report. AI Is Still Driving a Chips Boom.",FinViz,0.0
2026-01-28 09:43:32+00:00,TSMC’s Global Fab Expansion Reframes Supply Risk And AI Growth Story - simplywall.st,GoogleNews,0.5423
2026-01-28 05:12:00-05:00,ASML Stock Jumps After Earnings. Record Orders Show AI Is Still Driving a Chips Boom.,FinViz,0.0
2026-01-28 05:20:00-05:00,Bull of the Day: Lam Research (LRCX),FinViz,0.0
2026-01-28 06:20:00-05:00,A Once-in-a-Decade Investment Opportunity: The 3 Best AI Stocks to Buy Right Now,FinViz,0.7906
2026-01-28 06:46:00-05:00,Shares in Chip-Machine Giant ASML Jump as AI Spending Booms,FinViz,0.296
2026-01-28 07:06:00-05:00,"Texas Instruments, ASML Lift Chip Stocks Higher",FinViz,0.0
2026-01-28 08:15:00-05:00,Nvidia (NASDAQ: NVDA) Stock Price Prediction for 2026: Where Will It Be in 1 Year (Jan 28),FinViz,0.0
2026-01-28 08:32:00-05:00,"AMAT stock: Mizuho sees significant acceleration in WFE, upgrades rating",FinViz,0.2023
2026-01-28 09:07:00-05:00,Well Done! Invescos Semiconductor ETF Returned 46% Without Just Chasing NVDA | PSI,FinViz,0.3382
2026-01-28 14:30:37+00:00,Taiwan Semiconductor: The AI Boom Is Coming To An End (TSM) - Seeking Alpha,GoogleNews,0.0
2026-01-28 09:37:00-05:00,Analyst Report: ASML Holding N.V.,FinViz,0.0
2026-01-28 09:38:00-05:00,"Stock market today: S&P 500 breaches 7,000 mark Wall Street braces for Fed decision, Big Tech earnings",FinViz,0.0
2026-01-28 09:48:00-05:00,ASML Confirms AI-Driven Strength With Record Orders,FinViz,0.4939
2026-01-28 15:22:42+00:00,Mirae Asset Global Investments Co. Ltd. Reduces Stock Position in Taiwan Semiconductor Manufacturing Company Ltd. $TSM - MarketBeat,GoogleNews,0.3612
2026-01-28 10:37:00-05:00,ASML Reports Record Orders Amid AI Chip Boom. The Stock Is Dropping.,FinViz,0.0
2026-01-28 10:38:00-05:00,Invescos $1.7 Billion Emerging Markets Fund Rides China Tech and Banks To Huge Gains,FinViz,0.5719
2026-01-28 11:20:00-05:00,Chip-Machine Giant ASML Logs Record Orders as AI Spending Booms,FinViz,0.0
2026-01-28 12:08:00-05:00,Why Intel Stock Popped Today,FinViz,0.0
2026-01-28 12:17:00-05:00,Here's What the Wall Street Thinks About Taiwan Semiconductor Manufacturing Company (TSM),FinViz,0.0
2026-01-28 17:25:26+00:00,Here's What the Wall Street Thinks About Taiwan Semiconductor Manufacturing Company (TSM) - Finviz,GoogleNews,0.0
2026-01-28 12:44:00-05:00,Applied Materials Is Back in the Spotlight,FinViz,0.0
2026-01-28 13:49:00-05:00,"Stock market today: S&P 500 touches 7,000 mark as Wall Street braces for Fed decision, Big Tech earnings",FinViz,0.0
2026-01-28 14:00:00-05:00,"Stock market today: S&P 500 briefly touches 7,000 mark, Fed keeps rates unchanged",FinViz,0.0
2026-01-28 14:50:00-05:00,"Stock market today: Dow, S&P 500, Nasdaq waver as Fed holds rates steady, Big Tech earnings loom",FinViz,-0.2263
2026-01-28 14:59:00-05:00,This Chip Giant Is Set Up for a Strong 2026. Should You Buy the Dip Now?,FinViz,0.5106
2026-01-28 16:01:00-05:00,"Stock market today: S&P 500 slips from record as Fed stands pat, Nasdaq rises before Big Tech earnings flurry",FinViz,0.0
2026-01-28 16:02:00-05:00,Chip Makers Point to Accelerating Demand. Its a Big Deal.,FinViz,-0.128
2026-01-28 16:03:00-05:00,Intel's Stock Soars as Client Rumors Swirl: Could Nvidia and Apple Deals Be on the Way?,FinViz,0.0
2026-01-28 22:19:00-05:00,"From Meta to Samsung, Global Tech Unleashes Spending to Chase AI",FinViz,0.0
2026-01-28 22:45:00-05:00,Analyst Report: Lam Research Corporation,FinViz,0.0
2026-01-28 23:04:00-05:00,How Texas Instruments Stock Jumped 9.9% Wednesday,FinViz,0.0
2026-01-28 23:50:00-05:00,Forget Intel: This AI Infrastructure Stock is a Better Bet for 2026,FinViz,0.25
2026-01-29 05:42:06+00:00,TSM Stock Price — TSMC Chart - TradingView,GoogleNews,0.0
2026-01-29 02:07:00-05:00,Taiwan Semiconductor Manufacturing Company Limited (TSM) Widens Its Lead as AI Fuels Margin Expansion,FinViz,-0.2263
2026-01-29 07:21:06+00:00,Taiwan Semiconductor Manufacturing Company Limited (TSM) widens its lead as AI fuels margin expansion - MSN,GoogleNews,-0.2263
2026-01-29 06:20:00-05:00,Why Taiwan Semiconductor Manufacturing Stock Could Be the Best AI Value on the Market,FinViz,0.765
2026-01-29 06:35:00-05:00,3 Top AI Stocks for Gen Z Investors to Consider Buying Now,FinViz,0.2023
2026-01-29 06:41:00-05:00,Intel Rises on Reported Nvidia Partnership for 2028 Chips,FinViz,0.0
2026-01-29 06:43:00-05:00,Intel Stock Jumps on Potential Nvidia Partnership,FinViz,0.0
2026-01-29 06:50:00-05:00,Prediction: These 2 AI Stocks Will Be the Biggest Winners From $1.4 Trillion Infrastructure Spending,FinViz,0.4767
2026-01-29 06:52:00-05:00,"S&P 500 Hits 7,000 for the First Time Ever",FinViz,0.0
2026-01-29 07:04:00-05:00,Chip Stocks Rally on ASML Blockbuster Bookings,FinViz,0.5994
2026-01-29 12:38:54+00:00,Taiwan Semiconductor Manufacturing Company Ltd. $TSM Shares Acquired by TD Waterhouse Canada Inc. - MarketBeat,GoogleNews,0.296
2026-01-29 07:48:00-05:00,Robinhood to Vie for Key Retail Role in Mega SpaceX IPO,FinViz,0.0
2026-01-29 13:08:49+00:00,Kapitalo Investimentos Ltda Has $23.93 Million Stock Holdings in Taiwan Semiconductor Manufacturing Company Ltd. $TSM - MarketBeat,GoogleNews,0.0
2026-01-29 10:35:00-05:00,2 Brilliant Growth Stocks to Buy Now and Hold for the Long Term,FinViz,0.7506
2026-01-29 10:55:00-05:00,"Analysis-Is chip giant ASML about to hit a ceiling, or break through it?",FinViz,0.0
2026-01-29 11:13:00-05:00,"Intel jumps 11% on report of Nvidia, Apple chip orders",FinViz,0.0
2026-01-29 12:43:00-05:00,Jim Cramer Breaks Down the Massive Increase in Capital Expenditures from Taiwan Semi,FinViz,0.3182
2026-01-29 14:09:00-05:00,Why Taiwan Semiconductor's Capacity Nightmare Is Intel's Foundry Dream,FinViz,0.25
2026-01-29 14:25:00-05:00,3 Reasons ASML Stock Could Soar in 2026,FinViz,0.0
2026-01-29 14:53:00-05:00,Are Gold And Silver The New Bitcoin? Why Precious Metals Are Teaching An Unforgiving Lesson,FinViz,0.5719
2026-01-29 15:01:00-05:00,Nvidia Secures Approval For $105 Million Taiwan Hub To Fuel AI Expansion,FinViz,0.6597
2026-01-29 15:20:00-05:00,Beyond Nvidia: 3 Alternative AI Stocks That Will Soar in 2026,FinViz,0.0
2026-01-29 16:14:00-05:00,TSM or NVDA?,FinViz,0.0
2026-01-29 23:28:12+00:00,Taiwan Semiconductor Manufacturing Company Limited (TSM): Our Calculation of Intrinsic Value - The Acquirer's Multiple,GoogleNews,0.128
2026-01-29 18:35:00-05:00,This Major Chipmaker Is the Hidden Winner for 2026,FinViz,0.5859
2026-01-29 18:55:00-05:00,KLA Q2 Earnings Call Highlights,FinViz,0.0
2026-01-29 21:24:00-05:00,"Nvidia CEO Jensen Huang Says AI Memory Needs Are Rising During Taiwan Trip, Backs TSMC's Global Expansion, Dismisses China H200 Rumors",FinViz,-0.0516
2026-01-29 21:50:00-05:00,Taiwan Semiconductor's Stock Hits an All-Time High: Is It Too Late to Invest?,FinViz,0.0
2026-01-30 00:09:00-05:00,Analyst Report: Apple Inc.,FinViz,0.0
2026-01-30 02:50:00-05:00,2 Trillion-Dollar Artificial Intelligence (AI) Stocks To Double Up on Right Now,FinViz,0.4767
2026-01-30 04:26:00-05:00,"Warren Buffett Broke One of His Most Important Investing Rules, and It's Cost Berkshire Hathaway $16 Billion (and Counting)",FinViz,-0.1796
2026-01-30 05:30:00-05:00,Memory Shortage Haunts Apples Blowout iPhone Sales,FinViz,-0.4588
2026-01-30 06:02:00-05:00,Apple Chooses High-End Buyers As Chips Run Out,FinViz,0.0
2026-01-30 06:25:00-05:00,Intel Just Made a Big Bet on ASML's Next-Gen Technology. Here's Why It Matters in 2026.,FinViz,0.0258
2026-01-30 12:46:09+00:00,Jordan Park Group LLC Has $106.16 Million Stock Holdings in Taiwan Semiconductor Manufacturing Company Ltd. $TSM - MarketBeat,GoogleNews,0.0
2026-01-30 09:00:00-05:00,Taiwan Semiconductor Manufacturing Company Ltd. (TSM) is Attracting Investor Attention: Here is What You Should Know,FinViz,0.4767
2026-01-30 09:50:00-05:00,Wolfe lifts Nvidia target by $25 on rack-scale growth,FinViz,0.3818
2026-01-30 11:18:00-05:00,AMD stock falls on MI450-series delay rumors,FinViz,-0.3182
2026-01-30 11:20:00-05:00,The 5 Best Stocks to Buy for 2026,FinViz,0.6369
2026-01-30 14:35:00-05:00,Top Analyst Hikes Nvidia Price Target To $275,FinViz,0.2023
2026-01-30 15:00:00-05:00,Already Up Over 50% - These 2 AI Chip Stocks Are Just Getting Started,FinViz,0.0
2026-01-30 16:05:00-05:00,Taiwan Semiconductor Manufacturing (TSM) Plans to Invest $165 Billion in Arizona's Capital,FinViz,0.0
2026-01-30 16:58:00-05:00,Apple Is Reportedly Looking to Partner with Intel Foundry. Does That Make INTC Stock a Buy Here?,FinViz,0.0
2026-01-30 17:23:00-05:00,"Up 77% in the Past Year, This Analyst Says More Upside Is Still in Store for Applied Materials Stock",FinViz,0.0
2026-01-30 23:09:56+00:00,Taiwan Semiconductor Manufacturing (NYSE:TSM) Stock Price Down 2.6% - What's Next? - MarketBeat,GoogleNews,0.0
2026-01-31 03:25:00-05:00,"TSMC Founder Morris Chang Makes First Public Appearance In A Year, Meets Nvidia CEO Jensen Huang For Dinner In Taipei",FinViz,0.0
2026-01-31 07:40:00-05:00,"Got $5,000? 3 Stocks That Are No-Brainer Buys Now.",FinViz,0.0
2026-01-31 08:42:00-05:00,Hyperscalers to Spend Over $500 Billion on AI in 2026: Here Are the 3 Stocks to Buy,FinViz,0.0
2026-01-31 09:00:00-05:00,Trumps Dollar Yo-Yo Has Stock Investors Looking Overseas,FinViz,0.0
2026-01-31 10:09:00-05:00,AMD Stock Plunges 6% on AI Chip Delay Rumors,FinViz,-0.3182
2026-01-31 11:20:00-05:00,Is It Too Late to Buy TSMC Stock After Its Run?,FinViz,0.0
2026-01-31 11:30:00-05:00,"Apple faces iPhone pricing challenge, supply crunch as AI demand deepens global memory chip shortage",FinViz,-0.296
2026-01-31 13:35:00-05:00,"This Artificial Intelligence (AI) Giant Is Up 72% Since the Start of 2025, and It Looks Even More Attractive in 2026 (Hint: Not Nvidia)",FinViz,0.7425
2026-01-31 19:08:57+00:00,Surging AI Chip Demand Boosts TSMC's Performance - Intellectia AI,GoogleNews,0.2023
2026-01-31 20:39:00-05:00,"'People's dad' Jensen Huang praises, pushes Nvidia suppliers on mobbed Taiwan visit",FinViz,0.5267
2026-01-31 21:01:00-05:00,The Behind-the-Scenes Monopoly Powering the Tech Industry,FinViz,0.0
2026-02-01 16:13:18+00:00,TSMC's Crucial Role in the AI Supply Chain - Intellectia AI,GoogleNews,0.0
