Date,Actual,Predicted,MAE,MSE,RMSE,MAPE
2023-08-04,81.44881439208984,81.1455262042764,0.3033,0.092,0.3033,0.3724
2023-08-07,80.03856658935547,81.06467921211788,1.0261,1.0529,1.0261,1.282
2023-08-08,80.03856658935547,79.83362813332405,0.2049,0.042,0.2049,0.256
2023-08-09,82.17792510986328,79.84674747673125,2.3312,5.4344,2.3312,2.8367
2023-08-10,82.38896942138672,81.69080050872708,0.6982,0.4874,0.6982,0.8474
2023-08-11,87.18572235107422,81.87401184437067,5.3117,28.2143,5.3117,6.0924
2023-08-14,88.88375854492188,86.08571118328655,2.798,7.8291,2.798,3.148
2023-08-15,88.81661987304688,87.75348659855081,1.0631,1.1303,1.0631,1.197
2023-08-16,87.9915771484375,87.97194906470395,0.0196,0.0004,0.0196,0.0223
2023-08-17,86.76361846923828,87.46668690198567,0.7031,0.4943,0.7031,0.8103
2023-08-18,86.46620178222656,86.5008589809654,0.0347,0.0012,0.0347,0.0401
2023-08-21,96.84638214111328,86.27448089681275,10.5719,111.7651,10.5719,10.9162
2023-08-22,99.01451873779295,95.22481347641906,3.7897,14.3619,3.7897,3.8274
2023-08-23,97.8345184326172,97.41633154903683,0.4182,0.1749,0.4182,0.4274
2023-08-24,94.58231353759766,96.81320848713587,2.2309,4.9769,2.2309,2.3587
2023-08-25,94.8221435546875,94.20668390089213,0.6155,0.3788,0.6155,0.6491
2023-08-28,94.9180908203125,94.55357941285183,0.3645,0.1329,0.3645,0.384
2023-08-29,94.06427764892578,94.58492282329098,0.5206,0.2711,0.5206,0.5535
2023-08-30,95.76231384277344,93.73097245826284,2.0313,4.1263,2.0313,2.1212
2023-08-31,96.21321105957031,95.1404404584664,1.0728,1.1508,1.0728,1.115
2023-09-01,95.87744903564452,95.46293889345453,0.4145,0.1718,0.4145,0.4323
2023-09-05,98.62118530273438,95.1548714319756,3.4663,12.0153,3.4663,3.5148
2023-09-06,102.7080078125,97.57088937385197,5.1371,26.39,5.1371,5.0017
2023-09-07,102.45858764648438,101.16157338395715,1.297,1.6822,1.297,1.2659
2023-09-08,103.04378509521484,101.14056102615359,1.9032,3.6223,1.9032,1.847
2023-09-11,101.32707977294922,101.87504518832156,0.548,0.3003,0.548,0.5408
2023-09-12,100.7394027709961,100.51717416062638,0.2222,0.0494,0.2222,0.2206
2023-09-13,100.17102813720705,100.0987427641121,0.0723,0.0052,0.0723,0.0722
2023-09-14,97.916748046875,99.61116545573488,1.6944,2.8711,1.6944,1.7305
2023-09-15,99.35215759277342,97.56055324971385,1.7916,3.2098,1.7916,1.8033
2023-09-18,98.17686462402344,98.80965098683646,0.6328,0.4004,0.6328,0.6445
2023-09-19,96.44278717041016,97.68444759819613,1.2417,1.5417,1.2417,1.2875
2023-09-20,98.34060668945311,96.10231868037408,2.2383,5.0099,2.2383,2.2761
2023-09-21,97.22310638427734,97.74350160823815,0.5204,0.2708,0.5204,0.5353
2023-09-22,96.953369140625,96.69236441585917,0.261,0.0681,0.261,0.2692
2023-09-25,97.22310638427734,96.44586867821636,0.7772,0.6041,0.7772,0.7994
2023-09-26,99.37142181396484,96.66018506561704,2.7112,7.3508,2.7112,2.7284
2023-09-27,97.2905502319336,98.52501351117735,1.2345,1.5239,1.2345,1.2688
2023-09-28,95.76844024658205,96.69024099349917,0.9218,0.8497,0.9218,0.9625
2023-09-29,96.5583953857422,95.38988093016907,1.1685,1.3654,1.1685,1.2102
2023-10-02,96.11522674560548,96.08753466596046,0.0277,0.0008,0.0277,0.0288
2023-10-03,97.55066680908205,95.64763851810996,1.903,3.6215,1.903,1.9508
2023-10-04,100.09395599365234,96.88192684401794,3.212,10.3171,3.212,3.209
2023-10-05,101.7027816772461,99.0965135021952,2.6063,6.7926,2.6063,2.5626
2023-10-06,101.2885284423828,100.5776155585113,0.7109,0.5054,0.7109,0.7019
2023-10-09,100.95135498046876,100.35808300149709,0.5933,0.352,0.5933,0.5877
2023-10-10,99.37142181396484,100.20106807924095,0.8296,0.6883,0.8296,0.8349
2023-10-11,99.2847137451172,98.88830653478635,0.3964,0.1571,0.3964,0.3993
2023-10-12,94.27519989013672,98.86071897234343,4.5855,21.027,4.5855,4.864
2023-10-13,93.6875457763672,94.25010998442713,0.5626,0.3165,0.5626,0.6005
2023-10-16,94.65093231201172,93.7738330338798,0.8771,0.7693,0.8771,0.9267
2023-10-17,96.64508819580078,94.51589413190959,2.1292,4.5335,2.1292,2.2031
2023-10-18,95.76844024658205,96.14677647624148,0.3783,0.1431,0.3783,0.3951
2023-10-19,95.71062469482422,95.31573655065087,0.3949,0.1559,0.3949,0.4126
2023-10-20,97.1653060913086,95.27279857912936,1.8925,3.5816,1.8925,1.9477
2023-10-23,95.51795959472656,96.5483372176941,1.0304,1.0617,1.0304,1.0787
2023-10-24,94.7954330444336,95.08617865707492,0.2907,0.0845,0.2907,0.3067
2023-10-25,92.19432830810548,94.46687111666597,2.2725,5.1645,2.2725,2.4649
2023-10-26,91.50070190429688,92.09760161835676,0.5969,0.3563,0.5969,0.6523
2023-10-27,92.63748168945312,91.44132565607833,1.1962,1.4308,1.1962,1.2912
2023-10-30,92.82052612304688,92.35148364296037,0.469,0.22,0.469,0.5053
2023-10-31,91.02864837646484,92.41872027336285,1.3901,1.9323,1.3901,1.5271
2023-11-01,90.53733825683594,90.78125135421624,0.2439,0.0595,0.2439,0.2694
2023-11-02,91.32730865478516,90.32816122141412,0.9991,0.9983,0.9991,1.094
2023-11-03,88.62023162841797,90.97219985842139,2.352,5.5318,2.352,2.654
2023-11-06,89.66067504882811,88.4768046647664,1.1839,1.4015,1.1839,1.3204
2023-11-07,88.32159423828125,89.40575705767696,1.0842,1.1754,1.0842,1.2275
2023-11-08,88.41793060302734,88.13813069109892,0.2798,0.0783,0.2798,0.3165
2023-11-09,88.28305053710938,88.18269882604682,0.1004,0.0101,0.1004,0.1137
2023-11-10,87.76283264160156,88.00444971855359,0.2416,0.0584,0.2416,0.2753
2023-11-13,89.1693572998047,87.5003949671509,1.669,2.7854,1.669,1.8717
2023-11-14,88.861083984375,88.70823589328938,0.1528,0.0234,0.1528,0.172
2023-11-15,90.7685546875,88.47675693177735,2.2918,5.2523,2.2918,2.5249
2023-11-16,89.14044952392578,90.17173626582371,1.0313,1.0636,1.0313,1.1569
2023-11-17,89.68958282470703,88.76406351063997,0.9255,0.8566,0.9255,1.0319
2023-11-20,90.55660247802734,89.31842124188324,1.2382,1.5331,1.2382,1.3673
2023-11-21,91.59704589843751,90.09222586526903,1.5048,2.2645,1.5048,1.6429
2023-11-22,91.30803680419922,91.02361766530521,0.2844,0.0809,0.2844,0.3115
2023-11-24,90.14236450195312,90.81424394325722,0.6719,0.4514,0.6719,0.7454
2023-11-27,89.77628326416016,89.83038148062406,0.0541,0.0029,0.0541,0.0603
2023-11-28,91.13462829589844,89.53165848318213,1.603,2.5695,1.603,1.7589
2023-11-29,88.8803482055664,90.71360118568191,1.8333,3.3608,1.8333,2.0626
2023-11-30,86.75130462646484,88.67574644517617,1.9244,3.7035,1.9244,2.2183
2023-12-01,86.35630798339844,86.78238101844818,0.4261,0.1815,0.4261,0.4934
2023-12-04,86.31778717041016,86.3964255490555,0.0786,0.0062,0.0786,0.0911
2023-12-05,87.16555023193361,86.26586957035443,0.8997,0.8094,0.8997,1.0322
2023-12-06,87.87844085693361,86.92730148810233,0.9511,0.9047,0.9511,1.0823
2023-12-07,88.57662963867188,87.50236033349711,1.0743,1.1541,1.0743,1.2128
2023-12-08,86.42686462402344,88.11470875261148,1.6878,2.8488,1.6878,1.9529
2023-12-11,86.02013397216797,86.22631381352676,0.2062,0.0425,0.2062,0.2397
2023-12-12,85.38101196289062,85.90233656299051,0.5213,0.2718,0.5213,0.6106
2023-12-13,84.52885437011719,85.29862953295378,0.7698,0.5926,0.7698,0.9107
2023-12-14,82.659912109375,84.48527800670581,1.8254,3.332,1.8254,2.2083
2023-12-15,82.9310302734375,82.7400335962011,0.191,0.0365,0.191,0.2303
2023-12-18,83.5120620727539,82.92176695163653,0.5903,0.3484,0.5903,0.7068
2023-12-19,81.62374114990234,83.34424366589064,1.7205,2.9601,1.7205,2.1078
2023-12-20,82.73736572265625,81.58574429640885,1.1516,1.3262,1.1516,1.3919
2023-12-21,83.67669677734375,82.55219165411472,1.1245,1.2645,1.1245,1.3439
2023-12-22,84.15118408203124,83.33461775768592,0.8166,0.6668,0.8166,0.9704
2023-12-26,84.87747192382812,83.75098833296579,1.1265,1.269,1.1265,1.3272
2023-12-27,82.70833587646484,84.41983156008973,1.7115,2.9292,1.7115,2.0693
2023-12-28,83.928466796875,82.52373454897224,1.4047,1.9733,1.4047,1.6737
2023-12-29,84.2770767211914,83.64444335515145,0.6326,0.4002,0.6326,0.7507
2024-01-02,86.46558380126953,83.93717477343444,2.5284,6.3929,2.5284,2.9242
2024-01-03,86.17508697509766,85.8590337620285,0.3161,0.0999,0.3161,0.3668
2024-01-04,87.74383544921874,85.65485338365443,2.089,4.3638,2.089,2.3808
2024-01-05,89.08987426757812,87.11154614578845,1.9783,3.9138,1.9783,2.2206
2024-01-08,89.49658966064453,88.37232157409017,1.1243,1.264,1.1243,1.2562
2024-01-09,87.59857940673828,88.84043025903657,1.2419,1.5422,1.2419,1.4177
2024-01-10,88.33454895019531,87.2759824854943,1.0586,1.1206,1.0586,1.1984
2024-01-11,88.12150573730469,88.00625108893564,0.1153,0.0133,0.1153,0.1308
2024-01-12,86.7657699584961,87.81956333644303,1.0538,1.1105,1.0538,1.2145
2024-01-16,89.97107696533205,86.60840203678208,3.3627,11.3076,3.3627,3.7375
2024-01-17,88.42169952392578,89.4089915477607,0.9873,0.9747,0.9873,1.1166
2024-01-18,88.22802734375,88.04174461461434,0.1863,0.0347,0.1863,0.2111
2024-01-19,88.74126434326172,87.93313486210536,0.8081,0.6531,0.8081,0.9107
2024-01-22,84.86778259277344,88.39553384415694,3.5278,12.445,3.5278,4.1568
2024-01-23,84.68379211425781,84.87250724488149,0.1887,0.0356,0.1887,0.2228
2024-01-24,83.26997375488281,84.74220233215965,1.4722,2.1675,1.4722,1.768
2024-01-25,83.33776092529297,83.37655516960695,0.0388,0.0015,0.0388,0.0466
2024-01-26,83.57984924316406,83.34171491013149,0.2381,0.0567,0.2381,0.2849
2024-01-29,85.0227279663086,83.44712055186119,1.5756,2.4825,1.5756,1.8532
2024-01-30,87.61795043945314,84.6435538810988,2.9744,8.847,2.9744,3.3947
2024-01-31,88.88650512695312,86.88876247715598,1.9977,3.991,1.9977,2.2475
2024-02-01,89.67088317871094,88.07973948391009,1.5911,2.5317,1.5911,1.7744
2024-02-02,89.48690795898438,88.91853293604345,0.5684,0.3231,0.5684,0.6351
2024-02-05,89.08987426757812,88.9069067018354,0.183,0.0335,0.183,0.2054
2024-02-06,88.72189331054688,88.67056197931379,0.0513,0.0026,0.0513,0.0579
2024-02-07,94.3577880859375,88.40350971766384,5.9543,35.4534,5.9543,6.3103
2024-02-08,93.37006378173828,93.31235752314387,0.0577,0.0033,0.0577,0.0618
2024-02-09,95.78130340576172,92.58487934954701,3.1964,10.2171,3.1964,3.3372
2024-02-12,95.67476654052734,94.87632817793065,0.7984,0.6375,0.7984,0.8345
2024-02-13,95.42300415039062,94.93850174943918,0.4845,0.2347,0.4845,0.5077
2024-02-14,96.43011474609376,94.85008104854387,1.58,2.4965,1.58,1.6385
2024-02-15,96.79808044433594,95.81277338656584,0.9853,0.9708,0.9853,1.0179
2024-02-16,95.297119140625,96.17608130810368,0.879,0.7726,0.879,0.9223
2024-02-20,95.52952575683594,94.88251356361434,0.647,0.4186,0.647,0.6773
2024-02-21,94.73545837402344,95.1217155358654,0.3863,0.1492,0.3863,0.4077
2024-02-22,94.13507080078124,94.39774213466444,0.2627,0.069,0.2627,0.279
2024-02-23,94.88072204589845,93.84485886889523,1.0359,1.073,1.0359,1.0918
2024-02-26,95.7522430419922,94.47037683064173,1.2819,1.6432,1.2819,1.3387
2024-02-27,94.23189544677734,95.20881311144059,0.9769,0.9544,0.9769,1.0367
2024-02-28,95.43268585205077,93.86276302333727,1.5699,2.4647,1.5699,1.6451
2024-02-29,93.94139099121094,94.9537765908276,1.0124,1.0249,1.0124,1.0777
2024-03-01,93.63151550292967,93.62418819667982,0.0073,0.0001,0.0073,0.0078
2024-03-04,94.75482177734378,93.36349406647513,1.3913,1.9358,1.3913,1.4683
2024-03-05,96.14927673339842,94.32993006723338,1.8193,3.31,1.8193,1.8922
2024-03-06,97.17575073242186,95.53565888350477,1.6401,2.6899,1.6401,1.6878
2024-03-07,97.75675964355469,96.4712080974823,1.2856,1.6526,1.2856,1.3151
2024-03-08,98.3862075805664,97.06444186505267,1.3218,1.7471,1.3218,1.3434
2024-03-11,98.88975524902342,97.71270733069105,1.177,1.3854,1.177,1.1903
2024-03-12,100.64978790283203,98.24674139679246,2.403,5.7746,2.403,2.3875
2024-03-13,99.7644271850586,99.8724302311489,0.108,0.0117,0.108,0.1083
2024-03-14,100.1438674926758,99.19175689458507,0.9521,0.9065,0.9521,0.9507
2024-03-15,101.05842590332033,99.62481771197554,1.4336,2.0552,1.4336,1.4186
2024-03-18,97.33209991455078,100.48282133812337,3.1507,9.927,3.1507,3.2371
2024-03-19,99.77415466308595,97.17311130773078,2.601,6.7654,2.601,2.6069
2024-03-20,100.35791778564452,99.39396870532892,0.9639,0.9292,0.9639,0.9605
2024-03-21,101.62271118164062,99.87668213332562,1.746,3.0486,1.746,1.7181
2024-03-22,101.81730651855467,101.00002644466258,0.8173,0.6679,0.8173,0.8027
2024-03-25,101.86596679687499,101.21429996429104,0.6517,0.4247,0.6517,0.6397
2024-03-26,101.18489837646484,101.32822196392226,0.1433,0.0205,0.1433,0.1416
2024-03-27,98.7817611694336,100.77246229198727,1.9907,3.9629,1.9907,2.0153
2024-03-28,97.45857238769533,98.6427372130911,1.1842,1.4022,1.1842,1.215
2024-04-01,96.4467315673828,97.45750934369882,1.0108,1.0217,1.0108,1.048
2024-04-02,96.91374206542967,96.47931504693769,0.4344,0.1887,0.4344,0.4483
2024-04-03,99.47254943847656,96.79582040724016,2.6767,7.1649,2.6767,2.6909
2024-04-04,99.13201904296876,98.9514295585277,0.1806,0.0326,0.1806,0.1822
2024-04-05,98.07151794433594,98.63740526544645,0.5659,0.3202,0.5659,0.577
2024-04-08,98.48014831542966,97.75182656548168,0.7283,0.5305,0.7283,0.7396
2024-04-09,98.49961853027345,98.14577092833586,0.3538,0.1252,0.3538,0.3592
2024-04-10,98.91796874999999,98.15614538294813,0.7618,0.5804,0.7618,0.7702
2024-04-11,100.16333007812501,98.5239587367978,1.6394,2.6875,1.6394,1.6367
2024-04-12,109.9704818725586,99.63121811847668,10.3393,106.9004,10.3393,9.4019
2024-04-15,111.10879516601564,108.10696601889322,3.0018,9.011,3.0018,2.7017
2024-04-16,109.9704818725586,109.51980819348319,0.4507,0.2031,0.4507,0.4098
2024-04-17,111.04070281982422,109.00883427885037,2.0319,4.1285,2.0319,1.8298
2024-04-18,113.3660202026367,110.28666560704369,3.0794,9.4824,3.0794,2.7163
2024-04-19,113.40492248535156,112.4776655846822,0.9273,0.8598,0.9273,0.8177
2024-04-22,114.0859832763672,112.63497266140348,1.451,2.1054,1.451,1.2719
2024-04-23,113.81356811523438,113.33704567312544,0.4765,0.2271,0.4765,0.4187
2024-04-24,112.91844940185548,113.16228095171027,0.2438,0.0595,0.2438,0.2159
2024-04-25,109.9023666381836,112.40905422908192,2.5067,6.2835,2.5067,2.2808
2024-04-26,110.32073211669922,109.71054273830259,0.6102,0.3723,0.6102,0.5531
2024-04-29,112.61685180664062,110.07394222038556,2.5429,6.4664,2.5429,2.258
2024-04-30,115.57456970214842,112.00106163316741,3.5735,12.77,3.5735,3.092
2024-05-01,116.14860534667967,114.54266472646395,1.6059,2.579,1.6059,1.3827
2024-05-02,121.59700775146486,115.13108411025767,6.4659,41.8082,6.4659,5.3175
2024-05-03,130.1101531982422,119.99300898400088,10.1171,102.3566,10.1171,7.7758
2024-05-06,129.50694274902344,127.57945527838092,1.9275,3.7152,1.9275,1.4883
2024-05-07,126.92867279052734,127.69770534345753,0.769,0.5914,0.769,0.6059
2024-05-08,124.0974578857422,125.98811748445087,1.8907,3.5746,1.8907,1.5235
2024-05-09,125.77088928222656,123.78723672725393,1.9837,3.9349,1.9837,1.5772
2024-05-10,125.53738403320312,125.36798832151453,0.1694,0.0287,0.1694,0.1349
2024-05-13,123.26072692871094,125.09245300713883,1.8317,3.3552,1.8317,1.4861
2024-05-14,121.93753814697266,122.99293933893296,1.0554,1.1139,1.0554,0.8655
2024-05-15,121.94726562500001,121.7556698908179,0.1916,0.0367,0.1916,0.1571
2024-05-16,125.57630920410156,121.65796714311,3.9183,15.3534,3.9183,3.1203
2024-05-17,126.02384185791016,124.7232066739889,1.3006,1.6917,1.3006,1.0321
2024-05-20,127.10379791259766,125.085078857172,2.0187,4.0752,2.0187,1.5882
2024-05-21,125.10929870605467,126.1021249980563,0.9928,0.9857,0.9928,0.7936
2024-05-22,123.93204498291016,124.42209008799453,0.49,0.2401,0.49,0.3954
2024-05-23,125.18712615966795,123.45536667926626,1.7318,2.999,1.7318,1.3833
2024-05-24,130.2755584716797,124.56093742684605,5.7146,32.6569,5.7146,4.3866
2024-05-28,134.51754760742188,128.96448001893805,5.5531,30.8366,5.5531,4.1281
2024-05-29,131.3166046142578,132.7527180648467,1.4361,2.0624,1.4361,1.0936
2024-05-30,137.7379608154297,130.21080263952626,7.5272,56.6581,7.5272,5.4648
2024-05-31,145.16140747070312,136.05466812504346,9.1067,82.9327,9.1067,6.2735
2024-06-03,142.4080047607422,142.70922618288387,0.3012,0.0907,0.3012,0.2115
2024-06-04,135.25698852539062,140.788052863325,5.5311,30.5927,5.5311,4.0893
2024-06-05,140.4913330078125,134.74810244860055,5.7432,32.9847,5.7432,4.088
2024-06-06,138.2925262451172,139.62727679579984,1.3348,1.7816,1.3348,0.9652
2024-06-07,135.8407440185547,137.63933595077742,1.7986,3.2349,1.7986,1.324
2024-06-10,133.27218627929688,135.4341824484227,2.162,4.6742,2.162,1.6222
2024-06-11,133.4812774658203,133.04453740630197,0.4367,0.1907,0.4367,0.3272
2024-06-12,131.7521514892578,133.08767308242386,1.3355,1.7836,1.3355,1.0137
2024-06-13,133.58868408203125,131.3668263663576,2.2219,4.9367,2.2219,1.6632
2024-06-14,136.22630310058594,132.84278836428712,3.3835,11.4482,3.3835,2.4837
2024-06-17,137.2910919189453,135.02866869995432,2.2624,5.1186,2.2624,1.6479
2024-06-18,136.98825073242188,135.95196250403023,1.0363,1.0739,1.0363,0.7565
2024-06-20,135.63038635253906,135.76217390716192,0.1318,0.0174,0.1318,0.0972
2024-06-21,133.53009033203125,134.6468058695582,1.1167,1.2471,1.1167,0.8363
2024-06-24,132.90489196777344,132.82191321983555,0.083,0.0069,0.083,0.0624
2024-06-25,138.21913146972656,132.26609798201935,5.953,35.4386,5.953,4.307
2024-06-26,136.97850036621094,136.85633490744476,0.1222,0.0149,0.1222,0.0892
2024-06-27,138.71734619140625,135.7746530817749,2.9427,8.6594,2.9427,2.1214
2024-06-28,136.43142700195312,137.41094608007188,0.9795,0.9595,0.9795,0.718
2024-07-01,138.09214782714844,135.46780757684246,2.6243,6.8872,2.6243,1.9004
2024-07-02,139.4890899658203,137.00931915047477,2.4798,6.1493,2.4798,1.7778
2024-07-03,142.0387420654297,138.25123896178775,3.7875,14.3452,3.7875,2.6665
2024-07-05,142.8397979736328,140.52422913503142,2.3156,5.3619,2.3156,1.6211
2024-07-08,143.79713439941406,141.33091931367653,2.4662,6.0822,2.4662,1.7151
2024-07-09,139.22532653808594,142.31589813429673,3.0906,9.5516,3.0906,2.2198
2024-07-10,136.9003448486328,138.3463436477041,1.446,2.0909,1.446,1.0562
2024-07-11,136.56820678710938,136.49066908875284,0.0775,0.006,0.0775,0.0568
2024-07-12,135.81597900390625,136.16821044008066,0.3522,0.1241,0.3522,0.2593
2024-07-15,129.2122802734375,135.37979812832418,6.1675,38.0383,6.1675,4.7732
2024-07-16,124.74791717529295,129.21988950567902,4.472,19.9985,4.472,3.5848
2024-07-17,126.7505340576172,125.13687107249733,1.6137,2.6039,1.6137,1.2731
2024-07-18,130.345458984375,126.83371373295633,3.5117,12.3324,3.5117,2.6942
2024-07-19,129.89608764648438,129.77756192267407,0.1185,0.014,0.1185,0.0912
2024-07-22,133.42263793945312,129.2676439560546,4.155,17.264,4.155,3.1142
2024-07-23,135.10289001464844,132.35812556465498,2.7448,7.5337,2.7448,2.0316
2024-07-24,135.2982635498047,133.91152447085278,1.3867,1.923,1.3867,1.0249
2024-07-25,134.16506958007812,134.21639943420905,0.0513,0.0026,0.0513,0.0383
2024-07-26,131.82057189941406,133.33632285470594,1.5158,2.2975,1.5158,1.1499
2024-07-29,133.0807342529297,131.31227134121127,1.7685,3.1275,1.7685,1.3289
2024-07-30,138.2875213623047,132.43136225285434,5.8562,34.2946,5.8562,4.2348
2024-07-31,139.52816772460938,136.91894834134382,2.6092,6.808,2.6092,1.87
2024-08-01,137.84793090820312,138.12870416499027,0.2808,0.0788,0.2808,0.2037
2024-08-02,140.28036499023438,136.81833671199638,3.462,11.9856,3.462,2.4679
2024-08-05,139.4890899658203,139.10847839384041,0.3806,0.1449,0.3806,0.2729
2024-08-06,145.8094940185547,138.50709176630062,7.3024,53.3251,7.3024,5.0082
2024-08-07,143.02540588378906,144.09550492928247,1.0701,1.1451,1.0701,0.7482
2024-08-08,148.4373321533203,141.80874652555485,6.6286,43.9381,6.6286,4.4656
2024-08-09,151.9833984375,146.7513510240433,5.232,27.3743,5.232,3.4425
2024-08-12,148.71084594726562,150.04164686769946,1.3308,1.771,1.3308,0.8949
2024-08-13,148.17356872558594,147.42890174353306,0.7447,0.5545,0.7447,0.5026
2024-08-14,150.00033569335938,147.2105721585076,2.7898,7.7828,2.7898,1.8598
2024-08-15,150.11758422851562,148.8947534852723,1.2228,1.4953,1.2228,0.8146
2024-08-16,152.5402374267578,149.00893670090045,3.5313,12.4701,3.5313,2.315
2024-08-19,153.45849609375,151.17403929494503,2.2845,5.2187,2.2845,1.4886
2024-08-20,156.30123901367188,152.04771506416728,4.2535,18.0925,4.2535,2.7214
2024-08-21,155.724853515625,154.63931717119158,1.0855,1.1784,1.0855,0.6971
2024-08-22,150.77206420898438,154.2926061438484,3.5205,12.3942,3.5205,2.335
2024-08-23,149.42401123046875,150.02969861578276,0.6057,0.3669,0.6057,0.4053
2024-08-26,147.54835510253906,148.98204176823492,1.4337,2.0555,1.4337,0.9717
2024-08-27,151.36795043945315,147.26039458566174,4.1076,16.872,4.1076,2.7136
2024-08-28,148.9453125,150.56629797813912,1.621,2.6276,1.621,1.0883
2024-08-29,159.15370178222656,148.30559364985675,10.8481,117.6815,10.8481,6.8161
2024-08-30,158.32337951660156,157.22157017205973,1.1018,1.214,1.1018,0.6959
2024-09-03,160.5897521972656,156.7510656191016,3.8387,14.7355,3.8387,2.3904
2024-09-04,164.2725830078125,159.0517305151934,5.2209,27.2573,5.2209,3.1782
2024-09-05,161.87924194335938,162.49717536159005,0.6179,0.3818,0.6179,0.3817
2024-09-06,168.9811553955078,160.6330280821967,8.3481,69.6912,8.3481,4.9403
2024-09-09,169.44567871093747,166.99814773579965,2.4475,5.9904,2.4475,1.4444
2024-09-10,169.0536651611328,167.6347431289396,1.4189,2.0133,1.4189,0.8393
2024-09-11,173.6889190673828,167.5570702780451,6.1318,37.5996,6.1318,3.5304
2024-09-12,176.08984375,171.79174120046537,4.2981,18.4737,4.2981,2.4409
2024-09-13,171.86618041992188,174.07212593243457,2.2059,4.8662,2.2059,1.2835
2024-09-16,170.47463989257812,170.55783433730176,0.0832,0.0069,0.0832,0.0488
2024-09-17,164.4478302001953,169.53959695624144,5.0918,25.9261,5.0918,3.0963
2024-09-18,169.14187622070312,164.12628036321894,5.0156,25.1562,5.0156,2.9653
2024-09-19,168.62249755859375,168.28676147465922,0.3357,0.1127,0.3357,0.1991
2024-09-20,168.19131469726562,167.68853774156378,0.5028,0.2528,0.5028,0.2989
2024-09-23,170.32762145996094,167.2616879461293,3.0659,9.3999,3.0659,1.8
2024-09-24,168.8772735595703,169.109180938176,0.2319,0.0538,0.2319,0.1373
2024-09-25,172.1797637939453,167.81736765658843,4.3624,19.0305,4.3624,2.5336
2024-09-26,178.83374023437497,170.7425631105025,8.0912,65.4671,8.0912,4.5244
2024-09-27,180.30368041992188,176.56595891305187,3.7377,13.9706,3.7377,2.073
2024-09-30,182.89079284667972,178.107318194443,4.7835,22.8816,4.7835,2.6155
2024-10-01,180.8230438232422,180.71702907507552,0.106,0.0112,0.106,0.0586
2024-10-02,187.22222900390625,179.23161243308732,7.9906,63.85,7.9906,4.268
2024-10-03,180.803466796875,185.07244287094727,4.269,18.2242,4.269,2.3611
2024-10-04,183.5963592529297,179.56792589039833,4.0284,16.2283,4.0284,2.1942
2024-10-07,181.50901794433597,182.3026765347622,0.7937,0.6299,0.7937,0.4373
2024-10-08,182.3125915527344,180.47688464343994,1.8357,3.3698,1.8357,1.0069
2024-10-09,167.76992797851562,181.2445819118275,13.4747,181.5663,13.4747,8.0316
2024-10-10,168.42651367187497,167.72940851758904,0.6971,0.486,0.6971,0.4139
2024-10-11,162.44873046875,168.66909612872405,6.2204,38.6929,6.2204,3.8291
2024-10-14,165.95700073242188,162.96321099071065,2.9938,8.9628,2.9938,1.804
2024-10-15,166.4175872802734,165.91300197009696,0.5046,0.2546,0.5046,0.3032
2024-10-16,156.5983428955078,165.9903845400222,9.392,88.2104,9.392,5.9975
2024-10-17,157.06874084472656,156.76267709881176,0.3061,0.0937,0.3061,0.1949
2024-10-18,158.69546508789062,157.21242922750025,1.483,2.1994,1.483,0.9345
2024-10-21,156.8041229248047,158.39012899321096,1.586,2.5154,1.586,1.0115
2024-10-22,151.4437255859375,156.4361328642417,4.9924,24.9241,4.9924,3.2965
2024-10-23,162.47813415527344,151.3876333647495,11.0905,122.9992,11.0905,6.8258
2024-10-24,155.01080322265625,160.9538208627837,5.943,35.3195,5.943,3.8339
2024-10-25,146.85748291015625,154.2177147074326,7.3602,54.173,7.3602,5.0118
2024-10-28,144.98574829101562,146.92722990654875,1.9415,3.7694,1.9415,1.3391
2024-10-29,152.2766876220703,145.30247114150916,6.9742,48.6397,6.9742,4.58
2024-10-30,151.93370056152344,151.5092872582818,0.4244,0.1801,0.4244,0.2793
2024-10-31,161.25315856933594,150.93797122372143,10.3152,106.4031,10.3152,6.3969
2024-11-01,163.77166748046875,158.92818073639592,4.8435,23.4594,4.8435,2.9575
2024-11-04,164.27145385742188,161.24359144216214,3.0279,9.168,3.0279,1.8432
2024-11-05,168.88708496093753,161.93730571188826,6.9498,48.2994,6.9498,4.115
2024-11-06,166.56455993652344,166.16391770025803,0.4006,0.1605,0.4006,0.2405
2024-11-07,170.47463989257812,164.32599959314302,6.1486,37.8058,6.1486,3.6068
2024-11-08,171.04299926757812,167.9289742704077,3.114,9.6972,3.114,1.8206
2024-11-11,171.93478393554685,168.53700742000547,3.3978,11.5449,3.3978,1.9762
2024-11-12,168.5930938720703,169.44784391987378,0.8548,0.7306,0.8548,0.507
2024-11-13,168.00511169433594,166.57655469575548,1.4286,2.0408,1.4286,0.8503
2024-11-14,163.10531616210938,166.16417910315613,3.0589,9.3566,3.0589,1.8754
2024-11-15,167.84832763671875,161.73201955224613,6.1163,37.4092,6.1163,3.6439
2024-11-18,165.6826171875,165.9562690423336,0.2737,0.0749,0.2737,0.1652
2024-11-19,167.13296508789062,163.92370015697088,3.2093,10.2994,3.2093,1.9202
2024-11-20,165.8100128173828,165.22190388300623,0.5881,0.3459,0.5881,0.3547
2024-11-21,165.760986328125,164.01837454059205,1.7426,3.0367,1.7426,1.0513
2024-11-22,168.25990295410156,163.9988759666303,4.261,18.1564,4.261,2.5324
2024-11-25,157.27450561523438,166.22793278588506,8.9534,80.1639,8.9534,5.6929
2024-11-26,157.64688110351562,156.17641991145865,1.4705,2.1623,1.4705,0.9328
2024-11-27,160.42018127441406,156.7981434741214,3.622,13.1192,3.622,2.2578
2024-11-29,153.67803955078125,159.1541527449108,5.4761,29.9878,5.4761,3.5634
2024-12-02,159.51861572265625,152.87666519605045,6.642,44.1155,6.642,4.1637
2024-12-03,159.17562866210938,158.06183026870713,1.1138,1.2405,1.1138,0.6997
2024-12-04,166.81936645507812,157.6250121566045,9.1944,84.5362,9.1944,5.5116
2024-12-05,168.61537170410156,164.24457246401653,4.3708,19.1039,4.3708,2.5922
2024-12-06,169.66781616210938,165.93393236298743,3.7339,13.9419,3.7339,2.2007
2024-12-09,166.30397033691406,167.08193475456028,0.778,0.6052,0.778,0.4678
2024-12-10,164.60238647460938,164.3102119339892,0.2922,0.0854,0.2922,0.1775
2024-12-11,164.53350830078125,162.94435543390136,1.5892,2.5254,1.5892,0.9659
2024-12-12,173.3267517089844,162.9338556126968,10.3929,108.0123,10.3929,5.9961
2024-12-13,171.2218780517578,170.53212239595996,0.6898,0.4758,0.6898,0.4028
2024-12-16,171.89071655273438,168.75618003719683,3.1345,9.8253,3.1345,1.8236
2024-12-17,178.98233032226562,169.5522153150432,9.4301,88.9271,9.4301,5.2687
2024-12-18,179.3560943603516,175.83217731659352,3.5239,12.418,3.5239,1.9648
2024-12-19,183.7625274658203,176.36128062498483,7.4012,54.7785,7.4012,4.0276
2024-12-20,175.0480194091797,180.44717738696818,5.3992,29.1509,5.3992,3.0844
2024-12-23,170.818603515625,172.9001535041598,2.0815,4.3329,2.0815,1.2186
2024-12-24,169.24488830566406,169.44905853294767,0.2042,0.0417,0.2042,0.1206
2024-12-26,172.9136199951172,168.1064216426239,4.8072,23.1092,4.8072,2.7801
2024-12-27,176.53320312500003,171.22075385898006,5.3124,28.2221,5.3124,3.0093
2024-12-30,178.18565368652347,174.25857730791904,3.9271,15.4219,3.9271,2.2039
2024-12-31,181.48060607910156,175.6949844460678,5.7856,33.4734,5.7856,3.188
2025-01-02,182.99534606933597,178.66583777005238,4.3295,18.7446,4.3295,2.3659
2025-01-03,184.06744384765628,180.13566202896166,3.9318,15.4589,3.9318,2.1361
2025-01-06,182.7297821044922,181.2794454875184,1.4503,2.1035,1.4503,0.7937
2025-01-07,187.6772003173828,180.46152009419802,7.2157,52.066,7.2157,3.8447
2025-01-08,189.05419921875,184.94187138223606,4.1123,16.9112,4.1123,2.1752
2025-01-10,184.0576019287109,186.33448837682954,2.2769,5.1842,2.2769,1.2371
2025-01-13,184.40184020996088,182.10396375439993,2.2979,5.2802,2.2979,1.2461
2025-01-14,202.4604034423828,182.61626380972208,19.8441,393.7899,19.8441,9.8015
2025-01-15,197.48350524902344,198.37870124106757,0.8952,0.8014,0.8952,0.4533
2025-01-16,198.63429260253903,194.50472910372446,4.1296,17.0533,4.1296,2.079
2025-01-17,195.2212677001953,196.09403932583788,0.8728,0.7617,0.8728,0.4471
2025-01-21,197.5621795654297,193.3250614069011,4.2371,17.9532,4.2371,2.1447
2025-01-22,194.68028259277344,195.53726689376163,0.857,0.7344,0.857,0.4402
2025-01-23,200.09982299804688,193.1116278575646,6.9882,48.8349,6.9882,3.4924
2025-01-24,191.483642578125,197.82490204937312,6.3413,40.2116,6.3413,3.3116
2025-01-27,193.70654296875003,190.1031907764991,3.6034,12.9841,3.6034,1.8602
2025-01-28,191.2869110107422,192.22817131353077,0.9413,0.886,0.9413,0.4921
2025-01-29,187.4116058349609,189.95569575614445,2.5441,6.4724,2.5441,1.3575
2025-01-30,189.78205871582028,186.37996721066972,3.4021,11.5742,3.4021,1.7926
2025-01-31,188.4148712158203,188.40135177834418,0.0135,0.0002,0.0135,0.0072
2025-02-03,192.54592895507804,186.989845573391,5.5561,30.8701,5.5561,2.8856
2025-02-04,190.0476226806641,190.5200394977964,0.4724,0.2232,0.4724,0.2486
2025-02-05,197.88676452636716,188.2679017725823,9.6189,92.5225,9.6189,4.8608
2025-02-06,197.89660644531247,195.167905921282,2.7287,7.4458,2.7287,1.3789
2025-02-07,190.86399841308597,195.32188407431386,4.4579,19.8727,4.4579,2.3356
2025-02-10,188.62142944335935,189.2526250801548,0.6312,0.3984,0.6312,0.3346
2025-02-11,183.59532165527344,187.46499271071113,3.8697,14.9744,3.8697,2.1077
2025-02-12,185.40512084960935,182.88113990562033,2.524,6.3705,2.524,1.3613
2025-02-13,182.95599365234372,184.3926607992125,1.4367,2.064,1.4367,0.7853
2025-02-14,184.4018402099609,181.98274180165023,2.4191,5.852,2.4191,1.3119
2025-02-18,186.55589294433597,183.13175137964114,3.4241,11.7247,3.4241,1.8355
2025-02-19,185.2674102783203,184.88751962056907,0.3799,0.1443,0.3799,0.205
2025-02-20,188.10012817382807,183.68436994549938,4.4158,19.4989,4.4158,2.3476
2025-02-21,186.95916748046875,186.1919292441052,0.7672,0.5887,0.7672,0.4104
2025-02-24,182.041259765625,185.202741199686,3.1615,9.995,3.1615,1.7367
2025-02-25,180.82164001464844,180.8768921145529,0.0553,0.0031,0.0553,0.0306
2025-02-26,178.2151336669922,179.95517956580534,1.74,3.0278,1.74,0.9764
2025-02-27,181.628173828125,177.50983487188296,4.1183,16.9607,4.1183,2.2675
2025-02-28,191.20823669433597,180.41540430944588,10.7928,116.4852,10.7928,5.6445
2025-03-03,195.62452697753903,188.70919305724422,6.9153,47.8218,6.9153,3.535
2025-03-04,197.39497375488284,192.76632584334035,4.6286,21.4244,4.6286,2.3449
2025-03-05,200.9457092285156,194.76224321679547,6.1835,38.2353,6.1835,3.0772
2025-03-06,199.68670654296875,198.33992835880778,1.3468,1.8138,1.3468,0.6744
2025-03-07,195.89993286132807,197.63992332354974,1.74,3.0276,1.74,0.8882
2025-03-10,188.78863525390625,194.5794556374894,5.7908,33.5336,5.7908,3.0674
2025-03-11,191.40498352050778,188.31205051726647,3.0929,9.5662,3.0929,1.6159
2025-03-12,188.9145355224609,190.70929691254514,1.7948,3.2212,1.7948,0.95
2025-03-13,198.31784057617188,188.2660840587814,10.0518,101.0378,10.0518,5.0685
2025-03-14,199.5314636230469,196.4090160410451,3.1224,9.7497,3.1224,1.5649
2025-03-17,197.99221801757807,197.50069785070264,0.4915,0.2416,0.4915,0.2483
2025-03-18,192.96002197265625,196.3411397191175,3.3811,11.432,3.3811,1.7522
2025-03-19,192.05224609375,192.03964085588814,0.0126,0.0002,0.0126,0.0066
2025-03-20,194.5880889892578,191.30467486480484,3.2834,10.7808,3.2834,1.6874
2025-03-21,204.60313415527344,193.45548653209335,11.1476,124.27,11.1476,5.4484
2025-03-24,203.5868377685547,202.07631737086558,1.5105,2.2817,1.5105,0.742
2025-03-25,200.36029052734372,201.39301366726522,1.0327,1.0665,1.0327,0.5154
2025-03-26,198.94932556152344,198.86581809779452,0.0835,0.007,0.0835,0.042
2025-03-27,197.7257843017578,197.81058449838474,0.0848,0.0072,0.0848,0.0429
2025-03-28,194.86436462402344,196.7368499033255,1.8725,3.5062,1.8725,0.9609
2025-03-31,198.8999786376953,194.09814648211704,4.8018,23.0576,4.8018,2.4142
2025-04-01,205.8365173339844,197.55577020777127,8.2807,68.5708,8.2807,4.023
2025-04-02,217.08494567871088,203.49957846708642,13.5854,184.5622,13.5854,6.2581
2025-04-03,208.6091461181641,213.35071086477998,4.7416,22.4824,4.7416,2.2729
2025-04-04,204.3663330078125,206.42148269550947,2.0551,4.2236,2.0551,1.0056
2025-04-07,205.5997161865234,203.25026868803252,2.3494,5.5199,2.3494,1.1427
2025-04-08,198.6829071044922,204.5452606928784,5.8624,34.3672,5.8624,2.9506
2025-04-09,198.771713256836,198.23397264925097,0.5377,0.2892,0.5377,0.2705
2025-04-10,204.0505828857422,198.24855360136738,5.802,33.6635,5.802,2.8434
2025-04-11,211.934326171875,202.79632708962708,9.138,83.503,9.138,4.3117
2025-04-14,208.68809509277344,209.49566640451667,0.8076,0.6522,0.8076,0.387
2025-04-15,215.79237365722656,206.77401566071057,9.0184,81.3308,9.0184,4.1792
2025-04-16,220.23252868652344,213.2123522496504,7.0202,49.2829,7.0202,3.1876
2025-04-17,221.63363647460935,217.32703783113084,4.3066,18.5468,4.3066,1.9431
2025-04-21,218.9300842285156,218.91825316287756,0.0118,0.0001,0.0118,0.0054
2025-04-22,189.75323486328125,216.91363583830022,27.1604,737.6874,27.1604,14.3135
2025-04-23,199.7090759277344,189.2262938492131,10.4828,109.8887,10.4828,5.249
2025-04-24,199.63999938964844,199.6443085025476,0.0043,0.0,0.0043,0.0022
2025-04-25,205.38261413574222,199.50787956039767,5.8747,34.5125,5.8747,2.8604
2025-04-28,206.53709411621094,204.32443659508863,2.2127,4.8959,2.2127,1.0713
2025-04-29,197.1436462402344,204.99913459015258,7.8555,61.7087,7.8555,3.9847
2025-04-30,201.33714294433597,196.3065632625094,5.0306,25.3067,5.0306,2.4986
2025-05-01,205.79705810546875,199.89310727056912,5.904,34.8566,5.904,2.8688
2025-05-02,207.70138549804685,203.4465712024503,4.2548,18.1034,4.2548,2.0485
2025-05-05,203.37960815429688,204.90924481266302,1.5296,2.3398,1.5296,0.7521
2025-05-06,205.185287475586,200.99822931743438,4.1871,17.5315,4.1871,2.0406
2025-05-07,205.96478271484375,202.58487230928043,3.3799,11.4238,3.3799,1.641
2025-05-08,203.63616943359372,203.15542585603905,0.4807,0.2311,0.4807,0.2361
2025-05-09,199.1466522216797,201.03363632097168,1.887,3.5607,1.887,0.9475
2025-05-12,201.18913269042972,196.99024116898727,4.1989,17.6307,4.1989,2.087
2025-05-13,200.0445556640625,198.78019455950744,1.2644,1.5986,1.2644,0.632
2025-05-14,198.27835083007807,197.6124424790396,0.6659,0.4434,0.6659,0.3358
2025-05-15,197.4396514892578,195.9593382742059,1.4803,2.1913,1.4803,0.7498
2025-05-16,195.60438537597656,195.15053666773838,0.4538,0.206,0.4538,0.232
2025-05-19,189.1020050048828,193.43528810252792,4.3333,18.7773,4.3333,2.2915
2025-05-20,186.85232543945312,187.4751986572528,0.6229,0.388,0.6229,0.3334
2025-05-21,192.03251647949216,185.47642753810942,6.5561,42.9823,6.5561,3.4141
2025-05-22,178.68238830566406,189.93291397926714,11.2505,126.5743,11.2505,6.2964
2025-05-23,178.1298370361328,177.45986163682755,0.67,0.4489,0.67,0.3761
2025-05-27,170.6703643798828,177.26404395335248,6.5937,43.4766,6.5937,3.8634
2025-05-28,177.60688781738284,170.2603111435301,7.3466,53.9722,7.3466,4.1364
2025-05-29,181.8299865722656,176.39325461148928,5.4367,29.5581,5.4367,2.99
2025-05-30,173.51206970214844,179.8474507258106,6.3354,40.1371,6.3354,3.6513
2025-06-02,174.74543762207034,172.2150120603028,2.5304,6.4031,2.5304,1.4481
2025-06-03,168.3811798095703,173.3860924801793,5.0049,25.0492,5.0049,2.9724
2025-06-04,168.6969451904297,167.42668749543373,1.2703,1.6136,1.2703,0.753
2025-06-05,174.8144989013672,167.65504355647045,7.1595,51.2578,7.1595,4.0955
2025-06-06,169.30868530273438,172.78048957067494,3.4718,12.0534,3.4718,2.0506
2025-06-09,171.77545166015625,167.6580351752691,4.1174,16.9531,4.1174,2.397
2025-06-10,173.8968963623047,169.88299729778737,4.0139,16.1114,4.0139,2.3082
2025-06-11,171.4938201904297,171.6297669203559,0.1359,0.0185,0.1359,0.0793
2025-06-12,172.1178436279297,169.41513986632435,2.7027,7.3046,2.7027,1.5703
2025-06-13,175.7928009033203,169.97674450656632,5.8161,33.8265,5.8161,3.3085
2025-06-16,175.05978393554688,173.14191270639094,1.9179,3.6782,1.9179,1.0956
2025-06-17,179.44793701171875,172.46538062824402,6.9826,48.7561,6.9826,3.8911
2025-06-18,179.1903533935547,176.4312995455839,2.7591,7.6124,2.7591,1.5397
2025-06-20,171.8603057861328,176.29529745518266,4.435,19.6692,4.435,2.5806
2025-06-23,166.6500244140625,169.8516035626999,3.2016,10.2501,3.2016,1.9211
2025-06-24,163.6882781982422,165.3466208634636,1.6583,2.7501,1.6583,1.0131
2025-06-25,164.43118286132815,162.70500014036315,1.7262,2.9797,1.7262,1.0498
2025-06-26,167.04624938964844,163.25966619552491,3.7866,14.3382,3.7866,2.2668
2025-06-27,168.77969360351562,165.345181493567,3.4345,11.7959,3.4345,2.0349
2025-06-30,155.8926544189453,166.73082283031545,10.8382,117.4659,10.8382,6.9523
2025-07-01,145.4126434326172,154.89618824363424,9.4835,89.9376,9.4835,6.5218
2025-07-02,144.78858947753906,145.42836585850637,0.6398,0.4093,0.6398,0.4419
2025-07-03,140.03395080566406,145.1636006454919,5.1296,26.3133,5.1296,3.6631
2025-07-07,157.24969482421875,140.48512191634472,16.7646,281.0509,16.7646,10.6611
2025-07-08,149.7017364501953,155.63866774466806,5.9369,35.2472,5.9369,3.9658
2025-07-09,155.5955047607422,148.94135207682393,6.6542,44.2777,6.6542,4.2766
2025-07-10,154.36720275878906,154.32065264729135,0.0466,0.0022,0.0466,0.0302
2025-07-11,155.84312438964847,153.1622947055057,2.6808,7.1868,2.6808,1.7202
2025-07-14,150.23663330078125,154.30152625300252,4.0649,16.5234,4.0649,2.7057
2025-07-15,150.30595397949222,149.05786805006574,1.2481,1.5577,1.2481,0.8304
2025-07-16,146.46263122558594,148.9849234737103,2.5223,6.362,2.5223,1.7221
2025-07-17,149.9691619873047,145.24740948352246,4.7218,22.2949,4.7218,3.1485
2025-07-18,156.31858825683594,148.1251201467412,8.1935,67.1329,8.1935,5.2415
2025-07-21,162.6283721923828,153.7794152314109,8.849,78.304,8.849,5.4412
2025-07-22,163.5397033691406,159.21647733016925,4.3232,18.6903,4.3232,2.6435
2025-07-23,161.8557586669922,160.22906371744466,1.6267,2.6461,1.6267,1.005
2025-07-24,162.92555236816406,159.04398881540965,3.8816,15.0665,3.8816,2.3824
2025-07-25,165.1146697998047,160.19595085026958,4.9187,24.1938,4.9187,2.979
2025-07-28,171.08767700195315,162.25747581082942,8.8302,77.9725,8.8302,5.1612
2025-07-29,177.58567810058594,167.5216405967567,10.064,101.2849,10.064,5.6671
2025-07-30,174.73291015625,173.33011233666184,1.4028,1.9678,1.4028,0.8028
2025-07-31,170.65185546875,171.19167988421395,0.5398,0.2914,0.5398,0.3163
2025-08-01,172.89047241210938,167.95301337173441,4.9375,24.3785,4.9375,2.8558
2025-08-04,173.5640563964844,170.17266340603783,3.3914,11.5015,3.3914,1.954
2025-08-05,174.85177612304688,170.79131913426863,4.0605,16.4873,4.0605,2.3222
2025-08-06,185.21290588378903,171.94161593901117,13.2713,176.1271,13.2713,7.1654
2025-08-07,192.1566619873047,180.96947970299513,11.1872,125.153,11.1872,5.8219
2025-08-08,192.9194030761719,187.23965885533107,5.6797,32.2595,5.6797,2.9441
2025-08-11,192.38450622558597,188.42748721252246,3.957,15.658,3.957,2.0568
2025-08-12,192.38450622558597,188.47230637139185,3.9122,15.3053,3.9122,2.0335
2025-08-13,191.6712951660156,188.84185370762046,2.8294,8.0057,2.8294,1.4762
2025-08-14,191.6217803955078,188.4263831593216,3.1954,10.2106,3.1954,1.6676
2025-08-15,189.9477386474609,188.53154348448697,1.4162,2.0056,1.4162,0.7456
2025-08-18,194.33587646484372,187.09922723455745,7.2366,52.3691,7.2366,3.7238
2025-08-19,190.1656646728516,191.06975064188006,0.9041,0.8174,0.9041,0.4754
2025-08-20,195.81178283691412,187.5059866378215,8.3058,68.9863,8.3058,4.2417
2025-08-21,194.28634643554688,192.58444891105412,1.7019,2.8965,1.7019,0.876
2025-08-22,195.2867889404297,191.38893819581426,3.8979,15.1932,3.8979,1.996
2025-08-25,191.4929962158203,192.45213473735475,0.9591,0.9199,0.9591,0.5009
2025-08-26,192.99864196777347,189.18747396560775,3.8112,14.525,3.8112,1.9747
2025-08-27,195.7424468994141,190.66828555492975,5.0742,25.7471,5.0742,2.5923
2025-08-28,200.48718261718753,193.05814862337778,7.429,55.1905,7.429,3.7055
2025-08-29,201.4182891845703,197.28404168177804,4.1342,17.092,4.1342,2.0526
2025-09-02,203.24090576171872,198.24766973632177,4.9932,24.9324,4.9932,2.4568
2025-09-03,205.04371643066412,200.12852644979284,4.9152,24.1591,4.9152,2.3971
2025-09-04,210.45211791992185,201.99553767949513,8.4566,71.5137,8.4566,4.0183
2025-09-05,212.0766296386719,206.9361564495557,5.1405,26.4245,5.1405,2.4239
2025-09-08,214.17431640625003,208.65458841367763,5.5197,30.4674,5.5197,2.5772
2025-09-09,209.86956787109372,210.85451043528155,0.9849,0.9701,0.9849,0.4693
2025-09-10,214.42285156250003,207.34199623612582,7.0809,50.1385,7.0809,3.3023
2025-09-11,212.6532287597656,211.62572824809467,1.0275,1.0558,1.0275,0.4832
2025-09-12,212.25555419921875,210.1773975388023,2.0782,4.3187,2.0782,0.9791
2025-09-15,208.288818359375,210.01586121228684,1.727,2.9827,1.727,0.8292
2025-09-16,209.0941162109375,206.52942932285077,2.5647,6.5776,2.5647,1.2266
2025-09-17,218.80714416503906,207.31802931981656,11.4891,131.9998,11.4891,5.2508
2025-09-18,221.44171142578125,215.7598468981541,5.6819,32.2836,5.6819,2.5659
2025-09-19,222.7042999267578,218.20877269775156,4.4955,20.2098,4.4955,2.0186
2025-09-22,227.23773193359372,219.64862972343326,7.5891,57.5945,7.5891,3.3397
2025-09-23,225.16986083984372,223.97952585931122,1.1903,1.4169,1.1903,0.5286
2025-09-24,223.37039184570312,222.534761827741,0.8356,0.6983,0.8356,0.3741
2025-09-25,232.2384185791016,221.35848653179528,10.8799,118.3729,10.8799,4.6848
2025-09-26,233.4314117431641,229.48636576685024,3.945,15.5634,3.945,1.69
2025-09-29,227.834228515625,230.72628859488125,2.8921,8.364,2.8921,1.2694
2025-09-30,226.5318756103516,226.1824686001055,0.3494,0.1221,0.3494,0.1542
2025-10-01,230.48866271972656,225.72621727264416,4.7624,22.6809,4.7624,2.0662
2025-10-02,228.4207763671875,229.2880681321776,0.8673,0.7522,0.8673,0.3797
2025-10-03,229.0570526123047,227.42378159690998,1.6333,2.6676,1.6333,0.713
2025-10-06,227.33714294433597,228.00344742493962,0.6663,0.444,0.6663,0.2931
2025-10-07,235.56887817382807,226.45710193600283,9.1118,83.0245,9.1118,3.868
2025-10-08,236.17532348632807,233.6689203530495,2.5064,6.2821,2.5064,1.0612
2025-10-09,244.16845703125,234.30728617747803,9.8612,97.2427,9.8612,4.0387
2025-10-10,238.99876403808597,241.55264127484406,2.5539,6.5223,2.5539,1.0686
2025-10-13,237.45782470703125,237.36008299441167,0.0977,0.0096,0.0977,0.0412
2025-10-14,233.2325897216797,236.3893702514688,3.1568,9.9653,3.1568,1.3535
2025-10-15,238.92918395996094,232.7561073891693,6.1731,38.1069,6.1731,2.5836
2025-10-16,240.19178771972653,237.750489423297,2.4413,5.9599,2.4413,1.0164
2025-10-17,244.16845703124997,238.77147180580505,5.397,29.1274,5.397,2.2104
2025-10-20,241.3350830078125,242.29654721735278,0.9615,0.9244,0.9615,0.3984
2025-10-21,239.92335510253903,239.91934163155383,0.004,0.0,0.004,0.0017
2025-10-22,241.49414062499997,238.8452655139881,2.6489,7.0165,2.6489,1.0969
2025-10-23,240.21165466308597,240.30863658059388,0.097,0.0094,0.097,0.0404
2025-10-24,233.8390350341797,239.15807015776412,5.319,28.2921,5.319,2.2747
2025-10-27,237.60693359375003,233.4557429871893,4.1512,17.2324,4.1512,1.7471
2025-10-28,231.1150054931641,236.78045393087086,5.6654,32.0973,5.6654,2.4514
2025-10-29,230.0213928222656,230.7826295582927,0.7612,0.5795,0.7612,0.3309
2025-10-30,241.2058258056641,229.76406338680496,11.4418,130.9139,11.4418,4.7436
2025-10-31,240.42042541503903,239.39779022648966,1.0226,1.0458,1.0226,0.4254
2025-11-03,240.67892456054688,238.75290904146456,1.926,3.7095,1.926,0.8002
2025-11-04,242.8660888671875,239.210912483446,3.6552,13.3603,3.6552,1.505
2025-11-05,240.03271484375,241.29744630325877,1.2647,1.5995,1.2647,0.5269
2025-11-06,239.59527587890625,238.8972489606822,0.698,0.4872,0.698,0.2913
2025-11-07,237.4876251220703,238.5939784542934,1.1064,1.224,1.1064,0.4659
2025-11-10,240.00288391113284,236.68889446645153,3.314,10.9825,3.314,1.3808
2025-11-11,231.34364318847656,238.85012099777396,7.5065,56.3472,7.5065,3.2447
2025-11-12,227.26754760742188,230.9527619926057,3.6852,13.5808,3.6852,1.6215
2025-11-13,226.0049591064453,227.34145568250096,1.3365,1.7862,1.3365,0.5914
2025-11-14,231.6319580078125,226.04181561279984,5.5901,31.2497,5.5901,2.4134
2025-11-17,234.21681213378903,230.7312185423143,3.4856,12.1494,3.4856,1.4882
2025-11-18,237.32855224609372,232.81716935927213,4.5114,20.3526,4.5114,1.9009
2025-11-19,237.89523315429688,235.5968131204863,2.2984,5.2827,2.2984,0.9661
2025-11-20,236.88119506835935,236.25539791413576,0.6258,0.3916,0.6258,0.2642
2025-11-21,229.52430725097656,235.5542002249658,6.0299,36.3596,6.0299,2.6271
2025-11-24,227.0587615966797,229.0772214912795,2.0185,4.0742,2.0185,0.889
2025-11-25,230.04129028320312,226.94559232208303,3.0957,9.5833,3.0957,1.3457
2025-11-26,233.83903503417972,229.42368186484418,4.4154,19.4953,4.4154,1.8882
2025-11-28,241.99124145507807,232.5516615825336,9.4396,89.1057,9.4396,3.9008
2025-12-01,245.74920654296872,239.62291086423642,6.1263,37.5315,6.1263,2.4929
2025-12-02,249.45745849609375,243.1637390436117,6.2937,39.6109,6.2937,2.523
2025-12-03,258.9219665527344,246.85547391134602,12.0665,145.6002,12.0665,4.6603
2025-12-04,257.40087890625,255.556857702677,1.844,3.4004,1.844,0.7164
2025-12-05,257.81842041015625,254.90442783755134,2.914,8.4914,2.914,1.1302
2025-12-08,259.85650634765625,255.88874883238532,3.9678,15.7431,3.9678,1.5269
2025-12-09,261.3544311523437,258.0587691677356,3.2957,10.8614,3.2957,1.261
2025-12-10,262.0824890136719,259.62971974342867,2.4528,6.0161,2.4528,0.9359
2025-12-11,267.916748046875,260.44963787024426,7.4671,55.7577,7.4671,2.7871
2025-12-12,264.1568603515625,265.7317783205799,1.5749,2.4804,1.5749,0.5962
2025-12-15,271.89599609375,262.6025950628755,9.2934,86.3673,9.2934,3.418
2025-12-16,281.9488525390625,269.6206203849579,12.3282,151.9853,12.3282,4.3725
2025-12-17,279.9542236328125,278.58814682458615,1.3661,1.8662,1.3661,0.488
2025-12-18,275.9151306152344,277.38872992595134,1.4736,2.1715,1.4736,0.5341
2025-12-19,272.6239929199219,274.383777774141,1.7598,3.0968,1.7598,0.6455
2025-12-22,272.494384765625,271.80733394550225,0.6871,0.472,0.6871,0.2521
2025-12-23,278.5380554199219,271.74538811722596,6.7927,46.1403,6.7927,2.4387
2025-12-24,287.6933288574219,276.9604847966366,10.7328,115.1939,10.7328,3.7307
2025-12-26,287.33428955078125,284.9082422435458,2.426,5.8857,2.426,0.8443
2025-12-29,291.4033203125,284.913875710663,6.4894,42.1129,6.4894,2.227
2025-12-30,301.5858154296875,288.9199713990092,12.6658,160.4236,12.6658,4.1997
2025-12-31,293.2383728027344,298.1484788632006,4.9101,24.1091,4.9101,1.6744
2026-01-02,303.7001037597656,291.32361747380855,12.3765,153.1774,12.3765,4.0752
2026-01-05,299.0726318359375,301.01480814862043,1.9422,3.772,1.9422,0.6494
2026-01-06,279.90435791015625,297.2722473980466,17.3679,301.6436,17.3679,6.2049
2026-01-07,302.07452392578125,280.04423321108334,22.0303,485.3337,22.0303,7.293
2026-01-08,295.1432189941406,299.95691460919625,4.8137,23.1717,4.8137,1.631
2026-01-09,303.8896179199219,293.8177391899626,10.0719,101.4427,10.0719,3.3143
2026-01-12,299.03271484375,301.6791695640768,2.6465,7.0037,2.6465,0.885
2026-01-13,294.2855224609375,297.3785827695683,3.0931,9.567,3.0931,1.051
2026-01-14,296.89849853515625,293.15707120201114,3.7414,13.9983,3.7414,1.2602
2026-01-15,293.71710205078125,295.2810534317723,1.564,2.4459,1.564,0.5325
2026-01-16,288.10223388671875,292.1337076677155,4.0315,16.2528,4.0315,1.3993
2026-01-20,289.94726562499994,286.88937636153787,3.0579,9.3507,3.0579,1.0546
2026-01-21,294.1658630371094,288.3085670634173,5.8573,34.3079,5.8573,1.9912
2026-01-22,297.447021484375,291.7203744899489,5.7266,32.7945,5.7266,1.9253
2026-01-23,300.7181701660156,294.4756744496408,6.2425,38.9688,6.2425,2.0759
2026-01-26,304.2685852050781,297.4040573363891,6.8645,47.1217,6.8645,2.2561
2026-01-27,302.40362548828125,300.73456659392104,1.6691,2.7858,1.6691,0.5519
2026-01-28,299.6211242675781,299.37328348610754,0.2478,0.0614,0.2478,0.0827
2026-01-29,304.0391845703125,297.2234360634138,6.8157,46.4544,6.8157,2.2417
2026-01-30,293.25830078125,301.25571331059473,7.9974,63.9586,7.9974,2.7271
