Date,Predicted,Actual,MAPE,MAE,MSE,RMSE
2023-05-22,26748.39275305374,26851.27734,0.01734613567062663,1138.8722387801247,2973597.7208554912,1724.4122827373653
2023-05-23,26852.746088989246,27225.72656,0.01734613567062663,1138.8722387801247,2973597.7208554912,1724.4122827373653
2023-05-24,27217.066844793222,26334.81836,0.01734613567062663,1138.8722387801247,2973597.7208554912,1724.4122827373653
2023-05-25,26349.849916426552,26476.20703,0.01734613567062663,1138.8722387801247,2973597.7208554912,1724.4122827373653
2023-05-26,26476.802467313904,26719.29102,0.01734613567062663,1138.8722387801247,2973597.7208554912,1724.4122827373653
2023-05-27,26707.47720056842,26868.35352,0.01734613567062663,1138.8722387801247,2973597.7208554912,1724.4122827373653
2023-05-28,26841.868119117637,28085.64648,0.01734613567062663,1138.8722387801247,2973597.7208554912,1724.4122827373653
2023-05-29,28066.385897418437,27745.88477,0.01734613567062663,1138.8722387801247,2973597.7208554912,1724.4122827373653
2023-05-30,27773.88232620332,27702.34961,0.01734613567062663,1138.8722387801247,2973597.7208554912,1724.4122827373653
2023-05-31,27730.57359561933,27219.6582,0.01734613567062663,1138.8722387801247,2973597.7208554912,1724.4122827373653
2023-06-01,27261.139573573535,26819.97266,0.01734613567062663,1138.8722387801247,2973597.7208554912,1724.4122827373653
2023-06-02,26815.002746788796,27249.58984,0.01734613567062663,1138.8722387801247,2973597.7208554912,1724.4122827373653
2023-06-03,27224.884980178413,27075.12891,0.01734613567062663,1138.8722387801247,2973597.7208554912,1724.4122827373653
2023-06-04,27060.015205908992,27119.06641,0.01734613567062663,1138.8722387801247,2973597.7208554912,1724.4122827373653
2023-06-05,27113.4962998495,25760.09766,0.01734613567062663,1138.8722387801247,2973597.7208554912,1724.4122827373653
2023-06-06,25803.356417219966,27238.7832,0.01734613567062663,1138.8722387801247,2973597.7208554912,1724.4122827373653
2023-06-07,27186.072990199205,26345.99805,0.01734613567062663,1138.8722387801247,2973597.7208554912,1724.4122827373653
2023-06-08,26355.636700004598,26508.2168,0.01734613567062663,1138.8722387801247,2973597.7208554912,1724.4122827373653
2023-06-09,26484.44318777538,26480.375,0.01734613567062663,1138.8722387801247,2973597.7208554912,1724.4122827373653
2023-06-10,26509.905462002727,25851.24023,0.01734613567062663,1138.8722387801247,2973597.7208554912,1724.4122827373653
2023-06-11,25843.93542217465,25940.16797,0.01734613567062663,1138.8722387801247,2973597.7208554912,1724.4122827373653
2023-06-12,25936.94202778522,25902.5,0.01734613567062663,1138.8722387801247,2973597.7208554912,1724.4122827373653
2023-06-13,25890.65471246921,25918.72852,0.01734613567062663,1138.8722387801247,2973597.7208554912,1724.4122827373653
2023-06-14,25900.865140861955,25124.67578,0.01734613567062663,1138.8722387801247,2973597.7208554912,1724.4122827373653
2023-06-15,25147.65270752156,25576.39453,0.01734613567062663,1138.8722387801247,2973597.7208554912,1724.4122827373653
2023-06-16,25557.02461633522,26327.46289,0.01734613567062663,1138.8722387801247,2973597.7208554912,1724.4122827373653
2023-06-17,26295.74764624975,26510.67578,0.01734613567062663,1138.8722387801247,2973597.7208554912,1724.4122827373653
2023-06-18,26496.902560641895,26336.21289,0.01734613567062663,1138.8722387801247,2973597.7208554912,1724.4122827373653
2023-06-19,26371.062760846416,26851.0293,0.01734613567062663,1138.8722387801247,2973597.7208554912,1724.4122827373653
2023-06-20,26862.710414047557,28327.48828,0.01734613567062663,1138.8722387801247,2973597.7208554912,1724.4122827373653
2023-06-21,28295.37756235176,30027.29688,0.01734613567062663,1138.8722387801247,2973597.7208554912,1724.4122827373653
2023-06-22,30002.759967718743,29912.28125,0.01734613567062663,1138.8722387801247,2973597.7208554912,1724.4122827373653
2023-06-23,29975.179052270032,30695.46875,0.01734613567062663,1138.8722387801247,2973597.7208554912,1724.4122827373653
2023-06-24,30756.739468929612,30548.69531,0.01734613567062663,1138.8722387801247,2973597.7208554912,1724.4122827373653
2023-06-25,30610.07050622852,30480.26172,0.01734613567062663,1138.8722387801247,2973597.7208554912,1724.4122827373653
2023-06-26,30493.21804347967,30271.13086,0.01734613567062663,1138.8722387801247,2973597.7208554912,1724.4122827373653
2023-06-27,30297.085078659213,30688.16406,0.01734613567062663,1138.8722387801247,2973597.7208554912,1724.4122827373653
2023-06-28,30669.94110339756,30086.24609,0.01734613567062663,1138.8722387801247,2973597.7208554912,1724.4122827373653
2023-06-29,30098.579811544852,30445.35156,0.01734613567062663,1138.8722387801247,2973597.7208554912,1724.4122827373653
2023-06-30,30432.90805824149,30477.25195,0.01734613567062663,1138.8722387801247,2973597.7208554912,1724.4122827373653
2023-07-01,30480.409597134007,30590.07813,0.01734613567062663,1138.8722387801247,2973597.7208554912,1724.4122827373653
2023-07-02,30576.019962641025,30620.76953,0.01734613567062663,1138.8722387801247,2973597.7208554912,1724.4122827373653
2023-07-03,30632.921916931624,31156.43945,0.01734613567062663,1138.8722387801247,2973597.7208554912,1724.4122827373653
2023-07-04,31146.60299516368,30777.58203,0.01734613567062663,1138.8722387801247,2973597.7208554912,1724.4122827373653
2023-07-05,30796.135190284673,30514.16602,0.01734613567062663,1138.8722387801247,2973597.7208554912,1724.4122827373653
2023-07-06,30529.305065102042,29909.33789,0.01734613567062663,1138.8722387801247,2973597.7208554912,1724.4122827373653
2023-07-07,29931.206965434114,30342.26563,0.01734613567062663,1138.8722387801247,2973597.7208554912,1724.4122827373653
2023-07-08,30308.656682415392,30292.54102,0.01734613567062663,1138.8722387801247,2973597.7208554912,1724.4122827373653
2023-07-09,30277.17536061401,30171.23438,0.01734613567062663,1138.8722387801247,2973597.7208554912,1724.4122827373653
2023-07-10,30163.542915193728,30414.4707,0.01734613567062663,1138.8722387801247,2973597.7208554912,1724.4122827373653
2023-07-11,30419.85817375457,30620.95117,0.01734613567062663,1138.8722387801247,2973597.7208554912,1724.4122827373653
2023-07-12,30613.917737611762,30391.64648,0.01734613567062663,1138.8722387801247,2973597.7208554912,1724.4122827373653
2023-07-13,30400.39018379035,31476.04883,0.01734613567062663,1138.8722387801247,2973597.7208554912,1724.4122827373653
2023-07-14,31458.405153555763,30334.06836,0.01734613567062663,1138.8722387801247,2973597.7208554912,1724.4122827373653
2023-07-15,30375.41294644606,30295.80664,0.01734613567062663,1138.8722387801247,2973597.7208554912,1724.4122827373653
2023-07-16,30301.231846807103,30249.13281,0.01734613567062663,1138.8722387801247,2973597.7208554912,1724.4122827373653
2023-07-17,30260.72910376452,30145.88867,0.01734613567062663,1138.8722387801247,2973597.7208554912,1724.4122827373653
2023-07-18,30111.677455732053,29856.5625,0.01734613567062663,1138.8722387801247,2973597.7208554912,1724.4122827373653
2023-07-19,29860.937895767325,29913.92383,0.01734613567062663,1138.8722387801247,2973597.7208554912,1724.4122827373653
2023-07-20,29906.21441028125,29792.01563,0.01734613567062663,1138.8722387801247,2973597.7208554912,1724.4122827373653
2023-07-21,29786.554403178172,29908.74414,0.01734613567062663,1138.8722387801247,2973597.7208554912,1724.4122827373653
2023-07-22,29896.693908758283,29771.80273,0.01734613567062663,1138.8722387801247,2973597.7208554912,1724.4122827373653
2023-07-23,29775.737415388518,30084.53906,0.01734613567062663,1138.8722387801247,2973597.7208554912,1724.4122827373653
2023-07-24,30073.72709330771,29176.91602,0.01734613567062663,1138.8722387801247,2973597.7208554912,1724.4122827373653
2023-07-25,29204.33349080711,29227.39063,0.01734613567062663,1138.8722387801247,2973597.7208554912,1724.4122827373653
2023-07-26,29219.68797617438,29354.97266,0.01734613567062663,1138.8722387801247,2973597.7208554912,1724.4122827373653
2023-07-27,29343.507328420943,29210.68945,0.01734613567062663,1138.8722387801247,2973597.7208554912,1724.4122827373653
2023-07-28,29188.121796258856,29319.24609,0.01734613567062663,1138.8722387801247,2973597.7208554912,1724.4122827373653
2023-07-29,29319.270241208626,29356.91797,0.01734613567062663,1138.8722387801247,2973597.7208554912,1724.4122827373653
2023-07-30,29358.00010648125,29275.30859,0.01734613567062663,1138.8722387801247,2973597.7208554912,1724.4122827373653
2023-07-31,29275.46978033827,29230.11133,0.01734613567062663,1138.8722387801247,2973597.7208554912,1724.4122827373653
2023-08-01,29234.70990006396,29675.73242,0.01734613567062663,1138.8722387801247,2973597.7208554912,1724.4122827373653
2023-08-02,29663.221022973208,29151.95898,0.01734613567062663,1138.8722387801247,2973597.7208554912,1724.4122827373653
2023-08-03,29166.29106734095,29178.67969,0.01734613567062663,1138.8722387801247,2973597.7208554912,1724.4122827373653
2023-08-04,29180.832945905655,29074.0918,0.01734613567062663,1138.8722387801247,2973597.7208554912,1724.4122827373653
2023-08-05,29080.38194254812,29042.12695,0.01734613567062663,1138.8722387801247,2973597.7208554912,1724.4122827373653
2023-08-06,29026.103288343173,29041.85547,0.01734613567062663,1138.8722387801247,2973597.7208554912,1724.4122827373653
2023-08-07,29040.271022163568,29180.57813,0.01734613567062663,1138.8722387801247,2973597.7208554912,1724.4122827373653
2023-08-08,29173.009912559748,29765.49219,0.01734613567062663,1138.8722387801247,2973597.7208554912,1724.4122827373653
2023-08-09,29750.480285464033,29561.49414,0.01734613567062663,1138.8722387801247,2973597.7208554912,1724.4122827373653
2023-08-10,29575.055991958678,29429.5918,0.01734613567062663,1138.8722387801247,2973597.7208554912,1724.4122827373653
2023-08-11,29447.440409521303,29397.71484,0.01734613567062663,1138.8722387801247,2973597.7208554912,1724.4122827373653
2023-08-12,29411.51966111932,29415.96484,0.01734613567062663,1138.8722387801247,2973597.7208554912,1724.4122827373653
2023-08-13,29406.112265768814,29282.91406,0.01734613567062663,1138.8722387801247,2973597.7208554912,1724.4122827373653
2023-08-14,29281.77790349042,29408.44336,0.01734613567062663,1138.8722387801247,2973597.7208554912,1724.4122827373653
2023-08-15,29403.30544582509,29170.34766,0.01734613567062663,1138.8722387801247,2973597.7208554912,1724.4122827373653
2023-08-16,29175.60341100722,28701.7793,0.01734613567062663,1138.8722387801247,2973597.7208554912,1724.4122827373653
2023-08-17,28710.231045399865,26664.55078,0.01734613567062663,1138.8722387801247,2973597.7208554912,1724.4122827373653
2023-08-18,26711.519667190176,26049.55664,0.01734613567062663,1138.8722387801247,2973597.7208554912,1724.4122827373653
2023-08-19,26028.32081042311,26096.20508,0.01734613567062663,1138.8722387801247,2973597.7208554912,1724.4122827373653
2023-08-20,26033.026835370372,26189.58398,0.01734613567062663,1138.8722387801247,2973597.7208554912,1724.4122827373653
2023-08-21,26111.3681325636,26124.14063,0.01734613567062663,1138.8722387801247,2973597.7208554912,1724.4122827373653
2023-08-22,26108.315359820474,26031.65625,0.01734613567062663,1138.8722387801247,2973597.7208554912,1724.4122827373653
2023-08-23,26036.69395067915,26431.64063,0.01734613567062663,1138.8722387801247,2973597.7208554912,1724.4122827373653
2023-08-24,26422.37212553811,26162.37305,0.01734613567062663,1138.8722387801247,2973597.7208554912,1724.4122827373653
2023-08-25,26168.992549186733,26047.66797,0.01734613567062663,1138.8722387801247,2973597.7208554912,1724.4122827373653
2023-08-26,26053.170022616898,26008.46289,0.01734613567062663,1138.8722387801247,2973597.7208554912,1724.4122827373653
2023-08-27,26015.478298997656,26089.69336,0.01734613567062663,1138.8722387801247,2973597.7208554912,1724.4122827373653
2023-08-28,26076.516835598624,26106.15039,0.01734613567062663,1138.8722387801247,2973597.7208554912,1724.4122827373653
2023-08-29,26102.1136584912,27727.39258,0.01734613567062663,1138.8722387801247,2973597.7208554912,1724.4122827373653
2023-08-30,27687.385624653725,27297.26563,0.01734613567062663,1138.8722387801247,2973597.7208554912,1724.4122827373653
2023-08-31,27326.46742287228,25931.47266,0.01734613567062663,1138.8722387801247,2973597.7208554912,1724.4122827373653
2023-09-01,25995.1879253586,25800.72461,0.01734613567062663,1138.8722387801247,2973597.7208554912,1724.4122827373653
2023-09-02,25834.574106399123,25868.79883,0.01734613567062663,1138.8722387801247,2973597.7208554912,1724.4122827373653
2023-09-03,25825.330807277707,25969.56641,0.01734613567062663,1138.8722387801247,2973597.7208554912,1724.4122827373653
2023-09-04,25922.347125631877,25812.41602,0.01734613567062663,1138.8722387801247,2973597.7208554912,1724.4122827373653
2023-09-05,25814.434693690077,25779.98242,0.01734613567062663,1138.8722387801247,2973597.7208554912,1724.4122827373653
2023-09-06,25783.603967573126,25753.23633,0.01734613567062663,1138.8722387801247,2973597.7208554912,1724.4122827373653
2023-09-07,25753.67151504936,26240.19531,0.01734613567062663,1138.8722387801247,2973597.7208554912,1724.4122827373653
2023-09-08,26222.256244015505,25905.6543,0.01734613567062663,1138.8722387801247,2973597.7208554912,1724.4122827373653
2023-09-09,25916.560602231446,25895.67773,0.01734613567062663,1138.8722387801247,2973597.7208554912,1724.4122827373653
2023-09-10,25901.92626644629,25832.22656,0.01734613567062663,1138.8722387801247,2973597.7208554912,1724.4122827373653
2023-09-11,25842.392887382834,25162.6543,0.01734613567062663,1138.8722387801247,2973597.7208554912,1724.4122827373653
2023-09-12,25168.212294090008,25833.34375,0.01734613567062663,1138.8722387801247,2973597.7208554912,1724.4122827373653
2023-09-13,25809.254307396794,26228.32422,0.01734613567062663,1138.8722387801247,2973597.7208554912,1724.4122827373653
2023-09-14,26208.666320115135,26539.67383,0.01734613567062663,1138.8722387801247,2973597.7208554912,1724.4122827373653
2023-09-15,26527.621338052395,26608.69336,0.01734613567062663,1138.8722387801247,2973597.7208554912,1724.4122827373653
2023-09-16,26638.22448818422,26568.28125,0.01734613567062663,1138.8722387801247,2973597.7208554912,1724.4122827373653
2023-09-17,26588.28564850186,26534.1875,0.01734613567062663,1138.8722387801247,2973597.7208554912,1724.4122827373653
2023-09-18,26545.727823995563,26754.28125,0.01734613567062663,1138.8722387801247,2973597.7208554912,1724.4122827373653
2023-09-19,26749.83976177727,27211.11719,0.01734613567062663,1138.8722387801247,2973597.7208554912,1724.4122827373653
2023-09-20,27199.62635035176,27132.00781,0.01734613567062663,1138.8722387801247,2973597.7208554912,1724.4122827373653
2023-09-21,27141.079932802662,26567.63281,0.01734613567062663,1138.8722387801247,2973597.7208554912,1724.4122827373653
2023-09-22,26596.903077203606,26579.56836,0.01734613567062663,1138.8722387801247,2973597.7208554912,1724.4122827373653
2023-09-23,26587.285507465218,26579.39063,0.01734613567062663,1138.8722387801247,2973597.7208554912,1724.4122827373653
2023-09-24,26565.918236022262,26256.82617,0.01734613567062663,1138.8722387801247,2973597.7208554912,1724.4122827373653
2023-09-25,26247.553389553635,26298.48047,0.01734613567062663,1138.8722387801247,2973597.7208554912,1724.4122827373653
2023-09-26,26295.16248742451,26217.25,0.01734613567062663,1138.8722387801247,2973597.7208554912,1724.4122827373653
2023-09-27,26213.231967879714,26352.7168,0.01734613567062663,1138.8722387801247,2973597.7208554912,1724.4122827373653
2023-09-28,26339.465149916454,27021.54688,0.01734613567062663,1138.8722387801247,2973597.7208554912,1724.4122827373653
2023-09-29,27005.68299703702,26911.7207,0.01734613567062663,1138.8722387801247,2973597.7208554912,1724.4122827373653
2023-09-30,26920.097812242584,26967.91602,0.01734613567062663,1138.8722387801247,2973597.7208554912,1724.4122827373653
2023-10-01,26983.03781469799,27983.75,0.01734613567062663,1138.8722387801247,2973597.7208554912,1724.4122827373653
2023-10-02,27977.452680400515,27530.78516,0.01734613567062663,1138.8722387801247,2973597.7208554912,1724.4122827373653
2023-10-03,27548.179322325163,27429.97852,0.01734613567062663,1138.8722387801247,2973597.7208554912,1724.4122827373653
2023-10-04,27451.036430687578,27799.39453,0.01734613567062663,1138.8722387801247,2973597.7208554912,1724.4122827373653
2023-10-05,27811.517872570934,27415.91211,0.01734613567062663,1138.8722387801247,2973597.7208554912,1724.4122827373653
2023-10-06,27412.56973723934,27946.59766,0.01734613567062663,1138.8722387801247,2973597.7208554912,1724.4122827373653
2023-10-07,27934.49164862217,27968.83984,0.01734613567062663,1138.8722387801247,2973597.7208554912,1724.4122827373653
2023-10-08,27976.079513259207,27935.08984,0.01734613567062663,1138.8722387801247,2973597.7208554912,1724.4122827373653
2023-10-09,27935.20406649033,27583.67773,0.01734613567062663,1138.8722387801247,2973597.7208554912,1724.4122827373653
2023-10-10,27609.015391675206,27391.01953,0.01734613567062663,1138.8722387801247,2973597.7208554912,1724.4122827373653
2023-10-11,27393.032237876636,26873.32031,0.01734613567062663,1138.8722387801247,2973597.7208554912,1724.4122827373653
2023-10-12,26876.622440462605,26756.79883,0.01734613567062663,1138.8722387801247,2973597.7208554912,1724.4122827373653
2023-10-13,26740.814235374768,26862.375,0.01734613567062663,1138.8722387801247,2973597.7208554912,1724.4122827373653
2023-10-14,26842.36329983525,26861.70703,0.01734613567062663,1138.8722387801247,2973597.7208554912,1724.4122827373653
2023-10-15,26844.393015774105,27159.65234,0.01734613567062663,1138.8722387801247,2973597.7208554912,1724.4122827373653
2023-10-16,27150.73448464925,28519.4668,0.01734613567062663,1138.8722387801247,2973597.7208554912,1724.4122827373653
2023-10-17,28491.15665609539,28415.74805,0.01734613567062663,1138.8722387801247,2973597.7208554912,1724.4122827373653
2023-10-18,28435.51958901215,28328.3418,0.01734613567062663,1138.8722387801247,2973597.7208554912,1724.4122827373653
2023-10-19,28366.387236992206,28719.80664,0.01734613567062663,1138.8722387801247,2973597.7208554912,1724.4122827373653
2023-10-20,28748.59722729026,29682.94922,0.01734613567062663,1138.8722387801247,2973597.7208554912,1724.4122827373653
2023-10-21,29657.13646976329,29918.41211,0.01734613567062663,1138.8722387801247,2973597.7208554912,1724.4122827373653
2023-10-22,29925.718477016577,29993.89648,0.01734613567062663,1138.8722387801247,2973597.7208554912,1724.4122827373653
2023-10-23,30025.890891223367,33086.23438,0.01734613567062663,1138.8722387801247,2973597.7208554912,1724.4122827373653
2023-10-24,33046.437347646715,33901.52734,0.01734613567062663,1138.8722387801247,2973597.7208554912,1724.4122827373653
2023-10-25,33918.33115946366,34502.82031,0.01734613567062663,1138.8722387801247,2973597.7208554912,1724.4122827373653
2023-10-26,34567.66149481729,34156.64844,0.01734613567062663,1138.8722387801247,2973597.7208554912,1724.4122827373653
2023-10-27,34287.153903977014,33909.80078,0.01734613567062663,1138.8722387801247,2973597.7208554912,1724.4122827373653
2023-10-28,33950.87579890511,34089.57422,0.01734613567062663,1138.8722387801247,2973597.7208554912,1724.4122827373653
2023-10-29,34094.73382595169,34538.48047,0.01734613567062663,1138.8722387801247,2973597.7208554912,1724.4122827373653
2023-10-30,34513.504794748114,34502.36328,0.01734613567062663,1138.8722387801247,2973597.7208554912,1724.4122827373653
2023-10-31,34503.29975929081,34667.78125,0.01734613567062663,1138.8722387801247,2973597.7208554912,1724.4122827373653
2023-11-01,34678.91139087207,35437.25391,0.01734613567062663,1138.8722387801247,2973597.7208554912,1724.4122827373653
2023-11-02,35434.522946347664,34938.24219,0.01734613567062663,1138.8722387801247,2973597.7208554912,1724.4122827373653
2023-11-03,34959.265379912445,34732.32422,0.01734613567062663,1138.8722387801247,2973597.7208554912,1724.4122827373653
2023-11-04,34754.37767717099,35082.19531,0.01734613567062663,1138.8722387801247,2973597.7208554912,1724.4122827373653
2023-11-05,35085.83304548198,35049.35547,0.01734613567062663,1138.8722387801247,2973597.7208554912,1724.4122827373653
2023-11-06,35032.981206198485,35037.37109,0.01734613567062663,1138.8722387801247,2973597.7208554912,1724.4122827373653
2023-11-07,35038.399684664226,35443.5625,0.01734613567062663,1138.8722387801247,2973597.7208554912,1724.4122827373653
2023-11-08,35444.38232101945,35655.27734,0.01734613567062663,1138.8722387801247,2973597.7208554912,1724.4122827373653
2023-11-09,35652.7033181758,36693.125,0.01734613567062663,1138.8722387801247,2973597.7208554912,1724.4122827373653
2023-11-10,36679.55708691539,37313.96875,0.01734613567062663,1138.8722387801247,2973597.7208554912,1724.4122827373653
2023-11-11,37326.914227978246,37138.05078,0.01734613567062663,1138.8722387801247,2973597.7208554912,1724.4122827373653
2023-11-12,37177.05746673005,37054.51953,0.01734613567062663,1138.8722387801247,2973597.7208554912,1724.4122827373653
2023-11-13,37101.1204346997,36502.35547,0.01734613567062663,1138.8722387801247,2973597.7208554912,1724.4122827373653
2023-11-14,36529.79408007738,35537.64063,0.01734613567062663,1138.8722387801247,2973597.7208554912,1724.4122827373653
2023-11-15,35546.988278758974,37880.58203,0.01734613567062663,1138.8722387801247,2973597.7208554912,1724.4122827373653
2023-11-16,37802.589156734764,36154.76953,0.01734613567062663,1138.8722387801247,2973597.7208554912,1724.4122827373653
2023-11-17,36182.23004240973,36596.68359,0.01734613567062663,1138.8722387801247,2973597.7208554912,1724.4122827373653
2023-11-18,36589.83719277538,36585.70313,0.01734613567062663,1138.8722387801247,2973597.7208554912,1724.4122827373653
2023-11-19,36624.82747909984,37386.54688,0.01734613567062663,1138.8722387801247,2973597.7208554912,1724.4122827373653
2023-11-20,37320.45775706096,37476.95703,0.01734613567062663,1138.8722387801247,2973597.7208554912,1724.4122827373653
2023-11-21,37496.262109883915,35813.8125,0.01734613567062663,1138.8722387801247,2973597.7208554912,1724.4122827373653
2023-11-22,35874.300798430675,37432.33984,0.01734613567062663,1138.8722387801247,2973597.7208554912,1724.4122827373653
2023-11-23,37399.92445744903,37289.62109,0.01734613567062663,1138.8722387801247,2973597.7208554912,1724.4122827373653
2023-11-24,37275.19989905875,37720.28125,0.01734613567062663,1138.8722387801247,2973597.7208554912,1724.4122827373653
2023-11-25,37690.08029953398,37796.79297,0.01734613567062663,1138.8722387801247,2973597.7208554912,1724.4122827373653
2023-11-26,37846.14122364179,37479.12109,0.01734613567062663,1138.8722387801247,2973597.7208554912,1724.4122827373653
2023-11-27,37493.406036166765,37254.16797,0.01734613567062663,1138.8722387801247,2973597.7208554912,1724.4122827373653
2023-11-28,37272.13984506405,37831.08594,0.01734613567062663,1138.8722387801247,2973597.7208554912,1724.4122827373653
2023-11-29,37808.73370803459,37858.49219,0.01734613567062663,1138.8722387801247,2973597.7208554912,1724.4122827373653
2023-11-30,37848.57866343926,37712.74609,0.01734613567062663,1138.8722387801247,2973597.7208554912,1724.4122827373653
2023-12-01,37722.45010741355,38688.75,0.01734613567062663,1138.8722387801247,2973597.7208554912,1724.4122827373653
2023-12-02,38679.104999824376,39476.33203,0.01734613567062663,1138.8722387801247,2973597.7208554912,1724.4122827373653
2023-12-03,39462.034287410745,39978.39063,0.01734613567062663,1138.8722387801247,2973597.7208554912,1724.4122827373653
2023-12-04,39989.38710631912,41980.09766,0.01734613567062663,1138.8722387801247,2973597.7208554912,1724.4122827373653
2023-12-05,41981.01944039511,44080.64844,0.01734613567062663,1138.8722387801247,2973597.7208554912,1724.4122827373653
2023-12-06,44089.07254563897,43746.44531,0.01734613567062663,1138.8722387801247,2973597.7208554912,1724.4122827373653
2023-12-07,43840.29572411245,43292.66406,0.01734613567062663,1138.8722387801247,2973597.7208554912,1724.4122827373653
2023-12-08,43411.930919610415,44166.60156,0.01734613567062663,1138.8722387801247,2973597.7208554912,1724.4122827373653
2023-12-09,44200.629600800465,43725.98438,0.01734613567062663,1138.8722387801247,2973597.7208554912,1724.4122827373653
2023-12-10,43724.360788511396,43779.69922,0.01734613567062663,1138.8722387801247,2973597.7208554912,1724.4122827373653
2023-12-11,43780.178040165985,41243.83203,0.01734613567062663,1138.8722387801247,2973597.7208554912,1724.4122827373653
2023-12-12,41325.92225463411,41450.22266,0.01734613567062663,1138.8722387801247,2973597.7208554912,1724.4122827373653
2023-12-13,41404.74584267461,42890.74219,0.01734613567062663,1138.8722387801247,2973597.7208554912,1724.4122827373653
2023-12-14,42800.76957125053,43023.97266,0.01734613567062663,1138.8722387801247,2973597.7208554912,1724.4122827373653
2023-12-15,42956.48270338906,41929.75781,0.01734613567062663,1138.8722387801247,2973597.7208554912,1724.4122827373653
2023-12-16,41997.20080527095,42240.11719,0.01734613567062663,1138.8722387801247,2973597.7208554912,1724.4122827373653
2023-12-17,42274.63776462262,41364.66406,0.01734613567062663,1138.8722387801247,2973597.7208554912,1724.4122827373653
2023-12-18,41369.182139270866,42623.53906,0.01734613567062663,1138.8722387801247,2973597.7208554912,1724.4122827373653
2023-12-19,42554.19623213479,42270.52734,0.01734613567062663,1138.8722387801247,2973597.7208554912,1724.4122827373653
2023-12-20,42282.146099173435,43652.25,0.01734613567062663,1138.8722387801247,2973597.7208554912,1724.4122827373653
2023-12-21,43610.36190735924,43869.15234,0.01734613567062663,1138.8722387801247,2973597.7208554912,1724.4122827373653
2023-12-22,43911.21754136836,43997.90234,0.01734613567062663,1138.8722387801247,2973597.7208554912,1724.4122827373653
2023-12-23,44014.47156353948,43739.54297,0.01734613567062663,1138.8722387801247,2973597.7208554912,1724.4122827373653
2023-12-24,43798.0517634423,43016.11719,0.01734613567062663,1138.8722387801247,2973597.7208554912,1724.4122827373653
2023-12-25,43042.07379279923,43613.14063,0.01734613567062663,1138.8722387801247,2973597.7208554912,1724.4122827373653
2023-12-26,43589.41940357599,42520.40234,0.01734613567062663,1138.8722387801247,2973597.7208554912,1724.4122827373653
2023-12-27,42531.26815115429,43442.85547,0.01734613567062663,1138.8722387801247,2973597.7208554912,1724.4122827373653
2023-12-28,43395.859988049444,42627.85547,0.01734613567062663,1138.8722387801247,2973597.7208554912,1724.4122827373653
2023-12-29,42656.73217250648,42099.40234,0.01734613567062663,1138.8722387801247,2973597.7208554912,1724.4122827373653
2023-12-30,42088.73174199306,42156.90234,0.01734613567062663,1138.8722387801247,2973597.7208554912,1724.4122827373653
2023-12-31,42162.88123299209,42265.1875,0.01734613567062663,1138.8722387801247,2973597.7208554912,1724.4122827373653
2024-01-01,42225.07080088252,44167.33203,0.01734613567062663,1138.8722387801247,2973597.7208554912,1724.4122827373653
2024-01-02,44101.81984542101,44957.96875,0.01734613567062663,1138.8722387801247,2973597.7208554912,1724.4122827373653
2024-01-03,44961.41011884744,42848.17578,0.01734613567062663,1138.8722387801247,2973597.7208554912,1724.4122827373653
2024-01-04,42953.673908479286,44179.92188,0.01734613567062663,1138.8722387801247,2973597.7208554912,1724.4122827373653
2024-01-05,44201.12850525516,44162.69141,0.01734613567062663,1138.8722387801247,2973597.7208554912,1724.4122827373653
2024-01-06,44154.981473116466,43989.19531,0.01734613567062663,1138.8722387801247,2973597.7208554912,1724.4122827373653
2024-01-07,43955.802006847654,43943.09766,0.01734613567062663,1138.8722387801247,2973597.7208554912,1724.4122827373653
2024-01-08,43984.75217894153,46970.50391,0.01734613567062663,1138.8722387801247,2973597.7208554912,1724.4122827373653
2024-01-09,46880.35432801175,46139.73047,0.01734613567062663,1138.8722387801247,2973597.7208554912,1724.4122827373653
2024-01-10,46183.36014970942,46627.77734,0.01734613567062663,1138.8722387801247,2973597.7208554912,1724.4122827373653
2024-01-11,46669.99146739379,46368.58594,0.01734613567062663,1138.8722387801247,2973597.7208554912,1724.4122827373653
2024-01-12,46464.96831776341,42853.16797,0.01734613567062663,1138.8722387801247,2973597.7208554912,1724.4122827373653
2024-01-13,42940.22025572008,42842.38281,0.01734613567062663,1138.8722387801247,2973597.7208554912,1724.4122827373653
2024-01-14,42820.31896481263,41796.26953,0.01734613567062663,1138.8722387801247,2973597.7208554912,1724.4122827373653
2024-01-15,41739.06648718089,42511.96875,0.01734613567062663,1138.8722387801247,2973597.7208554912,1724.4122827373653
2024-01-16,42381.252136447474,43154.94531,0.01734613567062663,1138.8722387801247,2973597.7208554912,1724.4122827373653
2024-01-17,43120.87116227165,42742.65234,0.01734613567062663,1138.8722387801247,2973597.7208554912,1724.4122827373653
2024-01-18,42748.28928092322,41262.05859,0.01734613567062663,1138.8722387801247,2973597.7208554912,1724.4122827373653
2024-01-19,41333.96692108303,41618.40625,0.01734613567062663,1138.8722387801247,2973597.7208554912,1724.4122827373653
2024-01-20,41603.382664399745,41665.58594,0.01734613567062663,1138.8722387801247,2973597.7208554912,1724.4122827373653
2024-01-21,41624.81869385146,41545.78516,0.01734613567062663,1138.8722387801247,2973597.7208554912,1724.4122827373653
2024-01-22,41516.236572017886,39507.36719,0.01734613567062663,1138.8722387801247,2973597.7208554912,1724.4122827373653
2024-01-23,39576.37276959602,39845.55078,0.01734613567062663,1138.8722387801247,2973597.7208554912,1724.4122827373653
2024-01-24,39815.904968525356,40077.07422,0.01734613567062663,1138.8722387801247,2973597.7208554912,1724.4122827373653
2024-01-25,40027.31372545173,39933.80859,0.01734613567062663,1138.8722387801247,2973597.7208554912,1724.4122827373653
2024-01-26,39887.68675891842,41816.87109,0.01734613567062663,1138.8722387801247,2973597.7208554912,1724.4122827373653
2024-01-27,41774.817568534156,42120.05469,0.01734613567062663,1138.8722387801247,2973597.7208554912,1724.4122827373653
2024-01-28,42131.76861713585,42035.59375,0.01734613567062663,1138.8722387801247,2973597.7208554912,1724.4122827373653
2024-01-29,42076.90603659471,43288.24609,0.01734613567062663,1138.8722387801247,2973597.7208554912,1724.4122827373653
2024-01-30,43309.41962718809,42952.60938,0.01734613567062663,1138.8722387801247,2973597.7208554912,1724.4122827373653
2024-01-31,42980.262046134936,42582.60547,0.01734613567062663,1138.8722387801247,2973597.7208554912,1724.4122827373653
2024-02-01,42615.99440712763,43075.77344,0.01734613567062663,1138.8722387801247,2973597.7208554912,1724.4122827373653
2024-02-02,43084.22926121606,43185.85938,0.01734613567062663,1138.8722387801247,2973597.7208554912,1724.4122827373653
2024-02-03,43169.65694379358,42992.25,0.01734613567062663,1138.8722387801247,2973597.7208554912,1724.4122827373653
2024-02-04,43000.016844118625,42583.58203,0.01734613567062663,1138.8722387801247,2973597.7208554912,1724.4122827373653
2024-02-05,42609.58484358817,42658.66797,0.01734613567062663,1138.8722387801247,2973597.7208554912,1724.4122827373653
2024-02-06,42651.48868960476,43084.67188,0.01734613567062663,1138.8722387801247,2973597.7208554912,1724.4122827373653
2024-02-07,43058.51243765697,44318.22266,0.01734613567062663,1138.8722387801247,2973597.7208554912,1724.4122827373653
2024-02-08,44277.05300385401,45301.56641,0.01734613567062663,1138.8722387801247,2973597.7208554912,1724.4122827373653
2024-02-09,45296.450401435075,47147.19922,0.01734613567062663,1138.8722387801247,2973597.7208554912,1724.4122827373653
2024-02-10,47146.06358426651,47771.27734,0.01734613567062663,1138.8722387801247,2973597.7208554912,1724.4122827373653
2024-02-11,47829.72793732741,48293.91797,0.01734613567062663,1138.8722387801247,2973597.7208554912,1724.4122827373653
2024-02-12,48356.411966482316,49958.22266,0.01734613567062663,1138.8722387801247,2973597.7208554912,1724.4122827373653
2024-02-13,49987.44310148822,49742.44141,0.01734613567062663,1138.8722387801247,2973597.7208554912,1724.4122827373653
2024-02-14,49797.17619968728,51826.69531,0.01734613567062663,1138.8722387801247,2973597.7208554912,1724.4122827373653
2024-02-15,51825.00089417379,51938.55469,0.01734613567062663,1138.8722387801247,2973597.7208554912,1724.4122827373653
2024-02-16,52004.29188261503,52160.20313,0.01734613567062663,1138.8722387801247,2973597.7208554912,1724.4122827373653
2024-02-17,52202.18443036263,51662.99609,0.01734613567062663,1138.8722387801247,2973597.7208554912,1724.4122827373653
2024-02-18,51741.36808311671,52122.54688,0.01734613567062663,1138.8722387801247,2973597.7208554912,1724.4122827373653
2024-02-19,52112.509080549324,51779.14453,0.01734613567062663,1138.8722387801247,2973597.7208554912,1724.4122827373653
2024-02-20,51788.495965221,52284.875,0.01734613567062663,1138.8722387801247,2973597.7208554912,1724.4122827373653
2024-02-21,52263.66024752444,51839.17969,0.01734613567062663,1138.8722387801247,2973597.7208554912,1724.4122827373653
2024-02-22,51862.845201928554,51304.97266,0.01734613567062663,1138.8722387801247,2973597.7208554912,1724.4122827373653
2024-02-23,51315.9251574318,50731.94922,0.01734613567062663,1138.8722387801247,2973597.7208554912,1724.4122827373653
2024-02-24,50743.92021929353,51571.10156,0.01734613567062663,1138.8722387801247,2973597.7208554912,1724.4122827373653
2024-02-25,51515.054692888465,51733.23828,0.01734613567062663,1138.8722387801247,2973597.7208554912,1724.4122827373653
2024-02-26,51710.34760797003,54522.40234,0.01734613567062663,1138.8722387801247,2973597.7208554912,1724.4122827373653
2024-02-27,54454.04938267926,57085.37109,0.01734613567062663,1138.8722387801247,2973597.7208554912,1724.4122827373653
2024-02-28,57093.57877634925,62504.78906,0.01734613567062663,1138.8722387801247,2973597.7208554912,1724.4122827373653
2024-02-29,62544.98068886374,61198.38281,0.01734613567062663,1138.8722387801247,2973597.7208554912,1724.4122827373653
2024-03-01,61474.21376133695,62440.63281,0.01734613567062663,1138.8722387801247,2973597.7208554912,1724.4122827373653
2024-03-02,62597.64947051201,62029.84766,0.01734613567062663,1138.8722387801247,2973597.7208554912,1724.4122827373653
2024-03-03,62199.196061128314,63167.37109,0.01734613567062663,1138.8722387801247,2973597.7208554912,1724.4122827373653
2024-03-04,63119.691863169675,68330.41406,0.01734613567062663,1138.8722387801247,2973597.7208554912,1724.4122827373653
2024-03-05,68287.5608885727,63801.19922,0.01734613567062663,1138.8722387801247,2973597.7208554912,1724.4122827373653
2024-03-06,64052.781957841165,66106.80469,0.01734613567062663,1138.8722387801247,2973597.7208554912,1724.4122827373653
2024-03-07,66092.84866769002,66925.48438,0.01734613567062663,1138.8722387801247,2973597.7208554912,1724.4122827373653
2024-03-08,66959.15727022315,68300.09375,0.01734613567062663,1138.8722387801247,2973597.7208554912,1724.4122827373653
2024-03-09,68201.53101608508,68498.88281,0.01734613567062663,1138.8722387801247,2973597.7208554912,1724.4122827373653
2024-03-10,68616.66870303222,69019.78906,0.01734613567062663,1138.8722387801247,2973597.7208554912,1724.4122827373653
2024-03-11,69070.5391756375,72123.90625,0.01734613567062663,1138.8722387801247,2973597.7208554912,1724.4122827373653
2024-03-12,72090.34036626611,71481.28906,0.01734613567062663,1138.8722387801247,2973597.7208554912,1724.4122827373653
2024-03-13,71599.63703402833,73083.5,0.01734613567062663,1138.8722387801247,2973597.7208554912,1724.4122827373653
2024-03-14,73123.24343233672,71396.59375,0.01734613567062663,1138.8722387801247,2973597.7208554912,1724.4122827373653
2024-03-15,71573.03279696924,69403.77344,0.01734613567062663,1138.8722387801247,2973597.7208554912,1724.4122827373653
2024-03-16,69449.5369440485,65315.11719,0.01734613567062663,1138.8722387801247,2973597.7208554912,1724.4122827373653
2024-03-17,65374.16206471611,68390.625,0.01734613567062663,1138.8722387801247,2973597.7208554912,1724.4122827373653
2024-03-18,68085.86248516635,67548.59375,0.01734613567062663,1138.8722387801247,2973597.7208554912,1724.4122827373653
2024-03-19,67502.81902566797,61912.77344,0.01734613567062663,1138.8722387801247,2973597.7208554912,1724.4122827373653
2024-03-20,62031.39450938077,67913.67188,0.01734613567062663,1138.8722387801247,2973597.7208554912,1724.4122827373653
2024-03-21,67582.92176492327,65491.39063,0.01734613567062663,1138.8722387801247,2973597.7208554912,1724.4122827373653
2024-03-22,65495.0290563081,63778.76172,0.01734613567062663,1138.8722387801247,2973597.7208554912,1724.4122827373653
2024-03-23,63955.96954943387,64062.20313,0.01734613567062663,1138.8722387801247,2973597.7208554912,1724.4122827373653
2024-03-24,64052.190683776484,67234.17188,0.01734613567062663,1138.8722387801247,2973597.7208554912,1724.4122827373653
2024-03-25,66926.42322973933,69958.8125,0.01734613567062663,1138.8722387801247,2973597.7208554912,1724.4122827373653
2024-03-26,69846.12691653184,69987.83594,0.01734613567062663,1138.8722387801247,2973597.7208554912,1724.4122827373653
2024-03-27,70168.30946178743,69455.34375,0.01734613567062663,1138.8722387801247,2973597.7208554912,1724.4122827373653
2024-03-28,69680.03082417724,70744.95313,0.01734613567062663,1138.8722387801247,2973597.7208554912,1724.4122827373653
2024-03-29,70761.02595698238,69892.82813,0.01734613567062663,1138.8722387801247,2973597.7208554912,1724.4122827373653
2024-03-30,69931.83142411843,69645.30469,0.01734613567062663,1138.8722387801247,2973597.7208554912,1724.4122827373653
2024-03-31,69680.85158449117,71333.64844,0.01734613567062663,1138.8722387801247,2973597.7208554912,1724.4122827373653
2024-04-01,71252.8122095459,69702.14844,0.01734613567062663,1138.8722387801247,2973597.7208554912,1724.4122827373653
2024-04-02,69771.08608045241,65446.97266,0.01734613567062663,1138.8722387801247,2973597.7208554912,1724.4122827373653
2024-04-03,65683.68371727159,65980.8125,0.01734613567062663,1138.8722387801247,2973597.7208554912,1724.4122827373653
2024-04-04,65885.75010811484,68508.84375,0.01734613567062663,1138.8722387801247,2973597.7208554912,1724.4122827373653
2024-04-05,68171.9860351162,67837.64063,0.01734613567062663,1138.8722387801247,2973597.7208554912,1724.4122827373653
2024-04-06,67772.99466128371,68896.10938,0.01734613567062663,1138.8722387801247,2973597.7208554912,1724.4122827373653
2024-04-07,68963.7929849563,69362.55469,0.01734613567062663,1138.8722387801247,2973597.7208554912,1724.4122827373653
2024-04-08,69397.47255509521,71631.35938,0.01734613567062663,1138.8722387801247,2973597.7208554912,1724.4122827373653
2024-04-09,71555.50217244642,69139.01563,0.01734613567062663,1138.8722387801247,2973597.7208554912,1724.4122827373653
2024-04-10,69331.13827602507,70587.88281,0.01734613567062663,1138.8722387801247,2973597.7208554912,1724.4122827373653
2024-04-11,70601.76090548688,70060.60938,0.01734613567062663,1138.8722387801247,2973597.7208554912,1724.4122827373653
2024-04-12,70076.15580541908,67195.86719,0.01734613567062663,1138.8722387801247,2973597.7208554912,1724.4122827373653
2024-04-13,67316.06919246055,63821.47266,0.01734613567062663,1138.8722387801247,2973597.7208554912,1724.4122827373653
2024-04-14,63972.02796797195,65738.72656,0.01734613567062663,1138.8722387801247,2973597.7208554912,1724.4122827373653
2024-04-15,65487.48744593625,63426.21094,0.01734613567062663,1138.8722387801247,2973597.7208554912,1724.4122827373653
2024-04-16,63307.79148468333,63811.86328,0.01734613567062663,1138.8722387801247,2973597.7208554912,1724.4122827373653
2024-04-17,63731.44394793718,61276.69141,0.01734613567062663,1138.8722387801247,2973597.7208554912,1724.4122827373653
2024-04-18,61385.61170149636,63512.75391,0.01734613567062663,1138.8722387801247,2973597.7208554912,1724.4122827373653
2024-04-19,63286.596919241136,63843.57031,0.01734613567062663,1138.8722387801247,2973597.7208554912,1724.4122827373653
2024-04-20,63769.609964808675,64994.44141,0.01734613567062663,1138.8722387801247,2973597.7208554912,1724.4122827373653
2024-04-21,64924.49798050361,64926.64453,0.01734613567062663,1138.8722387801247,2973597.7208554912,1724.4122827373653
2024-04-22,65047.39403600854,66837.67969,0.01734613567062663,1138.8722387801247,2973597.7208554912,1724.4122827373653
2024-04-23,66797.43166173076,66407.27344,0.01734613567062663,1138.8722387801247,2973597.7208554912,1724.4122827373653
2024-04-24,66501.60895908727,64276.89844,0.01734613567062663,1138.8722387801247,2973597.7208554912,1724.4122827373653
2024-04-25,64450.52081874874,64481.70703,0.01734613567062663,1138.8722387801247,2973597.7208554912,1724.4122827373653
2024-04-26,64505.514142241926,63755.32031,0.01734613567062663,1138.8722387801247,2973597.7208554912,1724.4122827373653
2024-04-27,63695.90545842696,63419.14063,0.01734613567062663,1138.8722387801247,2973597.7208554912,1724.4122827373653
2024-04-28,63349.5238658941,63113.23047,0.01734613567062663,1138.8722387801247,2973597.7208554912,1724.4122827373653
2024-04-29,63104.46074571242,63841.12109,0.01734613567062663,1138.8722387801247,2973597.7208554912,1724.4122827373653
2024-04-30,63757.87006524101,60636.85547,0.01734613567062663,1138.8722387801247,2973597.7208554912,1724.4122827373653
2024-05-01,60787.19980706904,58254.01172,0.01734613567062663,1138.8722387801247,2973597.7208554912,1724.4122827373653
2024-05-02,58344.6921333789,59123.43359,0.01734613567062663,1138.8722387801247,2973597.7208554912,1724.4122827373653
2024-05-03,58955.99186690264,62889.83594,0.01734613567062663,1138.8722387801247,2973597.7208554912,1724.4122827373653
2024-05-04,62497.888426516845,63891.47266,0.01734613567062663,1138.8722387801247,2973597.7208554912,1724.4122827373653
2024-05-05,63809.4196430093,64031.13281,0.01734613567062663,1138.8722387801247,2973597.7208554912,1724.4122827373653
2024-05-06,64192.21018941964,63161.94922,0.01734613567062663,1138.8722387801247,2973597.7208554912,1724.4122827373653
2024-05-07,63384.003533782234,62334.81641,0.01734613567062663,1138.8722387801247,2973597.7208554912,1724.4122827373653
2024-05-08,62407.84103453815,61187.94141,0.01734613567062663,1138.8722387801247,2973597.7208554912,1724.4122827373653
2024-05-09,61211.116625119554,63049.96094,0.01734613567062663,1138.8722387801247,2973597.7208554912,1724.4122827373653
2024-05-10,62897.413919283405,60792.77734,0.01734613567062663,1138.8722387801247,2973597.7208554912,1724.4122827373653
2024-05-11,60849.58869672888,60793.71094,0.01734613567062663,1138.8722387801247,2973597.7208554912,1724.4122827373653
2024-05-12,60786.911596440914,61448.39453,0.01734613567062663,1138.8722387801247,2973597.7208554912,1724.4122827373653
2024-05-13,61417.76818034812,62901.44922,0.01734613567062663,1138.8722387801247,2973597.7208554912,1724.4122827373653
2024-05-14,62749.68786584434,61552.78906,0.01734613567062663,1138.8722387801247,2973597.7208554912,1724.4122827373653
2024-05-15,61648.66059760975,66267.49219,0.01734613567062663,1138.8722387801247,2973597.7208554912,1724.4122827373653
2024-05-16,66088.36091761774,65231.58203,0.01734613567062663,1138.8722387801247,2973597.7208554912,1724.4122827373653
2024-05-17,65353.35734623371,67051.875,0.01734613567062663,1138.8722387801247,2973597.7208554912,1724.4122827373653
2024-05-18,67029.13009025181,66940.80469,0.01734613567062663,1138.8722387801247,2973597.7208554912,1724.4122827373653
2024-05-19,67135.26814675367,66278.36719,0.01734613567062663,1138.8722387801247,2973597.7208554912,1724.4122827373653
2024-05-20,66325.71988093528,71448.19531,0.01734613567062663,1138.8722387801247,2973597.7208554912,1724.4122827373653
2024-05-21,71226.56037109907,70136.53125,0.01734613567062663,1138.8722387801247,2973597.7208554912,1724.4122827373653
2024-05-22,70253.07351511314,69122.33594,0.01734613567062663,1138.8722387801247,2973597.7208554912,1724.4122827373653
2024-05-23,69315.57738698731,67929.5625,0.01734613567062663,1138.8722387801247,2973597.7208554912,1724.4122827373653
2024-05-24,68134.9140093737,68526.10156,0.01734613567062663,1138.8722387801247,2973597.7208554912,1724.4122827373653
2024-05-25,68397.64411735306,69265.94531,0.01734613567062663,1138.8722387801247,2973597.7208554912,1724.4122827373653
2024-05-26,69157.09614529401,68518.09375,0.01734613567062663,1138.8722387801247,2973597.7208554912,1724.4122827373653
2024-05-27,68540.80836399272,69394.55469,0.01734613567062663,1138.8722387801247,2973597.7208554912,1724.4122827373653
2024-05-28,69383.18213353105,68296.21875,0.01734613567062663,1138.8722387801247,2973597.7208554912,1724.4122827373653
2024-05-29,68371.93658267905,67578.09375,0.01734613567062663,1138.8722387801247,2973597.7208554912,1724.4122827373653
2024-05-30,67604.8956485054,68364.99219,0.01734613567062663,1138.8722387801247,2973597.7208554912,1724.4122827373653
2024-05-31,68311.11461775037,67491.41406,0.01734613567062663,1138.8722387801247,2973597.7208554912,1724.4122827373653
2024-06-01,67485.96778714385,67706.9375,0.01734613567062663,1138.8722387801247,2973597.7208554912,1724.4122827373653
2024-06-02,67683.68633292968,67751.60156,0.01734613567062663,1138.8722387801247,2973597.7208554912,1724.4122827373653
2024-06-03,67752.55473882104,68804.78125,0.01734613567062663,1138.8722387801247,2973597.7208554912,1724.4122827373653
2024-06-04,68721.12414230479,70567.76563,0.01734613567062663,1138.8722387801247,2973597.7208554912,1724.4122827373653
2024-06-05,70492.09132369008,71082.82031,0.01734613567062663,1138.8722387801247,2973597.7208554912,1724.4122827373653
2024-06-06,71110.33413772487,70757.16406,0.01734613567062663,1138.8722387801247,2973597.7208554912,1724.4122827373653
2024-06-07,70874.41821387166,69342.58594,0.01734613567062663,1138.8722387801247,2973597.7208554912,1724.4122827373653
2024-06-08,69494.26500991696,69305.77344,0.01734613567062663,1138.8722387801247,2973597.7208554912,1724.4122827373653
2024-06-09,69300.26959121431,69647.99219,0.01734613567062663,1138.8722387801247,2973597.7208554912,1724.4122827373653
2024-06-10,69574.6872699392,69512.28125,0.01734613567062663,1138.8722387801247,2973597.7208554912,1724.4122827373653
2024-06-11,69472.1508709463,67332.03125,0.01734613567062663,1138.8722387801247,2973597.7208554912,1724.4122827373653
2024-06-12,67458.0904638632,68241.1875,0.01734613567062663,1138.8722387801247,2973597.7208554912,1724.4122827373653
2024-06-13,68176.31717396413,66756.39844,0.01734613567062663,1138.8722387801247,2973597.7208554912,1724.4122827373653
2024-06-14,66777.90370567264,66011.09375,0.01734613567062663,1138.8722387801247,2973597.7208554912,1724.4122827373653
2024-06-15,65983.5149684981,66191.0,0.01734613567062663,1138.8722387801247,2973597.7208554912,1724.4122827373653
2024-06-16,66159.17235711921,66639.04688,0.01734613567062663,1138.8722387801247,2973597.7208554912,1724.4122827373653
2024-06-17,66539.10526512947,66490.29688,0.01734613567062663,1138.8722387801247,2973597.7208554912,1724.4122827373653
2024-06-18,66481.9125094501,65140.74609,0.01734613567062663,1138.8722387801247,2973597.7208554912,1724.4122827373653
2024-06-19,65233.82827312838,64960.29688,0.01734613567062663,1138.8722387801247,2973597.7208554912,1724.4122827373653
2024-06-20,64967.09780127883,64828.65625,0.01734613567062663,1138.8722387801247,2973597.7208554912,1724.4122827373653
2024-06-21,64786.7108838409,64096.19922,0.01734613567062663,1138.8722387801247,2973597.7208554912,1724.4122827373653
2024-06-22,64079.37995159413,64252.57813,0.01734613567062663,1138.8722387801247,2973597.7208554912,1724.4122827373653
2024-06-23,64224.97579172828,63180.79688,0.01734613567062663,1138.8722387801247,2973597.7208554912,1724.4122827373653
2024-06-24,63213.69398701588,60277.41406,0.01734613567062663,1138.8722387801247,2973597.7208554912,1724.4122827373653
2024-06-25,60398.95017725568,61804.64063,0.01734613567062663,1138.8722387801247,2973597.7208554912,1724.4122827373653
2024-06-26,61659.941734185915,60811.27734,0.01734613567062663,1138.8722387801247,2973597.7208554912,1724.4122827373653
2024-06-27,60750.810523185035,61604.80078,0.01734613567062663,1138.8722387801247,2973597.7208554912,1724.4122827373653
2024-06-28,61491.00799379295,60320.13672,0.01734613567062663,1138.8722387801247,2973597.7208554912,1724.4122827373653
2024-06-29,60429.18918773206,60887.37891,0.01734613567062663,1138.8722387801247,2973597.7208554912,1724.4122827373653
2024-06-30,60825.819681490844,62678.29297,0.01734613567062663,1138.8722387801247,2973597.7208554912,1724.4122827373653
2024-07-01,62573.497917956054,62851.98047,0.01734613567062663,1138.8722387801247,2973597.7208554912,1724.4122827373653
2024-07-02,62833.44721527763,62029.01563,0.01734613567062663,1138.8722387801247,2973597.7208554912,1724.4122827373653
2024-07-03,62154.13953223677,60173.92188,0.01734613567062663,1138.8722387801247,2973597.7208554912,1724.4122827373653
2024-07-04,60339.34258556528,56977.70313,0.01734613567062663,1138.8722387801247,2973597.7208554912,1724.4122827373653
2024-07-05,57106.06368880735,56662.375,0.01734613567062663,1138.8722387801247,2973597.7208554912,1724.4122827373653
2024-07-06,56554.9669696683,58303.53906,0.01734613567062663,1138.8722387801247,2973597.7208554912,1724.4122827373653
2024-07-07,58060.583600226404,55849.10938,0.01734613567062663,1138.8722387801247,2973597.7208554912,1724.4122827373653
2024-07-08,55875.599467699925,56705.09766,0.01734613567062663,1138.8722387801247,2973597.7208554912,1724.4122827373653
2024-07-09,56669.77522481805,58009.22656,0.01734613567062663,1138.8722387801247,2973597.7208554912,1724.4122827373653
2024-07-10,57926.4353442,57742.49609,0.01734613567062663,1138.8722387801247,2973597.7208554912,1724.4122827373653
2024-07-11,57712.36877797497,57344.91406,0.01734613567062663,1138.8722387801247,2973597.7208554912,1724.4122827373653
2024-07-12,57435.09868854939,57899.46484,0.01734613567062663,1138.8722387801247,2973597.7208554912,1724.4122827373653
2024-07-13,57902.546211799345,59231.95313,0.01734613567062663,1138.8722387801247,2973597.7208554912,1724.4122827373653
2024-07-14,59142.63748766411,60787.79297,0.01734613567062663,1138.8722387801247,2973597.7208554912,1724.4122827373653
2024-07-15,60721.13501921192,64870.15234,0.01734613567062663,1138.8722387801247,2973597.7208554912,1724.4122827373653
2024-07-16,64743.544058391984,65097.14844,0.01734613567062663,1138.8722387801247,2973597.7208554912,1724.4122827373653
2024-07-17,65234.298624705254,64118.79297,0.01734613567062663,1138.8722387801247,2973597.7208554912,1724.4122827373653
2024-07-18,64354.10726028048,63974.06641,0.01734613567062663,1138.8722387801247,2973597.7208554912,1724.4122827373653
2024-07-19,64117.268074377345,66710.15625,0.01734613567062663,1138.8722387801247,2973597.7208554912,1724.4122827373653
2024-07-20,66547.54738016515,67163.64844,0.01734613567062663,1138.8722387801247,2973597.7208554912,1724.4122827373653
2024-07-21,67125.78943712087,68154.52344,0.01734613567062663,1138.8722387801247,2973597.7208554912,1724.4122827373653
2024-07-22,68190.1962435186,67585.25,0.01734613567062663,1138.8722387801247,2973597.7208554912,1724.4122827373653
2024-07-23,67741.6631455943,65927.67188,0.01734613567062663,1138.8722387801247,2973597.7208554912,1724.4122827373653
2024-07-24,66050.64917910354,65372.13281,0.01734613567062663,1138.8722387801247,2973597.7208554912,1724.4122827373653
2024-07-25,65400.954152294355,65777.22656,0.01734613567062663,1138.8722387801247,2973597.7208554912,1724.4122827373653
2024-07-26,65681.65075559328,67912.0625,0.01734613567062663,1138.8722387801247,2973597.7208554912,1724.4122827373653
2024-07-27,67736.75600229706,67813.33594,0.01734613567062663,1138.8722387801247,2973597.7208554912,1724.4122827373653
2024-07-28,67830.3112076204,68255.86719,0.01734613567062663,1138.8722387801247,2973597.7208554912,1724.4122827373653
2024-07-29,68308.43413516598,66819.91406,0.01734613567062663,1138.8722387801247,2973597.7208554912,1724.4122827373653
2024-07-30,66966.79684341904,66201.01563,0.01734613567062663,1138.8722387801247,2973597.7208554912,1724.4122827373653
2024-07-31,66225.9942802388,64619.25,0.01734613567062663,1138.8722387801247,2973597.7208554912,1724.4122827373653
2024-08-01,64665.48747435834,65357.5,0.01734613567062663,1138.8722387801247,2973597.7208554912,1724.4122827373653
2024-08-02,65239.042505147976,61415.06641,0.01734613567062663,1138.8722387801247,2973597.7208554912,1724.4122827373653
2024-08-03,61554.00309456877,60680.09375,0.01734613567062663,1138.8722387801247,2973597.7208554912,1724.4122827373653
2024-08-04,60629.56343504948,58116.97656,0.01734613567062663,1138.8722387801247,2973597.7208554912,1724.4122827373653
2024-08-05,58145.63040286306,53991.45703,0.01734613567062663,1138.8722387801247,2973597.7208554912,1724.4122827373653
2024-08-06,53955.43374775597,56034.31641,0.01734613567062663,1138.8722387801247,2973597.7208554912,1724.4122827373653
2024-08-07,55763.90752085313,55027.46094,0.01734613567062663,1138.8722387801247,2973597.7208554912,1724.4122827373653
2024-08-08,54881.18697755598,61710.13672,0.01734613567062663,1138.8722387801247,2973597.7208554912,1724.4122827373653
2024-08-09,61293.308151946374,60880.11328,0.01734613567062663,1138.8722387801247,2973597.7208554912,1724.4122827373653
2024-08-10,61099.36524881625,60945.8125,0.01734613567062663,1138.8722387801247,2973597.7208554912,1724.4122827373653
2024-08-11,61052.7728955481,58719.48438,0.01734613567062663,1138.8722387801247,2973597.7208554912,1724.4122827373653
2024-08-12,59009.52005230203,59354.51563,0.01734613567062663,1138.8722387801247,2973597.7208554912,1724.4122827373653
2024-08-13,59251.32989994662,60609.56641,0.01734613567062663,1138.8722387801247,2973597.7208554912,1724.4122827373653
2024-08-14,60521.95586448899,58737.26953,0.01734613567062663,1138.8722387801247,2973597.7208554912,1724.4122827373653
2024-08-15,58805.30410039437,57560.09766,0.01734613567062663,1138.8722387801247,2973597.7208554912,1724.4122827373653
2024-08-16,57625.6594571728,58894.10547,0.01734613567062663,1138.8722387801247,2973597.7208554912,1724.4122827373653
2024-08-17,58806.2203512088,59478.97266,0.01734613567062663,1138.8722387801247,2973597.7208554912,1724.4122827373653
2024-08-18,59393.91174749459,58483.96484,0.01734613567062663,1138.8722387801247,2973597.7208554912,1724.4122827373653
2024-08-19,58533.82469593666,59493.45313,0.01734613567062663,1138.8722387801247,2973597.7208554912,1724.4122827373653
2024-08-20,59476.78238698535,59012.79297,0.01734613567062663,1138.8722387801247,2973597.7208554912,1724.4122827373653
2024-08-21,59054.28669618083,61175.19141,0.01734613567062663,1138.8722387801247,2973597.7208554912,1724.4122827373653
2024-08-22,61042.59316858371,60381.91406,0.01734613567062663,1138.8722387801247,2973597.7208554912,1724.4122827373653
2024-08-23,60487.09927699554,64094.35547,0.01734613567062663,1138.8722387801247,2973597.7208554912,1724.4122827373653
2024-08-24,63904.39790590371,64178.99219,0.01734613567062663,1138.8722387801247,2973597.7208554912,1724.4122827373653
2024-08-25,64310.74080282188,64333.54297,0.01734613567062663,1138.8722387801247,2973597.7208554912,1724.4122827373653
2024-08-26,64370.395838974626,62880.66016,0.01734613567062663,1138.8722387801247,2973597.7208554912,1724.4122827373653
2024-08-27,63084.3474171973,59504.13281,0.01734613567062663,1138.8722387801247,2973597.7208554912,1724.4122827373653
2024-08-28,59649.27599432999,59027.625,0.01734613567062663,1138.8722387801247,2973597.7208554912,1724.4122827373653
2024-08-29,58958.358025305046,59388.17969,0.01734613567062663,1138.8722387801247,2973597.7208554912,1724.4122827373653
2024-08-30,59265.049550839045,59119.47656,0.01734613567062663,1138.8722387801247,2973597.7208554912,1724.4122827373653
2024-08-31,59037.48500461871,58969.89844,0.01734613567062663,1138.8722387801247,2973597.7208554912,1724.4122827373653
2024-09-01,58963.96691219945,57325.48828,0.01734613567062663,1138.8722387801247,2973597.7208554912,1724.4122827373653
2024-09-02,57410.61114542845,59112.48047,0.01734613567062663,1138.8722387801247,2973597.7208554912,1724.4122827373653
2024-09-03,58975.9865813476,57431.02344,0.01734613567062663,1138.8722387801247,2973597.7208554912,1724.4122827373653
2024-09-04,57527.515371455,57971.53906,0.01734613567062663,1138.8722387801247,2973597.7208554912,1724.4122827373653
2024-09-05,57886.044727226305,56160.48828,0.01734613567062663,1138.8722387801247,2973597.7208554912,1724.4122827373653
2024-09-06,56296.77198773287,53948.75391,0.01734613567062663,1138.8722387801247,2973597.7208554912,1724.4122827373653
2024-09-07,53980.504724566665,54139.6875,0.01734613567062663,1138.8722387801247,2973597.7208554912,1724.4122827373653
2024-09-08,54065.22388001865,54841.56641,0.01734613567062663,1138.8722387801247,2973597.7208554912,1724.4122827373653
2024-09-09,54723.9676812711,57019.53516,0.01734613567062663,1138.8722387801247,2973597.7208554912,1724.4122827373653
2024-09-10,56868.39766798577,57648.71094,0.01734613567062663,1138.8722387801247,2973597.7208554912,1724.4122827373653
2024-09-11,57681.573818695215,57343.17188,0.01734613567062663,1138.8722387801247,2973597.7208554912,1724.4122827373653
2024-09-12,57420.66378245897,58127.01172,0.01734613567062663,1138.8722387801247,2973597.7208554912,1724.4122827373653
2024-09-13,58147.488486670845,60571.30078,0.01734613567062663,1138.8722387801247,2973597.7208554912,1724.4122827373653
2024-09-14,60481.42608717364,60005.12109,0.01734613567062663,1138.8722387801247,2973597.7208554912,1724.4122827373653
2024-09-15,60090.795437245,59182.83594,0.01734613567062663,1138.8722387801247,2973597.7208554912,1724.4122827373653
2024-09-16,59269.23811224582,58192.50781,0.01734613567062663,1138.8722387801247,2973597.7208554912,1724.4122827373653
2024-09-17,58284.38932415013,60308.53906,0.01734613567062663,1138.8722387801247,2973597.7208554912,1724.4122827373653
2024-09-18,60153.96220793379,61649.67969,0.01734613567062663,1138.8722387801247,2973597.7208554912,1724.4122827373653
2024-09-19,61590.60083936501,62940.45703,0.01734613567062663,1138.8722387801247,2973597.7208554912,1724.4122827373653
2024-09-20,62904.320804108356,63192.97656,0.01734613567062663,1138.8722387801247,2973597.7208554912,1724.4122827373653
2024-09-21,63286.8268010547,63394.83984,0.01734613567062663,1138.8722387801247,2973597.7208554912,1724.4122827373653
2024-09-22,63445.73340727934,63648.71094,0.01734613567062663,1138.8722387801247,2973597.7208554912,1724.4122827373653
2024-09-23,63681.64584855763,63329.80078,0.01734613567062663,1138.8722387801247,2973597.7208554912,1724.4122827373653
2024-09-24,63360.55010640893,64301.96875,0.01734613567062663,1138.8722387801247,2973597.7208554912,1724.4122827373653
2024-09-25,64257.143537023796,63143.14453,0.01734613567062663,1138.8722387801247,2973597.7208554912,1724.4122827373653
2024-09-26,63224.19206064235,65181.01953,0.01734613567062663,1138.8722387801247,2973597.7208554912,1724.4122827373653
2024-09-27,65057.00767574368,65790.66406,0.01734613567062663,1138.8722387801247,2973597.7208554912,1724.4122827373653
2024-09-28,65819.84272899145,65887.64844,0.01734613567062663,1138.8722387801247,2973597.7208554912,1724.4122827373653
2024-09-29,65888.64072038271,65635.30469,0.01734613567062663,1138.8722387801247,2973597.7208554912,1724.4122827373653
2024-09-30,65716.8099065695,63329.5,0.01734613567062663,1138.8722387801247,2973597.7208554912,1724.4122827373653
2024-10-01,63453.974895161184,60837.00781,0.01734613567062663,1138.8722387801247,2973597.7208554912,1724.4122827373653
2024-10-02,60900.63176681292,60632.78516,0.01734613567062663,1138.8722387801247,2973597.7208554912,1724.4122827373653
2024-10-03,60551.556785654415,60759.40234,0.01734613567062663,1138.8722387801247,2973597.7208554912,1724.4122827373653
2024-10-04,60658.257746100404,62067.47656,0.01734613567062663,1138.8722387801247,2973597.7208554912,1724.4122827373653
2024-10-05,61943.87349009055,62089.94922,0.01734613567062663,1138.8722387801247,2973597.7208554912,1724.4122827373653
2024-10-06,62114.43498245892,62818.95313,0.01734613567062663,1138.8722387801247,2973597.7208554912,1724.4122827373653
2024-10-07,62802.55043222168,62236.66016,0.01734613567062663,1138.8722387801247,2973597.7208554912,1724.4122827373653
2024-10-08,62313.691384031874,62131.96875,0.01734613567062663,1138.8722387801247,2973597.7208554912,1724.4122827373653
2024-10-09,62131.46131314968,60582.10156,0.01734613567062663,1138.8722387801247,2973597.7208554912,1724.4122827373653
2024-10-10,60664.03701330264,60274.5,0.01734613567062663,1138.8722387801247,2973597.7208554912,1724.4122827373653
2024-10-11,60237.1688911501,62445.08984,0.01734613567062663,1138.8722387801247,2973597.7208554912,1724.4122827373653
2024-10-12,62320.51351013854,63193.02344,0.01734613567062663,1138.8722387801247,2973597.7208554912,1724.4122827373653
2024-10-13,63165.16563221637,62851.375,0.01734613567062663,1138.8722387801247,2973597.7208554912,1724.4122827373653
2024-10-14,62895.30495902887,66046.125,0.01734613567062663,1138.8722387801247,2973597.7208554912,1724.4122827373653
2024-10-15,65953.44228894118,67041.10938,0.01734613567062663,1138.8722387801247,2973597.7208554912,1724.4122827373653
2024-10-16,67083.02601503974,67612.71875,0.01734613567062663,1138.8722387801247,2973597.7208554912,1724.4122827373653
2024-10-17,67638.97322502978,67399.83594,0.01734613567062663,1138.8722387801247,2973597.7208554912,1724.4122827373653
2024-10-18,67515.71248481386,68418.78906,0.01734613567062663,1138.8722387801247,2973597.7208554912,1724.4122827373653
2024-10-19,68401.50581037745,68362.73438,0.01734613567062663,1138.8722387801247,2973597.7208554912,1724.4122827373653
2024-10-20,68401.41259639095,69001.70313,0.01734613567062663,1138.8722387801247,2973597.7208554912,1724.4122827373653
2024-10-21,68978.15579133203,67367.85156,0.01734613567062663,1138.8722387801247,2973597.7208554912,1724.4122827373653
2024-10-22,67483.15428168848,67361.40625,0.01734613567062663,1138.8722387801247,2973597.7208554912,1724.4122827373653
2024-10-23,67329.46550876321,66432.19531,0.01734613567062663,1138.8722387801247,2973597.7208554912,1724.4122827373653
2024-10-24,66472.82931901209,68161.05469,0.01734613567062663,1138.8722387801247,2973597.7208554912,1724.4122827373653
2024-10-25,68015.96783271917,66642.41406,0.01734613567062663,1138.8722387801247,2973597.7208554912,1724.4122827373653
2024-10-26,66744.6505197128,67014.69531,0.01734613567062663,1138.8722387801247,2973597.7208554912,1724.4122827373653
2024-10-27,66952.43022825867,67929.29688,0.01734613567062663,1138.8722387801247,2973597.7208554912,1724.4122827373653
2024-10-28,67927.0240058194,69907.75781,0.01734613567062663,1138.8722387801247,2973597.7208554912,1724.4122827373653
2024-10-29,69799.14273090054,72720.49219,0.01734613567062663,1138.8722387801247,2973597.7208554912,1724.4122827373653
2024-10-30,72666.15792095977,72339.53906,0.01734613567062663,1138.8722387801247,2973597.7208554912,1724.4122827373653
2024-10-31,72470.39057890975,70215.1875,0.01734613567062663,1138.8722387801247,2973597.7208554912,1724.4122827373653
2024-11-01,70375.23534320324,69482.46875,0.01734613567062663,1138.8722387801247,2973597.7208554912,1724.4122827373653
2024-11-02,69535.5265071477,69289.27344,0.01734613567062663,1138.8722387801247,2973597.7208554912,1724.4122827373653
2024-11-03,69255.36286222593,68741.11719,0.01734613567062663,1138.8722387801247,2973597.7208554912,1724.4122827373653
2024-11-04,68700.21388199598,67811.50781,0.01734613567062663,1138.8722387801247,2973597.7208554912,1724.4122827373653
2024-11-05,67817.9706051549,69359.5625,0.01734613567062663,1138.8722387801247,2973597.7208554912,1724.4122827373653
2024-11-06,69261.90641876744,75639.07813,0.01734613567062663,1138.8722387801247,2973597.7208554912,1724.4122827373653
2024-11-07,75399.57338928542,75904.85938,0.01734613567062663,1138.8722387801247,2973597.7208554912,1724.4122827373653
2024-11-08,76013.59888730211,76545.47656,0.01734613567062663,1138.8722387801247,2973597.7208554912,1724.4122827373653
2024-11-09,76607.4428544157,76778.86719,0.01734613567062663,1138.8722387801247,2973597.7208554912,1724.4122827373653
2024-11-10,76944.29754532942,80474.1875,0.01734613567062663,1138.8722387801247,2973597.7208554912,1724.4122827373653
2024-11-11,80350.35329522293,88701.48438,0.01734613567062663,1138.8722387801247,2973597.7208554912,1724.4122827373653
2024-11-12,88580.44505022079,87955.8125,0.01734613567062663,1138.8722387801247,2973597.7208554912,1724.4122827373653
2024-11-13,88211.07008138503,90584.16406,0.01734613567062663,1138.8722387801247,2973597.7208554912,1724.4122827373653
2024-11-14,90707.21129516346,87250.42969,0.01734613567062663,1138.8722387801247,2973597.7208554912,1724.4122827373653
2024-11-15,87675.73592965046,91066.00781,0.01734613567062663,1138.8722387801247,2973597.7208554912,1724.4122827373653
2024-11-16,90795.94450733726,90558.47656,0.01734613567062663,1138.8722387801247,2973597.7208554912,1724.4122827373653
2024-11-17,90794.12477327502,89845.85156,0.01734613567062663,1138.8722387801247,2973597.7208554912,1724.4122827373653
2024-11-18,89745.33776934077,90542.64063,0.01734613567062663,1138.8722387801247,2973597.7208554912,1724.4122827373653
2024-11-19,90630.68940775483,92343.78906,0.01734613567062663,1138.8722387801247,2973597.7208554912,1724.4122827373653
2024-11-20,92276.89740205844,94339.49219,0.01734613567062663,1138.8722387801247,2973597.7208554912,1724.4122827373653
2024-11-21,94301.3636419269,98504.72656,0.01734613567062663,1138.8722387801247,2973597.7208554912,1724.4122827373653
2024-11-22,98471.21849584536,98997.66406,0.01734613567062663,1138.8722387801247,2973597.7208554912,1724.4122827373653
2024-11-23,99203.58498564927,97777.28125,0.01734613567062663,1138.8722387801247,2973597.7208554912,1724.4122827373653
2024-11-24,97921.91437003056,98013.82031,0.01734613567062663,1138.8722387801247,2973597.7208554912,1724.4122827373653
2024-11-25,98120.00434373347,93102.29688,0.01734613567062663,1138.8722387801247,2973597.7208554912,1724.4122827373653
2024-11-26,93281.52497329107,91985.32031,0.01734613567062663,1138.8722387801247,2973597.7208554912,1724.4122827373653
2024-11-27,91812.27361799835,95962.53125,0.01734613567062663,1138.8722387801247,2973597.7208554912,1724.4122827373653
2024-11-28,95790.98018215431,95652.46875,0.01734613567062663,1138.8722387801247,2973597.7208554912,1724.4122827373653
2024-11-29,95633.82921156235,97461.52344,0.01734613567062663,1138.8722387801247,2973597.7208554912,1724.4122827373653
2024-11-30,97377.71918728961,96449.05469,0.01734613567062663,1138.8722387801247,2973597.7208554912,1724.4122827373653
2024-12-01,96639.31196391355,97279.78906,0.01734613567062663,1138.8722387801247,2973597.7208554912,1724.4122827373653
2024-12-02,97216.0528187181,95865.30469,0.01734613567062663,1138.8722387801247,2973597.7208554912,1724.4122827373653
2024-12-03,95985.46425456642,96002.16406,0.01734613567062663,1138.8722387801247,2973597.7208554912,1724.4122827373653
2024-12-04,95927.06999740998,98768.53125,0.01734613567062663,1138.8722387801247,2973597.7208554912,1724.4122827373653
2024-12-05,98698.5138333458,96593.57031,0.01734613567062663,1138.8722387801247,2973597.7208554912,1724.4122827373653
2024-12-06,96719.5744796495,99920.71094,0.01734613567062663,1138.8722387801247,2973597.7208554912,1724.4122827373653
2024-12-07,99736.11308740667,99923.33594,0.01734613567062663,1138.8722387801247,2973597.7208554912,1724.4122827373653
2024-12-08,100091.05339593693,101236.0156,0.01734613567062663,1138.8722387801247,2973597.7208554912,1724.4122827373653
2024-12-09,101142.91599622552,97432.71875,0.01734613567062663,1138.8722387801247,2973597.7208554912,1724.4122827373653
2024-12-10,97713.29257115089,96675.42969,0.01734613567062663,1138.8722387801247,2973597.7208554912,1724.4122827373653
2024-12-11,96574.59207202015,101173.0313,0.01734613567062663,1138.8722387801247,2973597.7208554912,1724.4122827373653
2024-12-12,101009.69192899234,100043.0,0.01734613567062663,1138.8722387801247,2973597.7208554912,1724.4122827373653
2024-12-13,100116.84472857791,101459.2578,0.01734613567062663,1138.8722387801247,2973597.7208554912,1724.4122827373653
2024-12-14,101356.04729250137,101372.9688,0.01734613567062663,1138.8722387801247,2973597.7208554912,1724.4122827373653
2024-12-15,101525.77405297026,104298.6953,0.01734613567062663,1138.8722387801247,2973597.7208554912,1724.4122827373653
2024-12-16,104147.1857179125,106029.7188,0.01734613567062663,1138.8722387801247,2973597.7208554912,1724.4122827373653
2024-12-17,106092.78854679951,106140.6016,0.01734613567062663,1138.8722387801247,2973597.7208554912,1724.4122827373653
2024-12-18,106192.577159295,100041.5391,0.01734613567062663,1138.8722387801247,2973597.7208554912,1724.4122827373653
2024-12-19,100354.44718907063,97490.95313,0.01734613567062663,1138.8722387801247,2973597.7208554912,1724.4122827373653
2024-12-20,97447.4995488156,97755.92969,0.01734613567062663,1138.8722387801247,2973597.7208554912,1724.4122827373653
2024-12-21,97716.29233832704,97224.72656,0.01734613567062663,1138.8722387801247,2973597.7208554912,1724.4122827373653
2024-12-22,97111.5551190638,95104.9375,0.01734613567062663,1138.8722387801247,2973597.7208554912,1724.4122827373653
2024-12-23,95087.5187697587,94686.24219,0.01734613567062663,1138.8722387801247,2973597.7208554912,1724.4122827373653
2024-12-24,94650.89196358284,98676.09375,0.01734613567062663,1138.8722387801247,2973597.7208554912,1724.4122827373653
2024-12-25,98523.55485059058,99299.19531,0.01734613567062663,1138.8722387801247,2973597.7208554912,1724.4122827373653
2024-12-26,99318.59822789599,95795.51563,0.01734613567062663,1138.8722387801247,2973597.7208554912,1724.4122827373653
2024-12-27,95896.41171029225,94164.85938,0.01734613567062663,1138.8722387801247,2973597.7208554912,1724.4122827373653
2024-12-28,94268.09255686277,95163.92969,0.01734613567062663,1138.8722387801247,2973597.7208554912,1724.4122827373653
2024-12-29,95142.23856636208,93530.22656,0.01734613567062663,1138.8722387801247,2973597.7208554912,1724.4122827373653
2024-12-30,93497.38393253175,92643.21094,0.01734613567062663,1138.8722387801247,2973597.7208554912,1724.4122827373653
2024-12-31,92580.70109753711,93429.20313,0.01734613567062663,1138.8722387801247,2973597.7208554912,1724.4122827373653
2025-01-01,93425.46018716843,94419.75781,0.01734613567062663,1138.8722387801247,2973597.7208554912,1724.4122827373653
2025-01-02,94352.09801891421,96886.875,0.01734613567062663,1138.8722387801247,2973597.7208554912,1724.4122827373653
2025-01-03,96796.01200085923,98107.42969,0.01734613567062663,1138.8722387801247,2973597.7208554912,1724.4122827373653
2025-01-04,98140.42101117597,98236.22656,0.01734613567062663,1138.8722387801247,2973597.7208554912,1724.4122827373653
2025-01-05,98277.04208321379,98314.96094,0.01734613567062663,1138.8722387801247,2973597.7208554912,1724.4122827373653
2025-01-06,98387.8787633215,102078.0859,0.01734613567062663,1138.8722387801247,2973597.7208554912,1724.4122827373653
2025-01-07,102006.33049466877,96922.70313,0.01734613567062663,1138.8722387801247,2973597.7208554912,1724.4122827373653
2025-01-08,97190.20570114594,95043.52344,0.01734613567062663,1138.8722387801247,2973597.7208554912,1724.4122827373653
2025-01-09,95001.92634390412,92484.03906,0.01734613567062663,1138.8722387801247,2973597.7208554912,1724.4122827373653
2025-01-10,92678.29351638017,94701.45313,0.01734613567062663,1138.8722387801247,2973597.7208554912,1724.4122827373653
2025-01-11,94414.94224118577,94566.59375,0.01734613567062663,1138.8722387801247,2973597.7208554912,1724.4122827373653
2025-01-12,94575.73300834757,94488.4375,0.01734613567062663,1138.8722387801247,2973597.7208554912,1724.4122827373653
2025-01-13,94379.47480985943,94516.52344,0.01734613567062663,1138.8722387801247,2973597.7208554912,1724.4122827373653
2025-01-14,94591.34775063711,96534.04688,0.01734613567062663,1138.8722387801247,2973597.7208554912,1724.4122827373653
2025-01-15,96464.17715021668,100504.4922,0.01734613567062663,1138.8722387801247,2973597.7208554912,1724.4122827373653
2025-01-16,100421.46469627997,99756.90625,0.01734613567062663,1138.8722387801247,2973597.7208554912,1724.4122827373653
2025-01-17,99841.4562685804,104462.0391,0.01734613567062663,1138.8722387801247,2973597.7208554912,1724.4122827373653
2025-01-18,104337.35863392823,104408.0703,0.01734613567062663,1138.8722387801247,2973597.7208554912,1724.4122827373653
2025-01-19,104674.91451010917,101089.6094,0.01734613567062663,1138.8722387801247,2973597.7208554912,1724.4122827373653
2025-01-20,101143.99948029956,102016.6641,0.01734613567062663,1138.8722387801247,2973597.7208554912,1724.4122827373653
2025-01-21,102065.36290162482,106146.2656,0.01734613567062663,1138.8722387801247,2973597.7208554912,1724.4122827373653
2025-01-22,106042.85760081379,103653.0703,0.01734613567062663,1138.8722387801247,2973597.7208554912,1724.4122827373653
2025-01-23,103680.68036592816,103960.1719,0.01734613567062663,1138.8722387801247,2973597.7208554912,1724.4122827373653
2025-01-24,103933.28115222519,104819.4844,0.01734613567062663,1138.8722387801247,2973597.7208554912,1724.4122827373653
2025-01-25,104950.64785260874,104714.6484,0.01734613567062663,1138.8722387801247,2973597.7208554912,1724.4122827373653
2025-01-26,104639.55771445061,102682.5,0.01734613567062663,1138.8722387801247,2973597.7208554912,1724.4122827373653
2025-01-27,102763.02919162043,102087.6875,0.01734613567062663,1138.8722387801247,2973597.7208554912,1724.4122827373653
2025-01-28,102110.54183432965,101332.4766,0.01734613567062663,1138.8722387801247,2973597.7208554912,1724.4122827373653
2025-01-29,101348.27897462323,103703.2109,0.01734613567062663,1138.8722387801247,2973597.7208554912,1724.4122827373653
2025-01-30,103533.19072808654,104735.3047,0.01734613567062663,1138.8722387801247,2973597.7208554912,1724.4122827373653
2025-01-31,104715.47334551316,102405.0234,0.01734613567062663,1138.8722387801247,2973597.7208554912,1724.4122827373653
2025-02-01,102465.93618550926,100655.9063,0.01734613567062663,1138.8722387801247,2973597.7208554912,1724.4122827373653
2025-02-02,100771.34317516204,97688.97656,0.01734613567062663,1138.8722387801247,2973597.7208554912,1724.4122827373653
2025-02-03,97806.71394815744,101405.4219,0.01734613567062663,1138.8722387801247,2973597.7208554912,1724.4122827373653
2025-02-04,101162.65335026075,97871.82031,0.01734613567062663,1138.8722387801247,2973597.7208554912,1724.4122827373653
2025-02-05,98014.05054676962,96615.44531,0.01734613567062663,1138.8722387801247,2973597.7208554912,1724.4122827373653
2025-02-06,96478.72833308968,96593.29688,0.01734613567062663,1138.8722387801247,2973597.7208554912,1724.4122827373653
2025-02-07,96738.17789349554,96529.08594,0.01734613567062663,1138.8722387801247,2973597.7208554912,1724.4122827373653
2025-02-08,96396.63232711182,96482.45313,0.01734613567062663,1138.8722387801247,2973597.7208554912,1724.4122827373653
2025-02-09,96433.92203022332,96500.09375,0.01734613567062663,1138.8722387801247,2973597.7208554912,1724.4122827373653
2025-02-10,96498.15158368084,97437.55469,0.01734613567062663,1138.8722387801247,2973597.7208554912,1724.4122827373653
2025-02-11,97400.39529864755,95747.42969,0.01734613567062663,1138.8722387801247,2973597.7208554912,1724.4122827373653
2025-02-12,95822.74310348778,97885.85938,0.01734613567062663,1138.8722387801247,2973597.7208554912,1724.4122827373653
2025-02-13,97775.19906450802,96623.86719,0.01734613567062663,1138.8722387801247,2973597.7208554912,1724.4122827373653
2025-02-14,96749.90202086048,97508.96875,0.01734613567062663,1138.8722387801247,2973597.7208554912,1724.4122827373653
2025-02-15,97377.90909489275,97580.35156,0.01734613567062663,1138.8722387801247,2973597.7208554912,1724.4122827373653
2025-02-16,97680.94127431116,96175.03125,0.01734613567062663,1138.8722387801247,2973597.7208554912,1724.4122827373653
2025-02-17,96179.97448714738,95773.38281,0.01734613567062663,1138.8722387801247,2973597.7208554912,1724.4122827373653
2025-02-18,95801.8621620994,95539.54688,0.01734613567062663,1138.8722387801247,2973597.7208554912,1724.4122827373653
2025-02-19,95550.95693663768,96635.60938,0.01734613567062663,1138.8722387801247,2973597.7208554912,1724.4122827373653
2025-02-20,96536.19837199393,98333.9375,0.01734613567062663,1138.8722387801247,2973597.7208554912,1724.4122827373653
2025-02-21,98269.96887676785,96125.54688,0.01734613567062663,1138.8722387801247,2973597.7208554912,1724.4122827373653
2025-02-22,96224.67203390769,96577.75781,0.01734613567062663,1138.8722387801247,2973597.7208554912,1724.4122827373653
2025-02-23,96561.80178549641,96273.92188,0.01734613567062663,1138.8722387801247,2973597.7208554912,1724.4122827373653
2025-02-24,96367.29623946093,91418.17188,0.01734613567062663,1138.8722387801247,2973597.7208554912,1724.4122827373653
2025-02-25,91528.4929494892,88736.17188,0.01734613567062663,1138.8722387801247,2973597.7208554912,1724.4122827373653
2025-02-26,88780.00692869908,84347.02344,0.01734613567062663,1138.8722387801247,2973597.7208554912,1724.4122827373653
2025-02-27,84430.1262242388,84704.22656,0.01734613567062663,1138.8722387801247,2973597.7208554912,1724.4122827373653
2025-02-28,84428.12795269667,84373.00781,0.01734613567062663,1138.8722387801247,2973597.7208554912,1724.4122827373653
2025-03-01,84299.62957541466,86031.91406,0.01734613567062663,1138.8722387801247,2973597.7208554912,1724.4122827373653
2025-03-02,85812.75332597704,94248.35156,0.01734613567062663,1138.8722387801247,2973597.7208554912,1724.4122827373653
2025-03-03,94051.07067613136,86065.67188,0.01734613567062663,1138.8722387801247,2973597.7208554912,1724.4122827373653
2025-03-04,86573.37206428069,87222.19531,0.01734613567062663,1138.8722387801247,2973597.7208554912,1724.4122827373653
2025-03-05,87045.69393390018,90623.5625,0.01734613567062663,1138.8722387801247,2973597.7208554912,1724.4122827373653
2025-03-06,90643.81356361309,89961.72656,0.01734613567062663,1138.8722387801247,2973597.7208554912,1724.4122827373653
2025-03-07,89830.91468617688,86742.67188,0.01734613567062663,1138.8722387801247,2973597.7208554912,1724.4122827373653
2025-03-08,86951.58537785626,86154.59375,0.01734613567062663,1138.8722387801247,2973597.7208554912,1724.4122827373653
2025-03-09,86262.95047631461,80601.03906,0.01734613567062663,1138.8722387801247,2973597.7208554912,1724.4122827373653
2025-03-10,80813.955195017,78532.0,0.01734613567062663,1138.8722387801247,2973597.7208554912,1724.4122827373653
2025-03-11,78458.990169832,82862.21094,0.01734613567062663,1138.8722387801247,2973597.7208554912,1724.4122827373653
2025-03-12,82596.73124409397,83722.35938,0.01734613567062663,1138.8722387801247,2973597.7208554912,1724.4122827373653
2025-03-13,83569.53090853873,81066.70313,0.01734613567062663,1138.8722387801247,2973597.7208554912,1724.4122827373653
2025-03-14,81164.53030007514,83969.10156,0.01734613567062663,1138.8722387801247,2973597.7208554912,1724.4122827373653
2025-03-15,83941.01196551594,84343.10938,0.01734613567062663,1138.8722387801247,2973597.7208554912,1724.4122827373653
2025-03-16,84329.82011870021,82579.6875,0.01734613567062663,1138.8722387801247,2973597.7208554912,1724.4122827373653
2025-03-17,82629.15002306954,84075.6875,0.01734613567062663,1138.8722387801247,2973597.7208554912,1724.4122827373653
2025-03-18,84076.08279055827,82718.5,0.01734613567062663,1138.8722387801247,2973597.7208554912,1724.4122827373653
2025-03-19,82775.16302564098,86854.22656,0.01734613567062663,1138.8722387801247,2973597.7208554912,1724.4122827373653
2025-03-20,86617.1189656095,84167.19531,0.01734613567062663,1138.8722387801247,2973597.7208554912,1724.4122827373653
2025-03-21,84351.57675940407,84043.24219,0.01734613567062663,1138.8722387801247,2973597.7208554912,1724.4122827373653
2025-03-22,84044.31783031978,83832.48438,0.01734613567062663,1138.8722387801247,2973597.7208554912,1724.4122827373653
2025-03-23,83919.81275246215,86054.375,0.01734613567062663,1138.8722387801247,2973597.7208554912,1724.4122827373653
2025-03-24,85863.95461035744,87498.91406,0.01734613567062663,1138.8722387801247,2973597.7208554912,1724.4122827373653
2025-03-25,87429.89635939874,87471.70313,0.01734613567062663,1138.8722387801247,2973597.7208554912,1724.4122827373653
2025-03-26,87491.95159682103,86900.88281,0.01734613567062663,1138.8722387801247,2973597.7208554912,1724.4122827373653
2025-03-27,86998.59058142138,87177.10156,0.01734613567062663,1138.8722387801247,2973597.7208554912,1724.4122827373653
2025-03-28,87197.85338814014,84353.14844,0.01734613567062663,1138.8722387801247,2973597.7208554912,1724.4122827373653
2025-03-29,84494.51779866096,82597.58594,0.01734613567062663,1138.8722387801247,2973597.7208554912,1724.4122827373653
2025-03-30,82660.43489469256,82334.52344,0.01734613567062663,1138.8722387801247,2973597.7208554912,1724.4122827373653
2025-03-31,82323.45261252538,82548.91406,0.01734613567062663,1138.8722387801247,2973597.7208554912,1724.4122827373653
2025-04-01,82452.64124465613,85169.17188,0.01734613567062663,1138.8722387801247,2973597.7208554912,1724.4122827373653
2025-04-02,84997.79383428818,82485.71094,0.01734613567062663,1138.8722387801247,2973597.7208554912,1724.4122827373653
2025-04-03,82630.07795713242,83102.82813,0.01734613567062663,1138.8722387801247,2973597.7208554912,1724.4122827373653
2025-04-04,83081.47699067295,83843.80469,0.01734613567062663,1138.8722387801247,2973597.7208554912,1724.4122827373653
2025-04-05,83851.85292498302,83504.79688,0.01734613567062663,1138.8722387801247,2973597.7208554912,1724.4122827373653
2025-04-06,83465.74037364485,78214.48438,0.01734613567062663,1138.8722387801247,2973597.7208554912,1724.4122827373653
2025-04-07,78507.09744176418,79235.33594,0.01734613567062663,1138.8722387801247,2973597.7208554912,1724.4122827373653
2025-04-08,79184.68275217856,76271.95313,0.01734613567062663,1138.8722387801247,2973597.7208554912,1724.4122827373653
2025-04-09,76387.54686484655,82573.95313,0.01734613567062663,1138.8722387801247,2973597.7208554912,1724.4122827373653
2025-04-10,82050.05986539838,79626.14063,0.01734613567062663,1138.8722387801247,2973597.7208554912,1724.4122827373653
2025-04-11,79898.65059924318,83404.83594,0.01734613567062663,1138.8722387801247,2973597.7208554912,1724.4122827373653
2025-04-12,83011.20674824082,85287.10938,0.01734613567062663,1138.8722387801247,2973597.7208554912,1724.4122827373653
2025-04-13,85402.1904436605,83684.97656,0.01734613567062663,1138.8722387801247,2973597.7208554912,1724.4122827373653
2025-04-14,83733.65506447526,84542.39063,0.01734613567062663,1138.8722387801247,2973597.7208554912,1724.4122827373653
2025-04-15,84568.4472360179,83668.99219,0.01734613567062663,1138.8722387801247,2973597.7208554912,1724.4122827373653
2025-04-16,83778.72908980757,84033.86719,0.01734613567062663,1138.8722387801247,2973597.7208554912,1724.4122827373653
2025-04-17,83961.51392425173,84895.75,0.01734613567062663,1138.8722387801247,2973597.7208554912,1724.4122827373653
2025-04-18,84865.85310097501,84450.80469,0.01734613567062663,1138.8722387801247,2973597.7208554912,1724.4122827373653
2025-04-19,84468.70107902748,85063.41406,0.01734613567062663,1138.8722387801247,2973597.7208554912,1724.4122827373653
2025-04-20,85029.36422449129,85174.30469,0.01734613567062663,1138.8722387801247,2973597.7208554912,1724.4122827373653
2025-04-21,85195.03252096537,87518.90625,0.01734613567062663,1138.8722387801247,2973597.7208554912,1724.4122827373653
2025-04-22,87362.90587948295,93441.89063,0.01734613567062663,1138.8722387801247,2973597.7208554912,1724.4122827373653
2025-04-23,93136.79491264753,93699.10938,0.01734613567062663,1138.8722387801247,2973597.7208554912,1724.4122827373653
2025-04-24,93772.04101480164,93943.79688,0.01734613567062663,1138.8722387801247,2973597.7208554912,1724.4122827373653
2025-04-25,94002.7117959915,94720.5,0.01734613567062663,1138.8722387801247,2973597.7208554912,1724.4122827373653
2025-04-26,94824.67449845752,94646.92969,0.01734613567062663,1138.8722387801247,2973597.7208554912,1724.4122827373653
2025-04-27,94669.07520655172,93754.84375,0.01734613567062663,1138.8722387801247,2973597.7208554912,1724.4122827373653
2025-04-28,93814.3353264288,94978.75,0.01734613567062663,1138.8722387801247,2973597.7208554912,1724.4122827373653
2025-04-29,94913.36701519269,94284.78906,0.01734613567062663,1138.8722387801247,2973597.7208554912,1724.4122827373653
2025-04-30,94337.6643125497,94207.3125,0.01734613567062663,1138.8722387801247,2973597.7208554912,1724.4122827373653
2025-05-01,94185.01483525602,96492.33594,0.01734613567062663,1138.8722387801247,2973597.7208554912,1724.4122827373653
2025-05-02,96382.90470220485,96910.07031,0.01734613567062663,1138.8722387801247,2973597.7208554912,1724.4122827373653
2025-05-03,96899.46224905577,95891.79688,0.01734613567062663,1138.8722387801247,2973597.7208554912,1724.4122827373653
2025-05-04,95964.37469515111,94315.97656,0.01734613567062663,1138.8722387801247,2973597.7208554912,1724.4122827373653
2025-05-05,94451.1220958368,94748.05469,0.01734613567062663,1138.8722387801247,2973597.7208554912,1724.4122827373653
2025-05-06,94709.86972470228,96802.47656,0.01734613567062663,1138.8722387801247,2973597.7208554912,1724.4122827373653
2025-05-07,96659.00908942643,97032.32031,0.01734613567062663,1138.8722387801247,2973597.7208554912,1724.4122827373653
2025-05-08,97006.00789447862,103241.4609,0.01734613567062663,1138.8722387801247,2973597.7208554912,1724.4122827373653
2025-05-09,102903.71780483007,102970.8516,0.01734613567062663,1138.8722387801247,2973597.7208554912,1724.4122827373653
2025-05-10,103125.5699879144,104696.3281,0.01734613567062663,1138.8722387801247,2973597.7208554912,1724.4122827373653
2025-05-11,104619.18436656451,104106.3594,0.01734613567062663,1138.8722387801247,2973597.7208554912,1724.4122827373653
2025-05-12,104309.7322434391,102812.9531,0.01734613567062663,1138.8722387801247,2973597.7208554912,1724.4122827373653
2025-05-13,102876.24636933158,104169.8125,0.01734613567062663,1138.8722387801247,2973597.7208554912,1724.4122827373653
2025-05-14,104102.90474535445,103539.4141,0.01734613567062663,1138.8722387801247,2973597.7208554912,1724.4122827373653
2025-05-15,103582.85373918524,103744.6406,0.01734613567062663,1138.8722387801247,2973597.7208554912,1724.4122827373653
2025-05-16,103700.51790251593,103489.2891,0.01734613567062663,1138.8722387801247,2973597.7208554912,1724.4122827373653
2025-05-17,103532.84172826681,103191.0859,0.01734613567062663,1138.8722387801247,2973597.7208554912,1724.4122827373653
2025-05-18,103192.13837995083,106446.0078,0.01734613567062663,1138.8722387801247,2973597.7208554912,1724.4122827373653
2025-05-19,106254.54205714495,105606.1797,0.01734613567062663,1138.8722387801247,2973597.7208554912,1724.4122827373653
2025-05-20,105704.02745439527,106791.0859,0.01734613567062663,1138.8722387801247,2973597.7208554912,1724.4122827373653
2025-05-21,106711.4397947423,109678.0781,0.01734613567062663,1138.8722387801247,2973597.7208554912,1724.4122827373653
2025-05-22,109588.53373064006,111673.2813,0.01734613567062663,1138.8722387801247,2973597.7208554912,1724.4122827373653
2025-05-23,111600.25485601873,107287.7969,0.01734613567062663,1138.8722387801247,2973597.7208554912,1724.4122827373653
2025-05-24,107612.31731356819,107791.1563,0.01734613567062663,1138.8722387801247,2973597.7208554912,1724.4122827373653
2025-05-25,107768.30337491883,109035.3906,0.01734613567062663,1138.8722387801247,2973597.7208554912,1724.4122827373653
2025-05-26,108993.60842597086,109440.3672,0.01734613567062663,1138.8722387801247,2973597.7208554912,1724.4122827373653
2025-05-27,109334.67632435371,108994.6406,0.01734613567062663,1138.8722387801247,2973597.7208554912,1724.4122827373653
2025-05-28,109043.18611546353,107802.3281,0.01734613567062663,1138.8722387801247,2973597.7208554912,1724.4122827373653
2025-05-29,107896.88537914903,105641.7578,0.01734613567062663,1138.8722387801247,2973597.7208554912,1724.4122827373653
2025-05-30,105758.89612542355,103998.5703,0.01734613567062663,1138.8722387801247,2973597.7208554912,1724.4122827373653
2025-05-31,104048.01145557739,104638.0938,0.01734613567062663,1138.8722387801247,2973597.7208554912,1724.4122827373653
2025-06-01,104544.86369623408,105652.1016,0.01734613567062663,1138.8722387801247,2973597.7208554912,1724.4122827373653
2025-06-02,105550.45920683333,105881.5313,0.01734613567062663,1138.8722387801247,2973597.7208554912,1724.4122827373653
2025-06-03,105847.9956071978,105432.4688,0.01734613567062663,1138.8722387801247,2973597.7208554912,1724.4122827373653
2025-06-04,105477.88672551728,104731.9844,0.01734613567062663,1138.8722387801247,2973597.7208554912,1724.4122827373653
2025-06-05,104788.7268869345,101575.9531,0.01734613567062663,1138.8722387801247,2973597.7208554912,1724.4122827373653
2025-06-06,101748.85742618408,104390.3438,0.01734613567062663,1138.8722387801247,2973597.7208554912,1724.4122827373653
2025-06-07,104173.91043717365,105615.625,0.01734613567062663,1138.8722387801247,2973597.7208554912,1724.4122827373653
2025-06-08,105558.19686805406,105793.6484,0.01734613567062663,1138.8722387801247,2973597.7208554912,1724.4122827373653
2025-06-09,105736.64502518161,110294.1016,0.01734613567062663,1138.8722387801247,2973597.7208554912,1724.4122827373653
2025-06-10,110093.2073439735,110257.2344,0.01734613567062663,1138.8722387801247,2973597.7208554912,1724.4122827373653
2025-06-11,110342.85159051172,108686.625,0.01734613567062663,1138.8722387801247,2973597.7208554912,1724.4122827373653
2025-06-12,108798.7581134314,105929.0547,0.01734613567062663,1138.8722387801247,2973597.7208554912,1724.4122827373653
2025-06-13,106141.58627330273,106090.9688,0.01734613567062663,1138.8722387801247,2973597.7208554912,1724.4122827373653
2025-06-14,106046.97311974458,105472.4063,0.01734613567062663,1138.8722387801247,2973597.7208554912,1724.4122827373653
2025-06-15,105478.54773466577,105552.0234,0.01734613567062663,1138.8722387801247,2973597.7208554912,1724.4122827373653
2025-06-16,105493.88270855337,106796.7578,0.01734613567062663,1138.8722387801247,2973597.7208554912,1724.4122827373653
2025-06-17,106729.54084799609,104601.1172,0.01734613567062663,1138.8722387801247,2973597.7208554912,1724.4122827373653
2025-06-18,104730.85054025314,104883.3281,0.01734613567062663,1138.8722387801247,2973597.7208554912,1724.4122827373653
2025-06-19,104844.5362001139,104684.2891,0.01734613567062663,1138.8722387801247,2973597.7208554912,1724.4122827373653
2025-06-20,104715.05147485273,103309.6016,0.01734613567062663,1138.8722387801247,2973597.7208554912,1724.4122827373653
2025-06-21,103351.91506610507,102257.4063,0.01734613567062663,1138.8722387801247,2973597.7208554912,1724.4122827373653
2025-06-22,102304.34415323335,100987.1406,0.01734613567062663,1138.8722387801247,2973597.7208554912,1724.4122827373653
2025-06-23,101038.74354417686,105577.7734,0.01734613567062663,1138.8722387801247,2973597.7208554912,1724.4122827373653
2025-06-24,105277.06928524163,106045.6328,0.01734613567062663,1138.8722387801247,2973597.7208554912,1724.4122827373653
2025-06-25,106052.46365481956,107361.2578,0.01734613567062663,1138.8722387801247,2973597.7208554912,1724.4122827373653
2025-06-26,107275.13906071735,106960.0,0.01734613567062663,1138.8722387801247,2973597.7208554912,1724.4122827373653
2025-06-27,107068.52532352826,107088.4297,0.01734613567062663,1138.8722387801247,2973597.7208554912,1724.4122827373653
2025-06-28,107083.31373170411,107327.7031,0.01734613567062663,1138.8722387801247,2973597.7208554912,1724.4122827373653
2025-06-29,107335.74509641944,108385.5703,0.01734613567062663,1138.8722387801247,2973597.7208554912,1724.4122827373653
2025-06-30,108322.54086088577,107135.3359,0.01734613567062663,1138.8722387801247,2973597.7208554912,1724.4122827373653
2025-07-01,107221.29929636316,105698.2813,0.01734613567062663,1138.8722387801247,2973597.7208554912,1724.4122827373653
2025-07-02,105767.95190322421,108859.3203,0.01734613567062663,1138.8722387801247,2973597.7208554912,1724.4122827373653
2025-07-03,108677.92536651234,109647.9766,0.01734613567062663,1138.8722387801247,2973597.7208554912,1724.4122827373653
2025-07-04,109616.44712168531,108034.3359,0.01734613567062663,1138.8722387801247,2973597.7208554912,1724.4122827373653
2025-07-05,108112.69574152681,108231.1797,0.01734613567062663,1138.8722387801247,2973597.7208554912,1724.4122827373653
2025-07-06,108257.49865811478,109232.0703,0.01734613567062663,1138.8722387801247,2973597.7208554912,1724.4122827373653
2025-07-07,109188.55611934312,108299.8516,0.01734613567062663,1138.8722387801247,2973597.7208554912,1724.4122827373653
2025-07-08,108335.10702390637,108950.2734,0.01734613567062663,1138.8722387801247,2973597.7208554912,1724.4122827373653
2025-07-09,108909.00210021285,111326.5547,0.01734613567062663,1138.8722387801247,2973597.7208554912,1724.4122827373653
2025-07-10,111211.6859673523,115987.2031,0.01734613567062663,1138.8722387801247,2973597.7208554912,1724.4122827373653
2025-07-11,115740.07777362278,117516.9922,0.01734613567062663,1138.8722387801247,2973597.7208554912,1724.4122827373653
2025-07-12,117501.27844907435,117435.2266,0.01734613567062663,1138.8722387801247,2973597.7208554912,1724.4122827373653
2025-07-13,117503.6923550023,119116.1172,0.01734613567062663,1138.8722387801247,2973597.7208554912,1724.4122827373653
2025-07-14,119118.70033517435,119849.7031,0.01734613567062663,1138.8722387801247,2973597.7208554912,1724.4122827373653
2025-07-15,119859.9159640317,117777.1875,0.01734613567062663,1138.8722387801247,2973597.7208554912,1724.4122827373653
2025-07-16,117898.03948313439,118738.5078,0.01734613567062663,1138.8722387801247,2973597.7208554912,1724.4122827373653
2025-07-17,118699.75267333335,119289.8438,0.01734613567062663,1138.8722387801247,2973597.7208554912,1724.4122827373653
2025-07-18,119276.70823459631,118003.2266,0.01734613567062663,1138.8722387801247,2973597.7208554912,1724.4122827373653
2025-07-19,118042.31651444669,117939.9766,0.01734613567062663,1138.8722387801247,2973597.7208554912,1724.4122827373653
2025-07-20,117950.90407399586,117300.7891,0.01734613567062663,1138.8722387801247,2973597.7208554912,1724.4122827373653
2025-07-21,117338.86637403461,117328.53,0.01734613567062663,1138.8722387801247,2973597.7208554912,1724.4122827373653
2025-07-22,117296.15653203569,117419.65,0.01734613567062663,1138.8722387801247,2973597.7208554912,1724.4122827373653
